Country,Air Quality Network,Air Quality Network Name,Air Quality Station EoI Code,Air Quality Station Name,Sampling Point Id,Air Pollutant,Air Pollutant Description,Data Aggregation Process Id,Data Aggregation Process,Year,Air Pollution Level,Unit Of Air Pollution Level,Data Coverage,Verification,Air Quality Station Type,Air Quality Station Area,Longitude,Latitude,Altitude,City,City Code,City Population,Source Of Data Flow,Calculation Time,Link to raw data (only E1a/validated data from AQ e-Reporting),Observation Frequency
"Italy","NET.IT112A","Regione Lazio","IT0825A","C.SO FRANCIA","SPO.IT0825A_8_chemi_1997-10-01_00:00:00","NO2","Nitrogen dioxide (air)","P1Y-3hAbove200","3 consecutive hours in exceedance of 200","2024","0.000","count","94.13","1","Traffic","Urban","12.4696","41.9474","35.0","Roma                                                                            ","IT001C1                                           ","2808293","E1a/validated data AQ e-Reporting","07/03/2026 22:58:33","https://eeadmz1batchservice02.blob.core.windows.net/airquality-p-e1a/IT/SPO.IT0825A_8_chemi_1997-10-01_00_00_00.parquet","hour"
"Italy","NET.IT112A","Regione Lazio","IT0953A","VILLA ADA","SPO.IT0953A_1_UV-FL_1997-01-01_00:00:00","SO2","Sulphur dioxide (air)","P1Y-daysAbove50","1 year day exceed 50","2024","0.000","count","93.44","1","Background","Urban","12.5069","41.9329","50.0","Roma                                                                            ","IT001C1                                           ","2808293","E1a/validated data AQ e-Reporting","07/03/2026 22:59:41","https://eeadmz1batchservice02.blob.core.windows.net/airquality-p-e1a/IT/SPO.IT0953A_1_UV-FL_1997-01-01_00_00_00.parquet","hour"
"Italy","NET.IT112A","Regione Lazio","IT0825A","C.SO FRANCIA","SPO.IT0825A_8_chemi_1997-10-01_00:00:00","NO2","Nitrogen dioxide (air)","P1Y-hr-per50","1 year 50 percentile","2024","33.124","ug/m3","94.13","1","Traffic","Urban","12.4696","41.9474","35.0","Roma                                                                            ","IT001C1                                           ","2808293","E1a/validated data AQ e-Reporting","07/03/2026 23:00:56","https://eeadmz1batchservice02.blob.core.windows.net/airquality-p-e1a/IT/SPO.IT0825A_8_chemi_1997-10-01_00_00_00.parquet","hour"
"Italy","NET.IT112A","Regione Lazio","IT0825A","C.SO FRANCIA","SPO.IT0825A_8_chemi_1997-10-01_00:00:00","NO2","Nitrogen dioxide (air)","P1Y-P1D-per99","1 year 99 percentile of daily means (P1D) or .../aq/primaryObservation/day","2024","47.564","ug/m3","98.36","1","Traffic","Urban","12.4696","41.9474","35.0","Roma                                                                            ","IT001C1                                           ","2808293","E1a/validated data AQ e-Reporting","07/03/2026 23:01:47","https://eeadmz1batchservice02.blob.core.windows.net/airquality-p-e1a/IT/SPO.IT0825A_8_chemi_1997-10-01_00_00_00.parquet","hour"
"Italy","NET.IT112A","Regione Lazio","IT0953A","VILLA ADA","SPO.IT0953A_431_other_1997-10-01_00:00:00","C6H5-C2H5","Ethyl benzene (air)","P1Y-hr-min","1 year hour min","2024","0.000","ug/m3","93.85","1","Background","Urban","12.5069","41.9329","50.0","Roma                                                                            ","IT001C1                                           ","2808293","E1a/validated data AQ e-Reporting","07/03/2026 23:00:48","https://eeadmz1batchservice02.blob.core.windows.net/airquality-p-e1a/IT/SPO.IT0953A_431_other_1997-10-01_00_00_00.parquet","hour"
"Italy","NET.IT112A","Regione Lazio","IT0953A","VILLA ADA","SPO.IT0953A_431_other_1997-10-01_00:00:00","C6H5-C2H5","Ethyl benzene (air)","P1Y-hr-per50","1 year 50 percentile","2024","0.000","ug/m3","93.85","1","Background","Urban","12.5069","41.9329","50.0","Roma                                                                            ","IT001C1                                           ","2808293","E1a/validated data AQ e-Reporting","07/03/2026 23:00:56","https://eeadmz1batchservice02.blob.core.windows.net/airquality-p-e1a/IT/SPO.IT0953A_431_other_1997-10-01_00_00_00.parquet","hour"
"Italy","NET.IT112A","Regione Lazio","IT0956A","CINECITTA","SPO.IT0956A_7_UV-P_2006-06-01_00:00:00","O3","Ozone (air)","P1Y","Annual mean / 1 calendar year","2024","41.454","ug/m3","95.65","1","Background","Urban","12.5687","41.8577","48.0","Roma                                                                            ","IT001C1                                           ","2808293","E1a/validated data AQ e-Reporting","07/03/2026 22:58:16","https://eeadmz1batchservice02.blob.core.windows.net/airquality-p-e1a/IT/SPO.IT0956A_7_UV-P_2006-06-01_00_00_00.parquet","hour"
"Italy","NET.IT112A","Regione Lazio","IT0953A","VILLA ADA","SPO.IT0953A_1_UV-FL_1997-01-01_00:00:00","SO2","Sulphur dioxide (air)","P1Y-day-per50","1 year 50 %ile of daily values in a year","2024","1.089","ug/m3","93.44","1","Background","Urban","12.5069","41.9329","50.0","Roma                                                                            ","IT001C1                                           ","2808293","E1a/validated data AQ e-Reporting","07/03/2026 22:59:18","https://eeadmz1batchservice02.blob.core.windows.net/airquality-p-e1a/IT/SPO.IT0953A_1_UV-FL_1997-01-01_00_00_00.parquet","hour"
"Italy","NET.IT112A","Regione Lazio","IT0956A","CINECITTA","SPO.IT0956A_7_UV-P_2006-06-01_00:00:00","O3","Ozone (air)","P1Y-hr-per50","1 year 50 percentile","2024","40.319","ug/m3","95.65","1","Background","Urban","12.5687","41.8577","48.0","Roma                                                                            ","IT001C1                                           ","2808293","E1a/validated data AQ e-Reporting","07/03/2026 23:00:56","https://eeadmz1batchservice02.blob.core.windows.net/airquality-p-e1a/IT/SPO.IT0956A_7_UV-P_2006-06-01_00_00_00.parquet","hour"
"Italy","NET.IT112A","Regione Lazio","IT1837A","FERMI","SPO.IT1837A_10_NDIR_2006-12-17_00:00:00","CO","Carbon monoxide (air)","P1Y-dx-max","1 year day max max","2024","2.982","mg/m3","98.36","1","Traffic","Urban","12.4696","41.8640","17.0","Roma                                                                            ","IT001C1                                           ","2808293","E1a/validated data AQ e-Reporting","07/03/2026 23:00:13","https://eeadmz1batchservice02.blob.core.windows.net/airquality-p-e1a/IT/SPO.IT1837A_10_NDIR_2006-12-17_00_00_00.parquet","hour"
"Italy","NET.IT112A","Regione Lazio","IT0956A","CINECITTA","SPO.IT0956A_7_UV-P_2006-06-01_00:00:00","O3","Ozone (air)","P3Y","3 subsequent calendar years mean","2024","46.275","ug/m3","96.21","1","Background","Urban","12.5687","41.8577","48.0","Roma                                                                            ","IT001C1                                           ","2808293","E1a/validated data AQ e-Reporting","07/03/2026 23:01:54","https://eeadmz1batchservice02.blob.core.windows.net/airquality-p-e1a/IT/SPO.IT0956A_7_UV-P_2006-06-01_00_00_00.parquet","hour"
"Italy","NET.IT112A","Regione Lazio","IT0825A","C.SO FRANCIA","SPO.IT0825A_9_chemi_1997-10-01_00:00:00","NOX as NO2","Nitrogen oxides (air)","P1Y-day-max","1 year day max","2024","206.039","ug/m3","98.36","1","Traffic","Urban","12.4696","41.9474","35.0","Roma                                                                            ","IT001C1                                           ","2808293","E1a/validated data AQ e-Reporting","07/03/2026 22:58:50","https://eeadmz1batchservice02.blob.core.windows.net/airquality-p-e1a/IT/SPO.IT0825A_9_chemi_1997-10-01_00_00_00.parquet","hour"
"Italy","NET.IT112A","Regione Lazio","IT1835A","BUFALOTTA","SPO.IT1835A_38_chemi_2019-03-18_00:00:00","NO","Nitrogen monoxide (air)","P1Y-day-max","1 year day max","2024","116.403","ug/m3","94.81","1","Background","Urban","12.5337","41.9477","36.0","Roma                                                                            ","IT001C1                                           ","2808293","E1a/validated data AQ e-Reporting","07/03/2026 22:58:50","https://eeadmz1batchservice02.blob.core.windows.net/airquality-p-e1a/IT/SPO.IT1835A_38_chemi_2019-03-18_00_00_00.parquet","hour"
"Italy","NET.IT112A","Regione Lazio","IT1835A","BUFALOTTA","SPO.IT1835A_7_UV-P_2006-12-06_00:00:00","O3","Ozone (air)","SOMO35","Sum of Ozone Means Over 35 ppb","2024","3755.198","ug/m3","95.90","1","Background","Urban","12.5337","41.9477","36.0","Roma                                                                            ","IT001C1                                           ","2808293","E1a/validated data AQ e-Reporting","07/03/2026 23:07:25","https://eeadmz1batchservice02.blob.core.windows.net/airquality-p-e1a/IT/SPO.IT1835A_7_UV-P_2006-12-06_00_00_00.parquet","hour"
"Italy","NET.IT112A","Regione Lazio","IT0953A","VILLA ADA","SPO.IT0953A_1_UV-FL_1997-01-01_00:00:00","SO2","Sulphur dioxide (air)","P1Y-hr-max-per99.73","1 year 99.73 %ile of hourly values in a given year","2024","6.461","ug/m3","91.42","1","Background","Urban","12.5069","41.9329","50.0","Roma                                                                            ","IT001C1                                           ","2808293","E1a/validated data AQ e-Reporting","07/03/2026 23:00:36","https://eeadmz1batchservice02.blob.core.windows.net/airquality-p-e1a/IT/SPO.IT0953A_1_UV-FL_1997-01-01_00_00_00.parquet","hour"
"Italy","NET.IT112A","Regione Lazio","IT0953A","VILLA ADA","SPO.IT0953A_1_UV-FL_1997-01-01_00:00:00","SO2","Sulphur dioxide (air)","P1Y-P1D-per99","1 year 99 percentile of daily means (P1D) or .../aq/primaryObservation/day","2024","5.362","ug/m3","93.44","1","Background","Urban","12.5069","41.9329","50.0","Roma                                                                            ","IT001C1                                           ","2808293","E1a/validated data AQ e-Reporting","07/03/2026 23:01:47","https://eeadmz1batchservice02.blob.core.windows.net/airquality-p-e1a/IT/SPO.IT0953A_1_UV-FL_1997-01-01_00_00_00.parquet","hour"
"Italy","NET.IT112A","Regione Lazio","IT1836A","CIPRO","SPO.IT1836A_7_UV-P_2006-12-17_00:00:00","O3","Ozone (air)","P1Y-dmax-per93.15","1 year 93.15 percentile daily 8h maximum","2024","76.675","ug/m3","98.63","1","Background","Urban","12.4476","41.9064","24.0","Roma                                                                            ","IT001C1                                           ","2808293","E1a/validated data AQ e-Reporting","07/03/2026 22:59:57","https://eeadmz1batchservice02.blob.core.windows.net/airquality-p-e1a/IT/SPO.IT1836A_7_UV-P_2006-12-17_00_00_00.parquet","hour"
"Italy","NET.IT112A","Regione Lazio","IT0953A","VILLA ADA","SPO.IT0953A_10_NDIR_1997-01-01_00:00:00","CO","Carbon monoxide (air)","P1Y-day-min","1 year day min","2024","0.447","mg/m3","93.72","1","Background","Urban","12.5069","41.9329","50.0","Roma                                                                            ","IT001C1                                           ","2808293","E1a/validated data AQ e-Reporting","07/03/2026 22:59:10","https://eeadmz1batchservice02.blob.core.windows.net/airquality-p-e1a/IT/SPO.IT0953A_10_NDIR_1997-01-01_00_00_00.parquet","hour"
"Italy","NET.IT112A","Regione Lazio","IT1836A","CIPRO","SPO.IT1836A_38_chemi_2006-12-17_00:00:00","NO","Nitrogen monoxide (air)","P1Y-hr-min","1 year hour min","2024","0.000","ug/m3","95.70","1","Background","Urban","12.4476","41.9064","24.0","Roma                                                                            ","IT001C1                                           ","2808293","E1a/validated data AQ e-Reporting","07/03/2026 23:00:48","https://eeadmz1batchservice02.blob.core.windows.net/airquality-p-e1a/IT/SPO.IT1836A_38_chemi_2006-12-17_00_00_00.parquet","hour"
"Italy","NET.IT112A","Regione Lazio","IT1836A","CIPRO","SPO.IT1836A_7_UV-P_2006-12-17_00:00:00","O3","Ozone (air)","P1Y-hrsAbove180","1 year hour exceed 180","2024","0.000","count","99.49","1","Background","Urban","12.4476","41.9064","24.0","Roma                                                                            ","IT001C1                                           ","2808293","E1a/validated data AQ e-Reporting","07/03/2026 23:01:07","https://eeadmz1batchservice02.blob.core.windows.net/airquality-p-e1a/IT/SPO.IT1836A_7_UV-P_2006-12-17_00_00_00.parquet","hour"
"Italy","NET.IT112A","Regione Lazio","IT1837A","FERMI","SPO.IT1837A_431_other_2006-12-17_00:00:00","C6H5-C2H5","Ethyl benzene (air)","P1Y-day-min","1 year day min","2024","0.000","ug/m3","98.09","1","Traffic","Urban","12.4696","41.8640","17.0","Roma                                                                            ","IT001C1                                           ","2808293","E1a/validated data AQ e-Reporting","07/03/2026 22:59:10","https://eeadmz1batchservice02.blob.core.windows.net/airquality-p-e1a/IT/SPO.IT1837A_431_other_2006-12-17_00_00_00.parquet","hour"
"Italy","NET.IT112A","Regione Lazio","IT1837A","FERMI","SPO.IT1837A_482_other_2006-12-17_00:00:00","o-C6H4-(CH3)2","o-Xylene (air)","P1Y-day-min","1 year day min","2024","0.000","ug/m3","98.09","1","Traffic","Urban","12.4696","41.8640","17.0","Roma                                                                            ","IT001C1                                           ","2808293","E1a/validated data AQ e-Reporting","07/03/2026 22:59:10","https://eeadmz1batchservice02.blob.core.windows.net/airquality-p-e1a/IT/SPO.IT1837A_482_other_2006-12-17_00_00_00.parquet","hour"
"Italy","NET.IT112A","Regione Lazio","IT1176A","L.GO PERESTRELLO","SPO.IT1176A_7_UV-P_1998-03-17_00:00:00","O3","Ozone (air)","AOT40cmeasured","AOT40c UNCORRECTED for data capture","2024","16942.241","ug/m3","99.91","1","Background","Urban","12.5416","41.8860","28.0","Roma                                                                            ","IT001C1                                           ","2808293","E1a/validated data AQ e-Reporting","07/03/2026 22:17:30","https://eeadmz1batchservice02.blob.core.windows.net/airquality-p-e1a/IT/SPO.IT1176A_7_UV-P_1998-03-17_00_00_00.parquet","hour"
"Italy","NET.IT112A","Regione Lazio","IT1176A","L.GO PERESTRELLO","SPO.IT1176A_7_UV-P_1998-03-17_00:00:00","O3","Ozone (air)","AOT40f","AOT40 for forest protection","2024","30433.502","ug/m3","99.64","1","Background","Urban","12.5416","41.8860","28.0","Roma                                                                            ","IT001C1                                           ","2808293","E1a/validated data AQ e-Reporting","07/03/2026 22:17:37","https://eeadmz1batchservice02.blob.core.windows.net/airquality-p-e1a/IT/SPO.IT1176A_7_UV-P_1998-03-17_00_00_00.parquet","hour"
"Italy","NET.IT112A","Regione Lazio","IT1176A","L.GO PERESTRELLO","SPO.IT1176A_7_UV-P_1998-03-17_00:00:00","O3","Ozone (air)","P1Y-hr-max","1 year hour max","2024","182.391","ug/m3","99.46","1","Background","Urban","12.5416","41.8860","28.0","Roma                                                                            ","IT001C1                                           ","2808293","E1a/validated data AQ e-Reporting","07/03/2026 23:00:20","https://eeadmz1batchservice02.blob.core.windows.net/airquality-p-e1a/IT/SPO.IT1176A_7_UV-P_1998-03-17_00_00_00.parquet","hour"
"Italy","NET.IT112A","Regione Lazio","IT1176A","L.GO PERESTRELLO","SPO.IT1176A_7_UV-P_1998-03-17_00:00:00","O3","Ozone (air)","P3Y-dmaxAbove120","Daymax exceed 120 averaged over 3 consecutive years","2024","20.333","count","100.00","1","Background","Urban","12.5416","41.8860","28.0","Roma                                                                            ","IT001C1                                           ","2808293","E1a/validated data AQ e-Reporting","07/03/2026 23:02:02","https://eeadmz1batchservice02.blob.core.windows.net/airquality-p-e1a/IT/SPO.IT1176A_7_UV-P_1998-03-17_00_00_00.parquet","hour"
"Italy","NET.IT112A","Regione Lazio","IT1176A","L.GO PERESTRELLO","SPO.IT1176A_7_UV-P_1998-03-17_00:00:00","O3","Ozone (air)","summer-avg","Summer mean","2024","64.194","ug/m3","99.82","1","Background","Urban","12.5416","41.8860","28.0","Roma                                                                            ","IT001C1                                           ","2808293","E1a/validated data AQ e-Reporting","07/03/2026 23:07:29","https://eeadmz1batchservice02.blob.core.windows.net/airquality-p-e1a/IT/SPO.IT1176A_7_UV-P_1998-03-17_00_00_00.parquet","hour"
"Italy","NET.IT112A","Regione Lazio","IT0828A","L.GO MAGNA GRECIA","SPO.IT0828A_38_chemi_1993-01-01_00:00:00","NO","Nitrogen monoxide (air)","P1Y-day-max","1 year day max","2024","99.741","ug/m3","94.81","1","Traffic","Urban","12.5090","41.8831","37.0","Roma                                                                            ","IT001C1                                           ","2808293","E1a/validated data AQ e-Reporting","07/03/2026 22:58:50","https://eeadmz1batchservice02.blob.core.windows.net/airquality-p-e1a/IT/SPO.IT0828A_38_chemi_1993-01-01_00_00_00.parquet","hour"
"Italy","NET.IT112A","Regione Lazio","IT1835A","BUFALOTTA","SPO.IT1835A_8_chemi_2019-03-18_00:00:00","NO2","Nitrogen dioxide (air)","P1Y-hrsAbove150","1 year hour exceed 150","2024","0.000","count","93.28","1","Background","Urban","12.5337","41.9477","36.0","Roma                                                                            ","IT001C1                                           ","2808293","E1a/validated data AQ e-Reporting","07/03/2026 23:01:03","https://eeadmz1batchservice02.blob.core.windows.net/airquality-p-e1a/IT/SPO.IT1835A_8_chemi_2019-03-18_00_00_00.parquet","hour"
"Italy","NET.IT112A","Regione Lazio","IT0953A","VILLA ADA","SPO.IT0953A_1_UV-FL_1997-01-01_00:00:00","SO2","Sulphur dioxide (air)","P1Y-3hAbove350","3 consecutive hours in exceedance of 350","2024","0.000","count","91.42","1","Background","Urban","12.5069","41.9329","50.0","Roma                                                                            ","IT001C1                                           ","2808293","E1a/validated data AQ e-Reporting","07/03/2026 22:58:36","https://eeadmz1batchservice02.blob.core.windows.net/airquality-p-e1a/IT/SPO.IT0953A_1_UV-FL_1997-01-01_00_00_00.parquet","hour"
"Italy","NET.IT112A","Regione Lazio","IT0953A","VILLA ADA","SPO.IT0953A_10_NDIR_1997-01-01_00:00:00","CO","Carbon monoxide (air)","P1Y-8hdmxAbove10","1 year daymax exceed 10","2024","0.000","count","93.72","1","Background","Urban","12.5069","41.9329","50.0","Roma                                                                            ","IT001C1                                           ","2808293","E1a/validated data AQ e-Reporting","07/03/2026 22:58:47","https://eeadmz1batchservice02.blob.core.windows.net/airquality-p-e1a/IT/SPO.IT0953A_10_NDIR_1997-01-01_00_00_00.parquet","hour"
"Italy","NET.IT112A","Regione Lazio","IT1836A","CIPRO","SPO.IT1836A_8_chemi_2006-12-17_00:00:00","NO2","Nitrogen dioxide (air)","P1Y-hrsAbove400","1 year hour exceed 400","2024","0.000","count","95.69","1","Background","Urban","12.4476","41.9064","24.0","Roma                                                                            ","IT001C1                                           ","2808293","E1a/validated data AQ e-Reporting","07/03/2026 23:01:25","https://eeadmz1batchservice02.blob.core.windows.net/airquality-p-e1a/IT/SPO.IT1836A_8_chemi_2006-12-17_00_00_00.parquet","hour"
"Italy","NET.IT112A","Regione Lazio","IT0953A","VILLA ADA","SPO.IT0953A_482_other_1997-10-01_00:00:00","o-C6H4-(CH3)2","o-Xylene (air)","P1Y-day-min","1 year day min","2024","0.000","ug/m3","92.90","1","Background","Urban","12.5069","41.9329","50.0","Roma                                                                            ","IT001C1                                           ","2808293","E1a/validated data AQ e-Reporting","07/03/2026 22:59:10","https://eeadmz1batchservice02.blob.core.windows.net/airquality-p-e1a/IT/SPO.IT0953A_482_other_1997-10-01_00_00_00.parquet","hour"
"Italy","NET.IT112A","Regione Lazio","IT0953A","VILLA ADA","SPO.IT0953A_482_other_1997-10-01_00:00:00","o-C6H4-(CH3)2","o-Xylene (air)","P1Y-hr-min","1 year hour min","2024","0.000","ug/m3","93.85","1","Background","Urban","12.5069","41.9329","50.0","Roma                                                                            ","IT001C1                                           ","2808293","E1a/validated data AQ e-Reporting","07/03/2026 23:00:48","https://eeadmz1batchservice02.blob.core.windows.net/airquality-p-e1a/IT/SPO.IT0953A_482_other_1997-10-01_00_00_00.parquet","hour"
"Italy","NET.IT112A","Regione Lazio","IT1176A","L.GO PERESTRELLO","SPO.IT1176A_7_UV-P_1998-03-17_00:00:00","O3","Ozone (air)","P1Y-day-per50","1 year 50 %ile of daily values in a year","2024","49.156","ug/m3","99.18","1","Background","Urban","12.5416","41.8860","28.0","Roma                                                                            ","IT001C1                                           ","2808293","E1a/validated data AQ e-Reporting","07/03/2026 22:59:18","https://eeadmz1batchservice02.blob.core.windows.net/airquality-p-e1a/IT/SPO.IT1176A_7_UV-P_1998-03-17_00_00_00.parquet","hour"
"Italy","NET.IT112A","Regione Lazio","IT1176A","L.GO PERESTRELLO","SPO.IT1176A_7_UV-P_1998-03-17_00:00:00","O3","Ozone (air)","P1Y-dmaxAbove100","1 year daymax exceed 100","2024","67.000","count","98.91","1","Background","Urban","12.5416","41.8860","28.0","Roma                                                                            ","IT001C1                                           ","2808293","E1a/validated data AQ e-Reporting","07/03/2026 22:59:50","https://eeadmz1batchservice02.blob.core.windows.net/airquality-p-e1a/IT/SPO.IT1176A_7_UV-P_1998-03-17_00_00_00.parquet","hour"
"Italy","NET.IT112A","Regione Lazio","IT1176A","L.GO PERESTRELLO","SPO.IT1176A_7_UV-P_1998-03-17_00:00:00","O3","Ozone (air)","P1Y-maxP6M-P8H-dmax","Yearly highest six monthly average of daily maximum 8-hour mean concentration","2024","97.838","ug/m3","100.00","1","Background","Urban","12.5416","41.8860","28.0","Roma                                                                            ","IT001C1                                           ","2808293","E1a/validated data AQ e-Reporting","07/03/2026 23:01:29","https://eeadmz1batchservice02.blob.core.windows.net/airquality-p-e1a/IT/SPO.IT1176A_7_UV-P_1998-03-17_00_00_00.parquet","hour"
"Italy","NET.IT112A","Regione Lazio","IT1176A","L.GO PERESTRELLO","SPO.IT1176A_8_chemi_1998-03-17_00:00:00","NO2","Nitrogen dioxide (air)","P1Y-day-per50","1 year 50 %ile of daily values in a year","2024","22.750","ug/m3","99.45","1","Background","Urban","12.5416","41.8860","28.0","Roma                                                                            ","IT001C1                                           ","2808293","E1a/validated data AQ e-Reporting","07/03/2026 22:59:18","https://eeadmz1batchservice02.blob.core.windows.net/airquality-p-e1a/IT/SPO.IT1176A_8_chemi_1998-03-17_00_00_00.parquet","hour"
"Italy","NET.IT112A","Regione Lazio","IT1176A","L.GO PERESTRELLO","SPO.IT1176A_9_chemi_1998-03-17_00:00:00","NOX as NO2","Nitrogen oxides (air)","P1Y-hr-max","1 year hour max","2024","870.012","ug/m3","95.42","1","Background","Urban","12.5416","41.8860","28.0","Roma                                                                            ","IT001C1                                           ","2808293","E1a/validated data AQ e-Reporting","07/03/2026 23:00:20","https://eeadmz1batchservice02.blob.core.windows.net/airquality-p-e1a/IT/SPO.IT1176A_9_chemi_1998-03-17_00_00_00.parquet","hour"
"Italy","NET.IT112A","Regione Lazio","IT1176A","L.GO PERESTRELLO","SPO.IT1176A_9_chemi_1998-03-17_00:00:00","NOX as NO2","Nitrogen oxides (air)","P3Y","3 subsequent calendar years mean","2024","48.041","ug/m3","94.33","1","Background","Urban","12.5416","41.8860","28.0","Roma                                                                            ","IT001C1                                           ","2808293","E1a/validated data AQ e-Reporting","07/03/2026 23:01:54","https://eeadmz1batchservice02.blob.core.windows.net/airquality-p-e1a/IT/SPO.IT1176A_9_chemi_1998-03-17_00_00_00.parquet","hour"
"Italy","NET.IT112A","Regione Lazio","IT0825A","C.SO FRANCIA","SPO.IT0825A_482_other_2006-07-26_00:00:00","o-C6H4-(CH3)2","o-Xylene (air)","P1Y-hr-per50","1 year 50 percentile","2024","0.406","ug/m3","92.76","1","Traffic","Urban","12.4696","41.9474","35.0","Roma                                                                            ","IT001C1                                           ","2808293","E1a/validated data AQ e-Reporting","07/03/2026 23:00:56","https://eeadmz1batchservice02.blob.core.windows.net/airquality-p-e1a/IT/SPO.IT0825A_482_other_2006-07-26_00_00_00.parquet","hour"
"Italy","NET.IT112A","Regione Lazio","IT0825A","C.SO FRANCIA","SPO.IT0825A_8_chemi_1997-10-01_00:00:00","NO2","Nitrogen dioxide (air)","P1Y-hrsAbove200","1 year hour exceed 200","2024","0.000","count","94.13","1","Traffic","Urban","12.4696","41.9474","35.0","Roma                                                                            ","IT001C1                                           ","2808293","E1a/validated data AQ e-Reporting","07/03/2026 23:01:10","https://eeadmz1batchservice02.blob.core.windows.net/airquality-p-e1a/IT/SPO.IT0825A_8_chemi_1997-10-01_00_00_00.parquet","hour"
"Italy","NET.IT112A","Regione Lazio","IT0828A","L.GO MAGNA GRECIA","SPO.IT0828A_8_chemi_1993-01-01_00:00:00","NO2","Nitrogen dioxide (air)","P1Y-3hAbove200","3 consecutive hours in exceedance of 200","2024","0.000","count","91.77","1","Traffic","Urban","12.5090","41.8831","37.0","Roma                                                                            ","IT001C1                                           ","2808293","E1a/validated data AQ e-Reporting","07/03/2026 22:58:33","https://eeadmz1batchservice02.blob.core.windows.net/airquality-p-e1a/IT/SPO.IT0828A_8_chemi_1993-01-01_00_00_00.parquet","hour"
"Italy","NET.IT112A","Regione Lazio","IT0953A","VILLA ADA","SPO.IT0953A_1_UV-FL_1997-01-01_00:00:00","SO2","Sulphur dioxide (air)","P1Y-hrsAbove350","1 year hour exceed 350","2024","0.000","count","91.42","1","Background","Urban","12.5069","41.9329","50.0","Roma                                                                            ","IT001C1                                           ","2808293","E1a/validated data AQ e-Reporting","07/03/2026 23:01:22","https://eeadmz1batchservice02.blob.core.windows.net/airquality-p-e1a/IT/SPO.IT0953A_1_UV-FL_1997-01-01_00_00_00.parquet","hour"
"Italy","NET.IT112A","Regione Lazio","IT0953A","VILLA ADA","SPO.IT0953A_20_GC-FID_1997-10-01_00:00:00","C6H6","Benzene (air)","P1Y-day-min","1 year day min","2024","0.018","ug/m3","92.62","1","Background","Urban","12.5069","41.9329","50.0","Roma                                                                            ","IT001C1                                           ","2808293","E1a/validated data AQ e-Reporting","07/03/2026 22:59:10","https://eeadmz1batchservice02.blob.core.windows.net/airquality-p-e1a/IT/SPO.IT0953A_20_GC-FID_1997-10-01_00_00_00.parquet","hour"
"Italy","NET.IT112A","Regione Lazio","IT0953A","VILLA ADA","SPO.IT0953A_21_GC-FID_1997-10-01_00:00:00","C6H5-CH3","Toluene (air)","P1Y-day-min","1 year day min","2024","0.089","ug/m3","92.90","1","Background","Urban","12.5069","41.9329","50.0","Roma                                                                            ","IT001C1                                           ","2808293","E1a/validated data AQ e-Reporting","07/03/2026 22:59:10","https://eeadmz1batchservice02.blob.core.windows.net/airquality-p-e1a/IT/SPO.IT0953A_21_GC-FID_1997-10-01_00_00_00.parquet","hour"
"Italy","NET.IT112A","Regione Lazio","IT0953A","VILLA ADA","SPO.IT0953A_10_NDIR_1997-01-01_00:00:00","CO","Carbon monoxide (air)","P1Y-P1D-per99","1 year 99 percentile of daily means (P1D) or .../aq/primaryObservation/day","2024","1.866","mg/m3","93.72","1","Background","Urban","12.5069","41.9329","50.0","Roma                                                                            ","IT001C1                                           ","2808293","E1a/validated data AQ e-Reporting","07/03/2026 23:01:47","https://eeadmz1batchservice02.blob.core.windows.net/airquality-p-e1a/IT/SPO.IT0953A_10_NDIR_1997-01-01_00_00_00.parquet","hour"
"Italy","NET.IT112A","Regione Lazio","IT0953A","VILLA ADA","SPO.IT0953A_38_chemi_1997-01-01_00:00:00","NO","Nitrogen monoxide (air)","P1Y-day-per50","1 year 50 %ile of daily values in a year","2024","3.001","ug/m3","92.35","1","Background","Urban","12.5069","41.9329","50.0","Roma                                                                            ","IT001C1                                           ","2808293","E1a/validated data AQ e-Reporting","07/03/2026 22:59:18","https://eeadmz1batchservice02.blob.core.windows.net/airquality-p-e1a/IT/SPO.IT0953A_38_chemi_1997-01-01_00_00_00.parquet","hour"
"Italy","NET.IT112A","Regione Lazio","IT0953A","VILLA ADA","SPO.IT0953A_464_other_1997-10-01_00:00:00","m,p-C6H4(CH3)2","m,p-Xylene (air)","P1Y-hr-max","1 year hour max","2024","123.194","ug/m3","93.85","1","Background","Urban","12.5069","41.9329","50.0","Roma                                                                            ","IT001C1                                           ","2808293","E1a/validated data AQ e-Reporting","07/03/2026 23:00:20","https://eeadmz1batchservice02.blob.core.windows.net/airquality-p-e1a/IT/SPO.IT0953A_464_other_1997-10-01_00_00_00.parquet","hour"
"Italy","NET.IT112A","Regione Lazio","IT1836A","CIPRO","SPO.IT1836A_9_chemi_2006-12-17_00:00:00","NOX as NO2","Nitrogen oxides (air)","P1Y-day-min","1 year day min","2024","10.610","ug/m3","99.73","1","Background","Urban","12.4476","41.9064","24.0","Roma                                                                            ","IT001C1                                           ","2808293","E1a/validated data AQ e-Reporting","07/03/2026 22:59:10","https://eeadmz1batchservice02.blob.core.windows.net/airquality-p-e1a/IT/SPO.IT1836A_9_chemi_2006-12-17_00_00_00.parquet","hour"
"Italy","NET.IT112A","Regione Lazio","IT1837A","FERMI","SPO.IT1837A_10_NDIR_2006-12-17_00:00:00","CO","Carbon monoxide (air)","P1Y-hr-min","1 year hour min","2024","0.130","mg/m3","99.39","1","Traffic","Urban","12.4696","41.8640","17.0","Roma                                                                            ","IT001C1                                           ","2808293","E1a/validated data AQ e-Reporting","07/03/2026 23:00:48","https://eeadmz1batchservice02.blob.core.windows.net/airquality-p-e1a/IT/SPO.IT1837A_10_NDIR_2006-12-17_00_00_00.parquet","hour"
"Italy","NET.IT112A","Regione Lazio","IT1837A","FERMI","SPO.IT1837A_10_NDIR_2006-12-17_00:00:00","CO","Carbon monoxide (air)","P1Y-hr-per50","1 year 50 percentile","2024","0.702","mg/m3","99.39","1","Traffic","Urban","12.4696","41.8640","17.0","Roma                                                                            ","IT001C1                                           ","2808293","E1a/validated data AQ e-Reporting","07/03/2026 23:00:56","https://eeadmz1batchservice02.blob.core.windows.net/airquality-p-e1a/IT/SPO.IT1837A_10_NDIR_2006-12-17_00_00_00.parquet","hour"
"Italy","NET.IT112A","Regione Lazio","IT0956A","CINECITTA","SPO.IT0956A_7_UV-P_2006-06-01_00:00:00","O3","Ozone (air)","SOMO10","Sum of Ozone Means Over 10 ppb","2024","17164.223","ug/m3","93.17","1","Background","Urban","12.5687","41.8577","48.0","Roma                                                                            ","IT001C1                                           ","2808293","E1a/validated data AQ e-Reporting","07/03/2026 23:07:21","https://eeadmz1batchservice02.blob.core.windows.net/airquality-p-e1a/IT/SPO.IT0956A_7_UV-P_2006-06-01_00_00_00.parquet","hour"
"Italy","NET.IT112A","Regione Lazio","IT0828A","L.GO MAGNA GRECIA","SPO.IT0828A_38_chemi_1993-01-01_00:00:00","NO","Nitrogen monoxide (air)","P1Y","Annual mean / 1 calendar year","2024","17.312","ug/m3","91.72","1","Traffic","Urban","12.5090","41.8831","37.0","Roma                                                                            ","IT001C1                                           ","2808293","E1a/validated data AQ e-Reporting","07/03/2026 22:58:16","https://eeadmz1batchservice02.blob.core.windows.net/airquality-p-e1a/IT/SPO.IT0828A_38_chemi_1993-01-01_00_00_00.parquet","hour"
"Italy","NET.IT112A","Regione Lazio","IT1906A","ARENULA","SPO.IT1906A_7_UV-P_2009-11-29_00:00:00","O3","Ozone (air)","P1Y-hr-per50","1 year 50 percentile","2024","33.454","ug/m3","98.01","1","Background","Urban","12.4754","41.8940","17.0","Roma                                                                            ","IT001C1                                           ","2808293","E1a/validated data AQ e-Reporting","07/03/2026 23:00:56","https://eeadmz1batchservice02.blob.core.windows.net/airquality-p-e1a/IT/SPO.IT1906A_7_UV-P_2009-11-29_00_00_00.parquet","hour"
"Italy","NET.IT112A","Regione Lazio","IT1906A","ARENULA","SPO.IT1906A_7_UV-P_2009-11-29_00:00:00","O3","Ozone (air)","P1Y-maxP6M-P8H-dmax","Yearly highest six monthly average of daily maximum 8-hour mean concentration","2024","60.662","ug/m3","100.00","1","Background","Urban","12.4754","41.8940","17.0","Roma                                                                            ","IT001C1                                           ","2808293","E1a/validated data AQ e-Reporting","07/03/2026 23:01:29","https://eeadmz1batchservice02.blob.core.windows.net/airquality-p-e1a/IT/SPO.IT1906A_7_UV-P_2009-11-29_00_00_00.parquet","hour"
"Italy","NET.IT112A","Regione Lazio","IT1906A","ARENULA","SPO.IT1906A_7_UV-P_2009-11-29_00:00:00","O3","Ozone (air)","P3Y","3 subsequent calendar years mean","2024","34.668","ug/m3","98.56","1","Background","Urban","12.4754","41.8940","17.0","Roma                                                                            ","IT001C1                                           ","2808293","E1a/validated data AQ e-Reporting","07/03/2026 23:01:54","https://eeadmz1batchservice02.blob.core.windows.net/airquality-p-e1a/IT/SPO.IT1906A_7_UV-P_2009-11-29_00_00_00.parquet","hour"
"Italy","NET.IT112A","Regione Lazio","IT0953A","VILLA ADA","SPO.IT0953A_1_UV-FL_1997-01-01_00:00:00","SO2","Sulphur dioxide (air)","P1Y-hr-max-per99.97","1 year 99.97 %ile of hourly values in a given year","2024","27.363","ug/m3","91.42","1","Background","Urban","12.5069","41.9329","50.0","Roma                                                                            ","IT001C1                                           ","2808293","E1a/validated data AQ e-Reporting","07/03/2026 23:00:44","https://eeadmz1batchservice02.blob.core.windows.net/airquality-p-e1a/IT/SPO.IT0953A_1_UV-FL_1997-01-01_00_00_00.parquet","hour"
"Italy","NET.IT112A","Regione Lazio","IT0825A","C.SO FRANCIA","SPO.IT0825A_464_other_2006-07-26_00:00:00","m,p-C6H4(CH3)2","m,p-Xylene (air)","P1Y-hr-per50","1 year 50 percentile","2024","1.920","ug/m3","92.76","1","Traffic","Urban","12.4696","41.9474","35.0","Roma                                                                            ","IT001C1                                           ","2808293","E1a/validated data AQ e-Reporting","07/03/2026 23:00:56","https://eeadmz1batchservice02.blob.core.windows.net/airquality-p-e1a/IT/SPO.IT0825A_464_other_2006-07-26_00_00_00.parquet","hour"
"Italy","NET.IT112A","Regione Lazio","IT0825A","C.SO FRANCIA","SPO.IT0825A_482_other_2006-07-26_00:00:00","o-C6H4-(CH3)2","o-Xylene (air)","P1Y-day-max","1 year day max","2024","2.526","ug/m3","96.17","1","Traffic","Urban","12.4696","41.9474","35.0","Roma                                                                            ","IT001C1                                           ","2808293","E1a/validated data AQ e-Reporting","07/03/2026 22:58:50","https://eeadmz1batchservice02.blob.core.windows.net/airquality-p-e1a/IT/SPO.IT0825A_482_other_2006-07-26_00_00_00.parquet","hour"
"Italy","NET.IT112A","Regione Lazio","IT0825A","C.SO FRANCIA","SPO.IT0825A_482_other_2006-07-26_00:00:00","o-C6H4-(CH3)2","o-Xylene (air)","P1Y-hr-max","1 year hour max","2024","27.817","ug/m3","92.76","1","Traffic","Urban","12.4696","41.9474","35.0","Roma                                                                            ","IT001C1                                           ","2808293","E1a/validated data AQ e-Reporting","07/03/2026 23:00:20","https://eeadmz1batchservice02.blob.core.windows.net/airquality-p-e1a/IT/SPO.IT0825A_482_other_2006-07-26_00_00_00.parquet","hour"
"Italy","NET.IT112A","Regione Lazio","IT0825A","C.SO FRANCIA","SPO.IT0825A_8_chemi_1997-10-01_00:00:00","NO2","Nitrogen dioxide (air)","P1Y","Annual mean / 1 calendar year","2024","33.824","ug/m3","94.13","1","Traffic","Urban","12.4696","41.9474","35.0","Roma                                                                            ","IT001C1                                           ","2808293","E1a/validated data AQ e-Reporting","07/03/2026 22:58:16","https://eeadmz1batchservice02.blob.core.windows.net/airquality-p-e1a/IT/SPO.IT0825A_8_chemi_1997-10-01_00_00_00.parquet","hour"
"Italy","NET.IT112A","Regione Lazio","IT0825A","C.SO FRANCIA","SPO.IT0825A_8_chemi_1997-10-01_00:00:00","NO2","Nitrogen dioxide (air)","P1Y-3hAbove400","3 consecutive hours in exceedance of 400","2024","0.000","count","94.13","1","Traffic","Urban","12.4696","41.9474","35.0","Roma                                                                            ","IT001C1                                           ","2808293","E1a/validated data AQ e-Reporting","07/03/2026 22:58:40","https://eeadmz1batchservice02.blob.core.windows.net/airquality-p-e1a/IT/SPO.IT0825A_8_chemi_1997-10-01_00_00_00.parquet","hour"
"Italy","NET.IT112A","Regione Lazio","IT0953A","VILLA ADA","SPO.IT0953A_1_UV-FL_1997-01-01_00:00:00","SO2","Sulphur dioxide (air)","P1Y-day-max","1 year day max","2024","12.197","ug/m3","93.44","1","Background","Urban","12.5069","41.9329","50.0","Roma                                                                            ","IT001C1                                           ","2808293","E1a/validated data AQ e-Reporting","07/03/2026 22:58:50","https://eeadmz1batchservice02.blob.core.windows.net/airquality-p-e1a/IT/SPO.IT0953A_1_UV-FL_1997-01-01_00_00_00.parquet","hour"
"Italy","NET.IT112A","Regione Lazio","IT1837A","FERMI","SPO.IT1837A_8_chemi_2006-12-17_00:00:00","NO2","Nitrogen dioxide (air)","P1Y-hr-max-per99.79","1 year 99.79 %ile of hourly values in a given year","2024","116.890","ug/m3","95.06","1","Traffic","Urban","12.4696","41.8640","17.0","Roma                                                                            ","IT001C1                                           ","2808293","E1a/validated data AQ e-Reporting","07/03/2026 23:00:40","https://eeadmz1batchservice02.blob.core.windows.net/airquality-p-e1a/IT/SPO.IT1837A_8_chemi_2006-12-17_00_00_00.parquet","hour"
"Italy","NET.IT112A","Regione Lazio","IT1906A","ARENULA","SPO.IT1906A_8_chemi_2008-02-03_00:00:00","NO2","Nitrogen dioxide (air)","P1Y","Annual mean / 1 calendar year","2024","29.851","ug/m3","95.39","1","Background","Urban","12.4754","41.8940","17.0","Roma                                                                            ","IT001C1                                           ","2808293","E1a/validated data AQ e-Reporting","07/03/2026 22:58:16","https://eeadmz1batchservice02.blob.core.windows.net/airquality-p-e1a/IT/SPO.IT1906A_8_chemi_2008-02-03_00_00_00.parquet","hour"
"Italy","NET.IT112A","Regione Lazio","IT1906A","ARENULA","SPO.IT1906A_8_chemi_2008-02-03_00:00:00","NO2","Nitrogen dioxide (air)","P1Y-3hAbove200","3 consecutive hours in exceedance of 200","2024","0.000","count","95.39","1","Background","Urban","12.4754","41.8940","17.0","Roma                                                                            ","IT001C1                                           ","2808293","E1a/validated data AQ e-Reporting","07/03/2026 22:58:33","https://eeadmz1batchservice02.blob.core.windows.net/airquality-p-e1a/IT/SPO.IT1906A_8_chemi_2008-02-03_00_00_00.parquet","hour"
"Italy","NET.IT112A","Regione Lazio","IT1906A","ARENULA","SPO.IT1906A_8_chemi_2008-02-03_00:00:00","NO2","Nitrogen dioxide (air)","P1Y-day-min","1 year day min","2024","9.863","ug/m3","99.45","1","Background","Urban","12.4754","41.8940","17.0","Roma                                                                            ","IT001C1                                           ","2808293","E1a/validated data AQ e-Reporting","07/03/2026 22:59:10","https://eeadmz1batchservice02.blob.core.windows.net/airquality-p-e1a/IT/SPO.IT1906A_8_chemi_2008-02-03_00_00_00.parquet","hour"
"Italy","NET.IT112A","Regione Lazio","IT1906A","ARENULA","SPO.IT1906A_8_chemi_2008-02-03_00:00:00","NO2","Nitrogen dioxide (air)","P1Y-day-per50","1 year 50 %ile of daily values in a year","2024","27.588","ug/m3","99.45","1","Background","Urban","12.4754","41.8940","17.0","Roma                                                                            ","IT001C1                                           ","2808293","E1a/validated data AQ e-Reporting","07/03/2026 22:59:18","https://eeadmz1batchservice02.blob.core.windows.net/airquality-p-e1a/IT/SPO.IT1906A_8_chemi_2008-02-03_00_00_00.parquet","hour"
"Italy","NET.IT112A","Regione Lazio","IT1906A","ARENULA","SPO.IT1906A_8_chemi_2008-02-03_00:00:00","NO2","Nitrogen dioxide (air)","P1Y-hr-max-per99.97","1 year 99.97 %ile of hourly values in a given year","2024","110.510","ug/m3","95.39","1","Background","Urban","12.4754","41.8940","17.0","Roma                                                                            ","IT001C1                                           ","2808293","E1a/validated data AQ e-Reporting","07/03/2026 23:00:44","https://eeadmz1batchservice02.blob.core.windows.net/airquality-p-e1a/IT/SPO.IT1906A_8_chemi_2008-02-03_00_00_00.parquet","hour"
"Italy","NET.IT112A","Regione Lazio","IT1834A","TIBURTINA","SPO.IT1834A_38_chemi_2006-12-06_00:00:00","NO","Nitrogen monoxide (air)","P1Y","Annual mean / 1 calendar year","2024","24.017","ug/m3","95.21","1","Traffic","Urban","12.5489","41.9103","26.0","Roma                                                                            ","IT001C1                                           ","2808293","E1a/validated data AQ e-Reporting","07/03/2026 22:58:16","https://eeadmz1batchservice02.blob.core.windows.net/airquality-p-e1a/IT/SPO.IT1834A_38_chemi_2006-12-06_00_00_00.parquet","hour"
"Italy","NET.IT112A","Regione Lazio","IT1834A","TIBURTINA","SPO.IT1834A_8_chemi_2006-12-06_00:00:00","NO2","Nitrogen dioxide (air)","P1Y-hr-max19","1 year hour max19","2024","108.277","ug/m3","95.22","1","Traffic","Urban","12.5489","41.9103","26.0","Roma                                                                            ","IT001C1                                           ","2808293","E1a/validated data AQ e-Reporting","07/03/2026 23:00:28","https://eeadmz1batchservice02.blob.core.windows.net/airquality-p-e1a/IT/SPO.IT1834A_8_chemi_2006-12-06_00_00_00.parquet","hour"
"Italy","NET.IT112A","Regione Lazio","IT0825A","C.SO FRANCIA","SPO.IT0825A_38_chemi_1997-10-01_00:00:00","NO","Nitrogen monoxide (air)","P1Y","Annual mean / 1 calendar year","2024","26.447","ug/m3","94.38","1","Traffic","Urban","12.4696","41.9474","35.0","Roma                                                                            ","IT001C1                                           ","2808293","E1a/validated data AQ e-Reporting","07/03/2026 22:58:16","https://eeadmz1batchservice02.blob.core.windows.net/airquality-p-e1a/IT/SPO.IT0825A_38_chemi_1997-10-01_00_00_00.parquet","hour"
"Italy","NET.IT112A","Regione Lazio","IT0825A","C.SO FRANCIA","SPO.IT0825A_8_chemi_1997-10-01_00:00:00","NO2","Nitrogen dioxide (air)","P1Y-hr-max-per99.79","1 year 99.79 %ile of hourly values in a given year","2024","72.129","ug/m3","94.13","1","Traffic","Urban","12.4696","41.9474","35.0","Roma                                                                            ","IT001C1                                           ","2808293","E1a/validated data AQ e-Reporting","07/03/2026 23:00:40","https://eeadmz1batchservice02.blob.core.windows.net/airquality-p-e1a/IT/SPO.IT0825A_8_chemi_1997-10-01_00_00_00.parquet","hour"
"Italy","NET.IT112A","Regione Lazio","IT0825A","C.SO FRANCIA","SPO.IT0825A_8_chemi_1997-10-01_00:00:00","NO2","Nitrogen dioxide (air)","P1Y-hr-max-per99.97","1 year 99.97 %ile of hourly values in a given year","2024","83.714","ug/m3","94.13","1","Traffic","Urban","12.4696","41.9474","35.0","Roma                                                                            ","IT001C1                                           ","2808293","E1a/validated data AQ e-Reporting","07/03/2026 23:00:44","https://eeadmz1batchservice02.blob.core.windows.net/airquality-p-e1a/IT/SPO.IT0825A_8_chemi_1997-10-01_00_00_00.parquet","hour"
"Italy","NET.IT112A","Regione Lazio","IT0825A","C.SO FRANCIA","SPO.IT0825A_8_chemi_1997-10-01_00:00:00","NO2","Nitrogen dioxide (air)","P1Y-hr-min","1 year hour min","2024","1.567","ug/m3","94.13","1","Traffic","Urban","12.4696","41.9474","35.0","Roma                                                                            ","IT001C1                                           ","2808293","E1a/validated data AQ e-Reporting","07/03/2026 23:00:48","https://eeadmz1batchservice02.blob.core.windows.net/airquality-p-e1a/IT/SPO.IT0825A_8_chemi_1997-10-01_00_00_00.parquet","hour"
"Italy","NET.IT112A","Regione Lazio","IT0825A","C.SO FRANCIA","SPO.IT0825A_9_chemi_1997-10-01_00:00:00","NOX as NO2","Nitrogen oxides (air)","P1Y-hr-min","1 year hour min","2024","3.701","ug/m3","94.57","1","Traffic","Urban","12.4696","41.9474","35.0","Roma                                                                            ","IT001C1                                           ","2808293","E1a/validated data AQ e-Reporting","07/03/2026 23:00:48","https://eeadmz1batchservice02.blob.core.windows.net/airquality-p-e1a/IT/SPO.IT0825A_9_chemi_1997-10-01_00_00_00.parquet","hour"
"Italy","NET.IT112A","Regione Lazio","IT0828A","L.GO MAGNA GRECIA","SPO.IT0828A_38_chemi_1993-01-01_00:00:00","NO","Nitrogen monoxide (air)","P1Y-day-per50","1 year 50 %ile of daily values in a year","2024","12.326","ug/m3","94.81","1","Traffic","Urban","12.5090","41.8831","37.0","Roma                                                                            ","IT001C1                                           ","2808293","E1a/validated data AQ e-Reporting","07/03/2026 22:59:18","https://eeadmz1batchservice02.blob.core.windows.net/airquality-p-e1a/IT/SPO.IT0828A_38_chemi_1993-01-01_00_00_00.parquet","hour"
"Italy","NET.IT112A","Regione Lazio","IT0828A","L.GO MAGNA GRECIA","SPO.IT0828A_38_chemi_1993-01-01_00:00:00","NO","Nitrogen monoxide (air)","P1Y-hr-min","1 year hour min","2024","0.000","ug/m3","91.72","1","Traffic","Urban","12.5090","41.8831","37.0","Roma                                                                            ","IT001C1                                           ","2808293","E1a/validated data AQ e-Reporting","07/03/2026 23:00:48","https://eeadmz1batchservice02.blob.core.windows.net/airquality-p-e1a/IT/SPO.IT0828A_38_chemi_1993-01-01_00_00_00.parquet","hour"
"Italy","NET.IT112A","Regione Lazio","IT0953A","VILLA ADA","SPO.IT0953A_1_UV-FL_1997-01-01_00:00:00","SO2","Sulphur dioxide (air)","winter-avg","Winter mean","2024","2.498","ug/m3","83.99","1","Background","Urban","12.5069","41.9329","50.0","Roma                                                                            ","IT001C1                                           ","2808293","E1a/validated data AQ e-Reporting","07/03/2026 23:07:33","https://eeadmz1batchservice02.blob.core.windows.net/airquality-p-e1a/IT/SPO.IT0953A_1_UV-FL_1997-01-01_00_00_00.parquet","hour"
"Italy","NET.IT112A","Regione Lazio","IT0953A","VILLA ADA","SPO.IT0953A_10_NDIR_1997-01-01_00:00:00","CO","Carbon monoxide (air)","P1Y-day-max","1 year day max","2024","1.947","mg/m3","93.72","1","Background","Urban","12.5069","41.9329","50.0","Roma                                                                            ","IT001C1                                           ","2808293","E1a/validated data AQ e-Reporting","07/03/2026 22:58:50","https://eeadmz1batchservice02.blob.core.windows.net/airquality-p-e1a/IT/SPO.IT0953A_10_NDIR_1997-01-01_00_00_00.parquet","hour"
"Italy","NET.IT112A","Regione Lazio","IT0953A","VILLA ADA","SPO.IT0953A_10_NDIR_1997-01-01_00:00:00","CO","Carbon monoxide (air)","P1Y-dx-max","1 year day max max","2024","2.611","mg/m3","93.72","1","Background","Urban","12.5069","41.9329","50.0","Roma                                                                            ","IT001C1                                           ","2808293","E1a/validated data AQ e-Reporting","07/03/2026 23:00:13","https://eeadmz1batchservice02.blob.core.windows.net/airquality-p-e1a/IT/SPO.IT0953A_10_NDIR_1997-01-01_00_00_00.parquet","hour"
"Italy","NET.IT112A","Regione Lazio","IT0828A","L.GO MAGNA GRECIA","SPO.IT0828A_38_chemi_1993-01-01_00:00:00","NO","Nitrogen monoxide (air)","P1Y-hr-max","1 year hour max","2024","291.999","ug/m3","91.72","1","Traffic","Urban","12.5090","41.8831","37.0","Roma                                                                            ","IT001C1                                           ","2808293","E1a/validated data AQ e-Reporting","07/03/2026 23:00:20","https://eeadmz1batchservice02.blob.core.windows.net/airquality-p-e1a/IT/SPO.IT0828A_38_chemi_1993-01-01_00_00_00.parquet","hour"
"Italy","NET.IT112A","Regione Lazio","IT1176A","L.GO PERESTRELLO","SPO.IT1176A_8_chemi_1998-03-17_00:00:00","NO2","Nitrogen dioxide (air)","P1Y-day-min","1 year day min","2024","8.787","ug/m3","99.45","1","Background","Urban","12.5416","41.8860","28.0","Roma                                                                            ","IT001C1                                           ","2808293","E1a/validated data AQ e-Reporting","07/03/2026 22:59:10","https://eeadmz1batchservice02.blob.core.windows.net/airquality-p-e1a/IT/SPO.IT1176A_8_chemi_1998-03-17_00_00_00.parquet","hour"
"Italy","NET.IT112A","Regione Lazio","IT0828A","L.GO MAGNA GRECIA","SPO.IT0828A_8_chemi_1993-01-01_00:00:00","NO2","Nitrogen dioxide (air)","P1Y-hr-max","1 year hour max","2024","160.602","ug/m3","91.77","1","Traffic","Urban","12.5090","41.8831","37.0","Roma                                                                            ","IT001C1                                           ","2808293","E1a/validated data AQ e-Reporting","07/03/2026 23:00:20","https://eeadmz1batchservice02.blob.core.windows.net/airquality-p-e1a/IT/SPO.IT0828A_8_chemi_1993-01-01_00_00_00.parquet","hour"
"Italy","NET.IT112A","Regione Lazio","IT0828A","L.GO MAGNA GRECIA","SPO.IT0828A_8_chemi_1993-01-01_00:00:00","NO2","Nitrogen dioxide (air)","P1Y-hr-max-per99.79","1 year 99.79 %ile of hourly values in a given year","2024","113.114","ug/m3","91.77","1","Traffic","Urban","12.5090","41.8831","37.0","Roma                                                                            ","IT001C1                                           ","2808293","E1a/validated data AQ e-Reporting","07/03/2026 23:00:40","https://eeadmz1batchservice02.blob.core.windows.net/airquality-p-e1a/IT/SPO.IT0828A_8_chemi_1993-01-01_00_00_00.parquet","hour"
"Italy","NET.IT112A","Regione Lazio","IT0828A","L.GO MAGNA GRECIA","SPO.IT0828A_8_chemi_1993-01-01_00:00:00","NO2","Nitrogen dioxide (air)","P1Y-P1D-per99","1 year 99 percentile of daily means (P1D) or .../aq/primaryObservation/day","2024","78.114","ug/m3","95.08","1","Traffic","Urban","12.5090","41.8831","37.0","Roma                                                                            ","IT001C1                                           ","2808293","E1a/validated data AQ e-Reporting","07/03/2026 23:01:47","https://eeadmz1batchservice02.blob.core.windows.net/airquality-p-e1a/IT/SPO.IT0828A_8_chemi_1993-01-01_00_00_00.parquet","hour"
"Italy","NET.IT112A","Regione Lazio","IT1176A","L.GO PERESTRELLO","SPO.IT1176A_38_chemi_1998-03-17_00:00:00","NO","Nitrogen monoxide (air)","P1Y-day-min","1 year day min","2024","0.376","ug/m3","99.45","1","Background","Urban","12.5416","41.8860","28.0","Roma                                                                            ","IT001C1                                           ","2808293","E1a/validated data AQ e-Reporting","07/03/2026 22:59:10","https://eeadmz1batchservice02.blob.core.windows.net/airquality-p-e1a/IT/SPO.IT1176A_38_chemi_1998-03-17_00_00_00.parquet","hour"
"Italy","NET.IT112A","Regione Lazio","IT1834A","TIBURTINA","SPO.IT1834A_38_chemi_2006-12-06_00:00:00","NO","Nitrogen monoxide (air)","P1Y-day-max","1 year day max","2024","142.610","ug/m3","99.18","1","Traffic","Urban","12.5489","41.9103","26.0","Roma                                                                            ","IT001C1                                           ","2808293","E1a/validated data AQ e-Reporting","07/03/2026 22:58:50","https://eeadmz1batchservice02.blob.core.windows.net/airquality-p-e1a/IT/SPO.IT1834A_38_chemi_2006-12-06_00_00_00.parquet","hour"
"Italy","NET.IT112A","Regione Lazio","IT1837A","FERMI","SPO.IT1837A_20_GC-PID_2006-12-17_00:00:00","C6H6","Benzene (air)","P1Y-day-per50","1 year 50 %ile of daily values in a year","2024","0.961","ug/m3","96.99","1","Traffic","Urban","12.4696","41.8640","17.0","Roma                                                                            ","IT001C1                                           ","2808293","E1a/validated data AQ e-Reporting","07/03/2026 22:59:18","https://eeadmz1batchservice02.blob.core.windows.net/airquality-p-e1a/IT/SPO.IT1837A_20_GC-PID_2006-12-17_00_00_00.parquet","hour"
"Italy","NET.IT112A","Regione Lazio","IT1837A","FERMI","SPO.IT1837A_20_GC-PID_2006-12-17_00:00:00","C6H6","Benzene (air)","P1Y-hr-max","1 year hour max","2024","39.864","ug/m3","95.61","1","Traffic","Urban","12.4696","41.8640","17.0","Roma                                                                            ","IT001C1                                           ","2808293","E1a/validated data AQ e-Reporting","07/03/2026 23:00:20","https://eeadmz1batchservice02.blob.core.windows.net/airquality-p-e1a/IT/SPO.IT1837A_20_GC-PID_2006-12-17_00_00_00.parquet","hour"
"Italy","NET.IT112A","Regione Lazio","IT1837A","FERMI","SPO.IT1837A_21_other_2006-12-17_00:00:00","C6H5-CH3","Toluene (air)","P1Y-day-max","1 year day max","2024","53.604","ug/m3","97.81","1","Traffic","Urban","12.4696","41.8640","17.0","Roma                                                                            ","IT001C1                                           ","2808293","E1a/validated data AQ e-Reporting","07/03/2026 22:58:50","https://eeadmz1batchservice02.blob.core.windows.net/airquality-p-e1a/IT/SPO.IT1837A_21_other_2006-12-17_00_00_00.parquet","hour"
"Italy","NET.IT112A","Regione Lazio","IT0953A","VILLA ADA","SPO.IT0953A_20_GC-FID_1997-10-01_00:00:00","C6H6","Benzene (air)","P1Y-day-max","1 year day max","2024","7.021","ug/m3","92.62","1","Background","Urban","12.5069","41.9329","50.0","Roma                                                                            ","IT001C1                                           ","2808293","E1a/validated data AQ e-Reporting","07/03/2026 22:58:50","https://eeadmz1batchservice02.blob.core.windows.net/airquality-p-e1a/IT/SPO.IT0953A_20_GC-FID_1997-10-01_00_00_00.parquet","hour"
"Italy","NET.IT112A","Regione Lazio","IT1837A","FERMI","SPO.IT1837A_38_chemi_2006-12-17_00:00:00","NO","Nitrogen monoxide (air)","P1Y-day-per50","1 year 50 %ile of daily values in a year","2024","35.373","ug/m3","98.91","1","Traffic","Urban","12.4696","41.8640","17.0","Roma                                                                            ","IT001C1                                           ","2808293","E1a/validated data AQ e-Reporting","07/03/2026 22:59:18","https://eeadmz1batchservice02.blob.core.windows.net/airquality-p-e1a/IT/SPO.IT1837A_38_chemi_2006-12-17_00_00_00.parquet","hour"
"Italy","NET.IT112A","Regione Lazio","IT0953A","VILLA ADA","SPO.IT0953A_21_GC-FID_1997-10-01_00:00:00","C6H5-CH3","Toluene (air)","P1Y-hr-max","1 year hour max","2024","130.329","ug/m3","93.84","1","Background","Urban","12.5069","41.9329","50.0","Roma                                                                            ","IT001C1                                           ","2808293","E1a/validated data AQ e-Reporting","07/03/2026 23:00:20","https://eeadmz1batchservice02.blob.core.windows.net/airquality-p-e1a/IT/SPO.IT0953A_21_GC-FID_1997-10-01_00_00_00.parquet","hour"
"Italy","NET.IT112A","Regione Lazio","IT0953A","VILLA ADA","SPO.IT0953A_464_other_1997-10-01_00:00:00","m,p-C6H4(CH3)2","m,p-Xylene (air)","P1Y","Annual mean / 1 calendar year","2024","0.599","ug/m3","93.85","1","Background","Urban","12.5069","41.9329","50.0","Roma                                                                            ","IT001C1                                           ","2808293","E1a/validated data AQ e-Reporting","07/03/2026 22:58:16","https://eeadmz1batchservice02.blob.core.windows.net/airquality-p-e1a/IT/SPO.IT0953A_464_other_1997-10-01_00_00_00.parquet","hour"
"Italy","NET.IT112A","Regione Lazio","IT0953A","VILLA ADA","SPO.IT0953A_8_chemi_1998-01-01_00:00:00","NO2","Nitrogen dioxide (air)","P1Y-hrsAbove200","1 year hour exceed 200","2024","0.000","count","91.89","1","Background","Urban","12.5069","41.9329","50.0","Roma                                                                            ","IT001C1                                           ","2808293","E1a/validated data AQ e-Reporting","07/03/2026 23:01:10","https://eeadmz1batchservice02.blob.core.windows.net/airquality-p-e1a/IT/SPO.IT0953A_8_chemi_1998-01-01_00_00_00.parquet","hour"
"Italy","NET.IT112A","Regione Lazio","IT1837A","FERMI","SPO.IT1837A_38_chemi_2006-12-17_00:00:00","NO","Nitrogen monoxide (air)","P1Y-day-min","1 year day min","2024","5.191","ug/m3","98.91","1","Traffic","Urban","12.4696","41.8640","17.0","Roma                                                                            ","IT001C1                                           ","2808293","E1a/validated data AQ e-Reporting","07/03/2026 22:59:10","https://eeadmz1batchservice02.blob.core.windows.net/airquality-p-e1a/IT/SPO.IT1837A_38_chemi_2006-12-17_00_00_00.parquet","hour"
"Italy","NET.IT112A","Regione Lazio","IT0825A","C.SO FRANCIA","SPO.IT0825A_20_GC-PID_2006-07-26_00:00:00","C6H6","Benzene (air)","P1Y-day-max","1 year day max","2024","3.703","ug/m3","96.17","1","Traffic","Urban","12.4696","41.9474","35.0","Roma                                                                            ","IT001C1                                           ","2808293","E1a/validated data AQ e-Reporting","07/03/2026 22:58:50","https://eeadmz1batchservice02.blob.core.windows.net/airquality-p-e1a/IT/SPO.IT0825A_20_GC-PID_2006-07-26_00_00_00.parquet","hour"
"Italy","NET.IT112A","Regione Lazio","IT0953A","VILLA ADA","SPO.IT0953A_7_UV-P_1997-01-30_00:00:00","O3","Ozone (air)","AOT40f","AOT40 for forest protection","2024","36627.117","ug/m3","96.81","1","Background","Urban","12.5069","41.9329","50.0","Roma                                                                            ","IT001C1                                           ","2808293","E1a/validated data AQ e-Reporting","07/03/2026 22:17:37","https://eeadmz1batchservice02.blob.core.windows.net/airquality-p-e1a/IT/SPO.IT0953A_7_UV-P_1997-01-30_00_00_00.parquet","hour"
"Italy","NET.IT112A","Regione Lazio","IT1837A","FERMI","SPO.IT1837A_431_other_2006-12-17_00:00:00","C6H5-C2H5","Ethyl benzene (air)","P1Y-hr-per50","1 year 50 percentile","2024","0.444","ug/m3","96.33","1","Traffic","Urban","12.4696","41.8640","17.0","Roma                                                                            ","IT001C1                                           ","2808293","E1a/validated data AQ e-Reporting","07/03/2026 23:00:56","https://eeadmz1batchservice02.blob.core.windows.net/airquality-p-e1a/IT/SPO.IT1837A_431_other_2006-12-17_00_00_00.parquet","hour"
"Italy","NET.IT112A","Regione Lazio","IT1837A","FERMI","SPO.IT1837A_464_other_2006-12-17_00:00:00","m,p-C6H4(CH3)2","m,p-Xylene (air)","P1Y","Annual mean / 1 calendar year","2024","5.867","ug/m3","96.33","1","Traffic","Urban","12.4696","41.8640","17.0","Roma                                                                            ","IT001C1                                           ","2808293","E1a/validated data AQ e-Reporting","07/03/2026 22:58:16","https://eeadmz1batchservice02.blob.core.windows.net/airquality-p-e1a/IT/SPO.IT1837A_464_other_2006-12-17_00_00_00.parquet","hour"
"Italy","NET.IT112A","Regione Lazio","IT0825A","C.SO FRANCIA","SPO.IT0825A_21_other_2006-07-26_00:00:00","C6H5-CH3","Toluene (air)","P1Y-day-per50","1 year 50 %ile of daily values in a year","2024","3.692","ug/m3","96.17","1","Traffic","Urban","12.4696","41.9474","35.0","Roma                                                                            ","IT001C1                                           ","2808293","E1a/validated data AQ e-Reporting","07/03/2026 22:59:18","https://eeadmz1batchservice02.blob.core.windows.net/airquality-p-e1a/IT/SPO.IT0825A_21_other_2006-07-26_00_00_00.parquet","hour"
"Italy","NET.IT112A","Regione Lazio","IT1837A","FERMI","SPO.IT1837A_21_other_2006-12-17_00:00:00","C6H5-CH3","Toluene (air)","P1Y-hr-min","1 year hour min","2024","0.000","ug/m3","96.04","1","Traffic","Urban","12.4696","41.8640","17.0","Roma                                                                            ","IT001C1                                           ","2808293","E1a/validated data AQ e-Reporting","07/03/2026 23:00:48","https://eeadmz1batchservice02.blob.core.windows.net/airquality-p-e1a/IT/SPO.IT1837A_21_other_2006-12-17_00_00_00.parquet","hour"
"Italy","NET.IT112A","Regione Lazio","IT0825A","C.SO FRANCIA","SPO.IT0825A_431_other_2006-07-26_00:00:00","C6H5-C2H5","Ethyl benzene (air)","P1Y-hr-min","1 year hour min","2024","0.000","ug/m3","92.76","1","Traffic","Urban","12.4696","41.9474","35.0","Roma                                                                            ","IT001C1                                           ","2808293","E1a/validated data AQ e-Reporting","07/03/2026 23:00:48","https://eeadmz1batchservice02.blob.core.windows.net/airquality-p-e1a/IT/SPO.IT0825A_431_other_2006-07-26_00_00_00.parquet","hour"
"Italy","NET.IT112A","Regione Lazio","IT0825A","C.SO FRANCIA","SPO.IT0825A_482_other_2006-07-26_00:00:00","o-C6H4-(CH3)2","o-Xylene (air)","P1Y-day-min","1 year day min","2024","0.000","ug/m3","96.17","1","Traffic","Urban","12.4696","41.9474","35.0","Roma                                                                            ","IT001C1                                           ","2808293","E1a/validated data AQ e-Reporting","07/03/2026 22:59:10","https://eeadmz1batchservice02.blob.core.windows.net/airquality-p-e1a/IT/SPO.IT0825A_482_other_2006-07-26_00_00_00.parquet","hour"
"Italy","NET.IT112A","Regione Lazio","IT0956A","CINECITTA","SPO.IT0956A_7_UV-P_2006-06-01_00:00:00","O3","Ozone (air)","P1Y-hrsAbove240","1 year hour exceed 240","2024","0.000","count","95.65","1","Background","Urban","12.5687","41.8577","48.0","Roma                                                                            ","IT001C1                                           ","2808293","E1a/validated data AQ e-Reporting","07/03/2026 23:01:14","https://eeadmz1batchservice02.blob.core.windows.net/airquality-p-e1a/IT/SPO.IT0956A_7_UV-P_2006-06-01_00_00_00.parquet","hour"
"Italy","NET.IT112A","Regione Lazio","IT0828A","L.GO MAGNA GRECIA","SPO.IT0828A_8_chemi_1993-01-01_00:00:00","NO2","Nitrogen dioxide (air)","P1Y-hr-min","1 year hour min","2024","0.000","ug/m3","91.77","1","Traffic","Urban","12.5090","41.8831","37.0","Roma                                                                            ","IT001C1                                           ","2808293","E1a/validated data AQ e-Reporting","07/03/2026 23:00:48","https://eeadmz1batchservice02.blob.core.windows.net/airquality-p-e1a/IT/SPO.IT0828A_8_chemi_1993-01-01_00_00_00.parquet","hour"
"Italy","NET.IT112A","Regione Lazio","IT1906A","ARENULA","SPO.IT1906A_7_UV-P_2009-11-29_00:00:00","O3","Ozone (air)","P1Y-hr-min","1 year hour min","2024","0.000","ug/m3","98.01","1","Background","Urban","12.4754","41.8940","17.0","Roma                                                                            ","IT001C1                                           ","2808293","E1a/validated data AQ e-Reporting","07/03/2026 23:00:48","https://eeadmz1batchservice02.blob.core.windows.net/airquality-p-e1a/IT/SPO.IT1906A_7_UV-P_2009-11-29_00_00_00.parquet","hour"
"Italy","NET.IT112A","Regione Lazio","IT0828A","L.GO MAGNA GRECIA","SPO.IT0828A_8_chemi_1993-01-01_00:00:00","NO2","Nitrogen dioxide (air)","P1Y-hr-max-per99.97","1 year 99.97 %ile of hourly values in a given year","2024","149.415","ug/m3","91.77","1","Traffic","Urban","12.5090","41.8831","37.0","Roma                                                                            ","IT001C1                                           ","2808293","E1a/validated data AQ e-Reporting","07/03/2026 23:00:44","https://eeadmz1batchservice02.blob.core.windows.net/airquality-p-e1a/IT/SPO.IT0828A_8_chemi_1993-01-01_00_00_00.parquet","hour"
"Italy","NET.IT112A","Regione Lazio","IT0828A","L.GO MAGNA GRECIA","SPO.IT0828A_8_chemi_1993-01-01_00:00:00","NO2","Nitrogen dioxide (air)","P1Y-hrsAbove200","1 year hour exceed 200","2024","0.000","count","91.77","1","Traffic","Urban","12.5090","41.8831","37.0","Roma                                                                            ","IT001C1                                           ","2808293","E1a/validated data AQ e-Reporting","07/03/2026 23:01:10","https://eeadmz1batchservice02.blob.core.windows.net/airquality-p-e1a/IT/SPO.IT0828A_8_chemi_1993-01-01_00_00_00.parquet","hour"
"Italy","NET.IT112A","Regione Lazio","IT0953A","VILLA ADA","SPO.IT0953A_1_UV-FL_1997-01-01_00:00:00","SO2","Sulphur dioxide (air)","P1Y-3hAbove500","3 consecutive hours in exceedance of 500","2024","0.000","count","91.42","1","Background","Urban","12.5069","41.9329","50.0","Roma                                                                            ","IT001C1                                           ","2808293","E1a/validated data AQ e-Reporting","07/03/2026 22:58:44","https://eeadmz1batchservice02.blob.core.windows.net/airquality-p-e1a/IT/SPO.IT0953A_1_UV-FL_1997-01-01_00_00_00.parquet","hour"
"Italy","NET.IT112A","Regione Lazio","IT1906A","ARENULA","SPO.IT1906A_8_chemi_2008-02-03_00:00:00","NO2","Nitrogen dioxide (air)","P1Y-P1D-per99","1 year 99 percentile of daily means (P1D) or .../aq/primaryObservation/day","2024","58.309","ug/m3","99.45","1","Background","Urban","12.4754","41.8940","17.0","Roma                                                                            ","IT001C1                                           ","2808293","E1a/validated data AQ e-Reporting","07/03/2026 23:01:47","https://eeadmz1batchservice02.blob.core.windows.net/airquality-p-e1a/IT/SPO.IT1906A_8_chemi_2008-02-03_00_00_00.parquet","hour"
"Italy","NET.IT112A","Regione Lazio","IT0953A","VILLA ADA","SPO.IT0953A_1_UV-FL_1997-01-01_00:00:00","SO2","Sulphur dioxide (air)","P1Y-hrsAbove275","1 year hour exceed 275","2024","0.000","count","91.42","1","Background","Urban","12.5069","41.9329","50.0","Roma                                                                            ","IT001C1                                           ","2808293","E1a/validated data AQ e-Reporting","07/03/2026 23:01:18","https://eeadmz1batchservice02.blob.core.windows.net/airquality-p-e1a/IT/SPO.IT0953A_1_UV-FL_1997-01-01_00_00_00.parquet","hour"
"Italy","NET.IT112A","Regione Lazio","IT1834A","TIBURTINA","SPO.IT1834A_8_chemi_2006-12-06_00:00:00","NO2","Nitrogen dioxide (air)","P1Y-hrsAbove400","1 year hour exceed 400","2024","0.000","count","95.22","1","Traffic","Urban","12.5489","41.9103","26.0","Roma                                                                            ","IT001C1                                           ","2808293","E1a/validated data AQ e-Reporting","07/03/2026 23:01:25","https://eeadmz1batchservice02.blob.core.windows.net/airquality-p-e1a/IT/SPO.IT1834A_8_chemi_2006-12-06_00_00_00.parquet","hour"
"Italy","NET.IT112A","Regione Lazio","IT0825A","C.SO FRANCIA","SPO.IT0825A_8_chemi_1997-10-01_00:00:00","NO2","Nitrogen dioxide (air)","P1Y-hr-max","1 year hour max","2024","101.688","ug/m3","94.13","1","Traffic","Urban","12.4696","41.9474","35.0","Roma                                                                            ","IT001C1                                           ","2808293","E1a/validated data AQ e-Reporting","07/03/2026 23:00:20","https://eeadmz1batchservice02.blob.core.windows.net/airquality-p-e1a/IT/SPO.IT0825A_8_chemi_1997-10-01_00_00_00.parquet","hour"
"Italy","NET.IT112A","Regione Lazio","IT0825A","C.SO FRANCIA","SPO.IT0825A_8_chemi_1997-10-01_00:00:00","NO2","Nitrogen dioxide (air)","P1Y-hr-max19","1 year hour max19","2024","71.988","ug/m3","94.13","1","Traffic","Urban","12.4696","41.9474","35.0","Roma                                                                            ","IT001C1                                           ","2808293","E1a/validated data AQ e-Reporting","07/03/2026 23:00:28","https://eeadmz1batchservice02.blob.core.windows.net/airquality-p-e1a/IT/SPO.IT0825A_8_chemi_1997-10-01_00_00_00.parquet","hour"
"Italy","NET.IT112A","Regione Lazio","IT0825A","C.SO FRANCIA","SPO.IT0825A_9_chemi_1997-10-01_00:00:00","NOX as NO2","Nitrogen oxides (air)","P1Y","Annual mean / 1 calendar year","2024","74.212","ug/m3","94.57","1","Traffic","Urban","12.4696","41.9474","35.0","Roma                                                                            ","IT001C1                                           ","2808293","E1a/validated data AQ e-Reporting","07/03/2026 22:58:16","https://eeadmz1batchservice02.blob.core.windows.net/airquality-p-e1a/IT/SPO.IT0825A_9_chemi_1997-10-01_00_00_00.parquet","hour"
"Italy","NET.IT112A","Regione Lazio","IT0825A","C.SO FRANCIA","SPO.IT0825A_9_chemi_1997-10-01_00:00:00","NOX as NO2","Nitrogen oxides (air)","P1Y-day-per50","1 year 50 %ile of daily values in a year","2024","66.288","ug/m3","98.36","1","Traffic","Urban","12.4696","41.9474","35.0","Roma                                                                            ","IT001C1                                           ","2808293","E1a/validated data AQ e-Reporting","07/03/2026 22:59:18","https://eeadmz1batchservice02.blob.core.windows.net/airquality-p-e1a/IT/SPO.IT0825A_9_chemi_1997-10-01_00_00_00.parquet","hour"
"Italy","NET.IT112A","Regione Lazio","IT0828A","L.GO MAGNA GRECIA","SPO.IT0828A_38_chemi_1993-01-01_00:00:00","NO","Nitrogen monoxide (air)","P1Y-day-min","1 year day min","2024","1.651","ug/m3","94.81","1","Traffic","Urban","12.5090","41.8831","37.0","Roma                                                                            ","IT001C1                                           ","2808293","E1a/validated data AQ e-Reporting","07/03/2026 22:59:10","https://eeadmz1batchservice02.blob.core.windows.net/airquality-p-e1a/IT/SPO.IT0828A_38_chemi_1993-01-01_00_00_00.parquet","hour"
"Italy","NET.IT112A","Regione Lazio","IT0828A","L.GO MAGNA GRECIA","SPO.IT0828A_8_chemi_1993-01-01_00:00:00","NO2","Nitrogen dioxide (air)","P1Y-daysAbove50","1 year day exceed 50","2024","75.000","count","95.08","1","Traffic","Urban","12.5090","41.8831","37.0","Roma                                                                            ","IT001C1                                           ","2808293","E1a/validated data AQ e-Reporting","07/03/2026 22:59:41","https://eeadmz1batchservice02.blob.core.windows.net/airquality-p-e1a/IT/SPO.IT0828A_8_chemi_1993-01-01_00_00_00.parquet","hour"
"Italy","NET.IT112A","Regione Lazio","IT0825A","C.SO FRANCIA","SPO.IT0825A_9_chemi_1997-10-01_00:00:00","NOX as NO2","Nitrogen oxides (air)","P1Y-day-min","1 year day min","2024","19.899","ug/m3","98.36","1","Traffic","Urban","12.4696","41.9474","35.0","Roma                                                                            ","IT001C1                                           ","2808293","E1a/validated data AQ e-Reporting","07/03/2026 22:59:10","https://eeadmz1batchservice02.blob.core.windows.net/airquality-p-e1a/IT/SPO.IT0825A_9_chemi_1997-10-01_00_00_00.parquet","hour"
"Italy","NET.IT112A","Regione Lazio","IT0825A","C.SO FRANCIA","SPO.IT0825A_9_chemi_1997-10-01_00:00:00","NOX as NO2","Nitrogen oxides (air)","P3Y","3 subsequent calendar years mean","2024","76.308","ug/m3","95.06","1","Traffic","Urban","12.4696","41.9474","35.0","Roma                                                                            ","IT001C1                                           ","2808293","E1a/validated data AQ e-Reporting","07/03/2026 23:01:54","https://eeadmz1batchservice02.blob.core.windows.net/airquality-p-e1a/IT/SPO.IT0825A_9_chemi_1997-10-01_00_00_00.parquet","hour"
"Italy","NET.IT112A","Regione Lazio","IT1176A","L.GO PERESTRELLO","SPO.IT1176A_7_UV-P_1998-03-17_00:00:00","O3","Ozone (air)","P1Y","Annual mean / 1 calendar year","2024","45.282","ug/m3","99.46","1","Background","Urban","12.5416","41.8860","28.0","Roma                                                                            ","IT001C1                                           ","2808293","E1a/validated data AQ e-Reporting","07/03/2026 22:58:16","https://eeadmz1batchservice02.blob.core.windows.net/airquality-p-e1a/IT/SPO.IT1176A_7_UV-P_1998-03-17_00_00_00.parquet","hour"
"Italy","NET.IT112A","Regione Lazio","IT1176A","L.GO PERESTRELLO","SPO.IT1176A_7_UV-P_1998-03-17_00:00:00","O3","Ozone (air)","P1Y-dmax-per93.15","1 year 93.15 percentile daily 8h maximum","2024","118.056","ug/m3","98.91","1","Background","Urban","12.5416","41.8860","28.0","Roma                                                                            ","IT001C1                                           ","2808293","E1a/validated data AQ e-Reporting","07/03/2026 22:59:57","https://eeadmz1batchservice02.blob.core.windows.net/airquality-p-e1a/IT/SPO.IT1176A_7_UV-P_1998-03-17_00_00_00.parquet","hour"
"Italy","NET.IT112A","Regione Lazio","IT1176A","L.GO PERESTRELLO","SPO.IT1176A_7_UV-P_1998-03-17_00:00:00","O3","Ozone (air)","P1Y-hr-per50","1 year 50 percentile","2024","41.818","ug/m3","99.46","1","Background","Urban","12.5416","41.8860","28.0","Roma                                                                            ","IT001C1                                           ","2808293","E1a/validated data AQ e-Reporting","07/03/2026 23:00:56","https://eeadmz1batchservice02.blob.core.windows.net/airquality-p-e1a/IT/SPO.IT1176A_7_UV-P_1998-03-17_00_00_00.parquet","hour"
"Italy","NET.IT112A","Regione Lazio","IT0828A","L.GO MAGNA GRECIA","SPO.IT0828A_8_chemi_1993-01-01_00:00:00","NO2","Nitrogen dioxide (air)","P1Y-day-per50","1 year 50 %ile of daily values in a year","2024","36.006","ug/m3","95.08","1","Traffic","Urban","12.5090","41.8831","37.0","Roma                                                                            ","IT001C1                                           ","2808293","E1a/validated data AQ e-Reporting","07/03/2026 22:59:18","https://eeadmz1batchservice02.blob.core.windows.net/airquality-p-e1a/IT/SPO.IT0828A_8_chemi_1993-01-01_00_00_00.parquet","hour"
"Italy","NET.IT112A","Regione Lazio","IT1176A","L.GO PERESTRELLO","SPO.IT1176A_7_UV-P_1998-03-17_00:00:00","O3","Ozone (air)","SOMO35","Sum of Ozone Means Over 35 ppb","2024","5418.030","ug/m3","98.91","1","Background","Urban","12.5416","41.8860","28.0","Roma                                                                            ","IT001C1                                           ","2808293","E1a/validated data AQ e-Reporting","07/03/2026 23:07:25","https://eeadmz1batchservice02.blob.core.windows.net/airquality-p-e1a/IT/SPO.IT1176A_7_UV-P_1998-03-17_00_00_00.parquet","hour"
"Italy","NET.IT112A","Regione Lazio","IT1176A","L.GO PERESTRELLO","SPO.IT1176A_8_chemi_1998-03-17_00:00:00","NO2","Nitrogen dioxide (air)","P1Y-hr-max","1 year hour max","2024","147.579","ug/m3","95.38","1","Background","Urban","12.5416","41.8860","28.0","Roma                                                                            ","IT001C1                                           ","2808293","E1a/validated data AQ e-Reporting","07/03/2026 23:00:20","https://eeadmz1batchservice02.blob.core.windows.net/airquality-p-e1a/IT/SPO.IT1176A_8_chemi_1998-03-17_00_00_00.parquet","hour"
"Italy","NET.IT112A","Regione Lazio","IT1176A","L.GO PERESTRELLO","SPO.IT1176A_8_chemi_1998-03-17_00:00:00","NO2","Nitrogen dioxide (air)","P1Y-hr-max19","1 year hour max19","2024","73.293","ug/m3","95.38","1","Background","Urban","12.5416","41.8860","28.0","Roma                                                                            ","IT001C1                                           ","2808293","E1a/validated data AQ e-Reporting","07/03/2026 23:00:28","https://eeadmz1batchservice02.blob.core.windows.net/airquality-p-e1a/IT/SPO.IT1176A_8_chemi_1998-03-17_00_00_00.parquet","hour"
"Italy","NET.IT112A","Regione Lazio","IT1834A","TIBURTINA","SPO.IT1834A_38_chemi_2006-12-06_00:00:00","NO","Nitrogen monoxide (air)","P1Y-day-per50","1 year 50 %ile of daily values in a year","2024","15.302","ug/m3","99.18","1","Traffic","Urban","12.5489","41.9103","26.0","Roma                                                                            ","IT001C1                                           ","2808293","E1a/validated data AQ e-Reporting","07/03/2026 22:59:18","https://eeadmz1batchservice02.blob.core.windows.net/airquality-p-e1a/IT/SPO.IT1834A_38_chemi_2006-12-06_00_00_00.parquet","hour"
"Italy","NET.IT112A","Regione Lazio","IT1834A","TIBURTINA","SPO.IT1834A_8_chemi_2006-12-06_00:00:00","NO2","Nitrogen dioxide (air)","P1Y","Annual mean / 1 calendar year","2024","32.045","ug/m3","95.22","1","Traffic","Urban","12.5489","41.9103","26.0","Roma                                                                            ","IT001C1                                           ","2808293","E1a/validated data AQ e-Reporting","07/03/2026 22:58:16","https://eeadmz1batchservice02.blob.core.windows.net/airquality-p-e1a/IT/SPO.IT1834A_8_chemi_2006-12-06_00_00_00.parquet","hour"
"Italy","NET.IT112A","Regione Lazio","IT0828A","L.GO MAGNA GRECIA","SPO.IT0828A_8_chemi_1993-01-01_00:00:00","NO2","Nitrogen dioxide (air)","P1Y-hrsAbove150","1 year hour exceed 150","2024","2.000","count","91.77","1","Traffic","Urban","12.5090","41.8831","37.0","Roma                                                                            ","IT001C1                                           ","2808293","E1a/validated data AQ e-Reporting","07/03/2026 23:01:03","https://eeadmz1batchservice02.blob.core.windows.net/airquality-p-e1a/IT/SPO.IT0828A_8_chemi_1993-01-01_00_00_00.parquet","hour"
"Italy","NET.IT112A","Regione Lazio","IT0828A","L.GO MAGNA GRECIA","SPO.IT0828A_8_chemi_1993-01-01_00:00:00","NO2","Nitrogen dioxide (air)","P3Y","3 subsequent calendar years mean","2024","37.098","ug/m3","92.73","1","Traffic","Urban","12.5090","41.8831","37.0","Roma                                                                            ","IT001C1                                           ","2808293","E1a/validated data AQ e-Reporting","07/03/2026 23:01:54","https://eeadmz1batchservice02.blob.core.windows.net/airquality-p-e1a/IT/SPO.IT0828A_8_chemi_1993-01-01_00_00_00.parquet","hour"
"Italy","NET.IT112A","Regione Lazio","IT1835A","BUFALOTTA","SPO.IT1835A_38_chemi_2019-03-18_00:00:00","NO","Nitrogen monoxide (air)","P1Y-hr-per50","1 year 50 percentile","2024","2.475","ug/m3","92.47","1","Background","Urban","12.5337","41.9477","36.0","Roma                                                                            ","IT001C1                                           ","2808293","E1a/validated data AQ e-Reporting","07/03/2026 23:00:56","https://eeadmz1batchservice02.blob.core.windows.net/airquality-p-e1a/IT/SPO.IT1835A_38_chemi_2019-03-18_00_00_00.parquet","hour"
"Italy","NET.IT112A","Regione Lazio","IT0825A","C.SO FRANCIA","SPO.IT0825A_20_GC-PID_2006-07-26_00:00:00","C6H6","Benzene (air)","P1Y","Annual mean / 1 calendar year","2024","1.104","ug/m3","92.74","1","Traffic","Urban","12.4696","41.9474","35.0","Roma                                                                            ","IT001C1                                           ","2808293","E1a/validated data AQ e-Reporting","07/03/2026 22:58:16","https://eeadmz1batchservice02.blob.core.windows.net/airquality-p-e1a/IT/SPO.IT0825A_20_GC-PID_2006-07-26_00_00_00.parquet","hour"
"Italy","NET.IT112A","Regione Lazio","IT0953A","VILLA ADA","SPO.IT0953A_482_other_1997-10-01_00:00:00","o-C6H4-(CH3)2","o-Xylene (air)","P1Y-day-max","1 year day max","2024","10.701","ug/m3","92.90","1","Background","Urban","12.5069","41.9329","50.0","Roma                                                                            ","IT001C1                                           ","2808293","E1a/validated data AQ e-Reporting","07/03/2026 22:58:50","https://eeadmz1batchservice02.blob.core.windows.net/airquality-p-e1a/IT/SPO.IT0953A_482_other_1997-10-01_00_00_00.parquet","hour"
"Italy","NET.IT112A","Regione Lazio","IT0825A","C.SO FRANCIA","SPO.IT0825A_20_GC-PID_2006-07-26_00:00:00","C6H6","Benzene (air)","P1Y-hr-max","1 year hour max","2024","10.731","ug/m3","92.74","1","Traffic","Urban","12.4696","41.9474","35.0","Roma                                                                            ","IT001C1                                           ","2808293","E1a/validated data AQ e-Reporting","07/03/2026 23:00:20","https://eeadmz1batchservice02.blob.core.windows.net/airquality-p-e1a/IT/SPO.IT0825A_20_GC-PID_2006-07-26_00_00_00.parquet","hour"
"Italy","NET.IT112A","Regione Lazio","IT1835A","BUFALOTTA","SPO.IT1835A_7_UV-P_2006-12-06_00:00:00","O3","Ozone (air)","AOT40c-P5Y","AOT40 vegetation protection averaged over 5 years","2024","8502.889","ug/m3","98.55","1","Background","Urban","12.5337","41.9477","36.0","Roma                                                                            ","IT001C1                                           ","2808293","E1a/validated data AQ e-Reporting","07/03/2026 22:17:34","https://eeadmz1batchservice02.blob.core.windows.net/airquality-p-e1a/IT/SPO.IT1835A_7_UV-P_2006-12-06_00_00_00.parquet","hour"
"Italy","NET.IT112A","Regione Lazio","IT0953A","VILLA ADA","SPO.IT0953A_20_GC-FID_1997-10-01_00:00:00","C6H6","Benzene (air)","P1Y-hr-max","1 year hour max","2024","46.317","ug/m3","93.47","1","Background","Urban","12.5069","41.9329","50.0","Roma                                                                            ","IT001C1                                           ","2808293","E1a/validated data AQ e-Reporting","07/03/2026 23:00:20","https://eeadmz1batchservice02.blob.core.windows.net/airquality-p-e1a/IT/SPO.IT0953A_20_GC-FID_1997-10-01_00_00_00.parquet","hour"
"Italy","NET.IT112A","Regione Lazio","IT1837A","FERMI","SPO.IT1837A_464_other_2006-12-17_00:00:00","m,p-C6H4(CH3)2","m,p-Xylene (air)","P1Y-hr-per50","1 year 50 percentile","2024","4.700","ug/m3","96.33","1","Traffic","Urban","12.4696","41.8640","17.0","Roma                                                                            ","IT001C1                                           ","2808293","E1a/validated data AQ e-Reporting","07/03/2026 23:00:56","https://eeadmz1batchservice02.blob.core.windows.net/airquality-p-e1a/IT/SPO.IT1837A_464_other_2006-12-17_00_00_00.parquet","hour"
"Italy","NET.IT112A","Regione Lazio","IT1906A","ARENULA","SPO.IT1906A_7_UV-P_2009-11-29_00:00:00","O3","Ozone (air)","P1Y","Annual mean / 1 calendar year","2024","33.873","ug/m3","98.01","1","Background","Urban","12.4754","41.8940","17.0","Roma                                                                            ","IT001C1                                           ","2808293","E1a/validated data AQ e-Reporting","07/03/2026 22:58:16","https://eeadmz1batchservice02.blob.core.windows.net/airquality-p-e1a/IT/SPO.IT1906A_7_UV-P_2009-11-29_00_00_00.parquet","hour"
"Italy","NET.IT112A","Regione Lazio","IT1834A","TIBURTINA","SPO.IT1834A_9_chemi_2006-12-06_00:00:00","NOX as NO2","Nitrogen oxides (air)","P1Y-day-per50","1 year 50 %ile of daily values in a year","2024","55.602","ug/m3","99.18","1","Traffic","Urban","12.5489","41.9103","26.0","Roma                                                                            ","IT001C1                                           ","2808293","E1a/validated data AQ e-Reporting","07/03/2026 22:59:18","https://eeadmz1batchservice02.blob.core.windows.net/airquality-p-e1a/IT/SPO.IT1834A_9_chemi_2006-12-06_00_00_00.parquet","hour"
"Italy","NET.IT112A","Regione Lazio","IT1906A","ARENULA","SPO.IT1906A_7_UV-P_2009-11-29_00:00:00","O3","Ozone (air)","SOMO10","Sum of Ozone Means Over 10 ppb","2024","11498.806","ug/m3","97.81","1","Background","Urban","12.4754","41.8940","17.0","Roma                                                                            ","IT001C1                                           ","2808293","E1a/validated data AQ e-Reporting","07/03/2026 23:07:21","https://eeadmz1batchservice02.blob.core.windows.net/airquality-p-e1a/IT/SPO.IT1906A_7_UV-P_2009-11-29_00_00_00.parquet","hour"
"Italy","NET.IT112A","Regione Lazio","IT1834A","TIBURTINA","SPO.IT1834A_38_chemi_2006-12-06_00:00:00","NO","Nitrogen monoxide (air)","P1Y-hr-min","1 year hour min","2024","0.256","ug/m3","95.21","1","Traffic","Urban","12.5489","41.9103","26.0","Roma                                                                            ","IT001C1                                           ","2808293","E1a/validated data AQ e-Reporting","07/03/2026 23:00:48","https://eeadmz1batchservice02.blob.core.windows.net/airquality-p-e1a/IT/SPO.IT1834A_38_chemi_2006-12-06_00_00_00.parquet","hour"
"Italy","NET.IT112A","Regione Lazio","IT0953A","VILLA ADA","SPO.IT0953A_10_NDIR_1997-01-01_00:00:00","CO","Carbon monoxide (air)","P1Y-hr-per50","1 year 50 percentile","2024","1.081","mg/m3","95.98","1","Background","Urban","12.5069","41.9329","50.0","Roma                                                                            ","IT001C1                                           ","2808293","E1a/validated data AQ e-Reporting","07/03/2026 23:00:56","https://eeadmz1batchservice02.blob.core.windows.net/airquality-p-e1a/IT/SPO.IT0953A_10_NDIR_1997-01-01_00_00_00.parquet","hour"
"Italy","NET.IT112A","Regione Lazio","IT0828A","L.GO MAGNA GRECIA","SPO.IT0828A_8_chemi_1993-01-01_00:00:00","NO2","Nitrogen dioxide (air)","P1Y-day-min","1 year day min","2024","8.202","ug/m3","95.08","1","Traffic","Urban","12.5090","41.8831","37.0","Roma                                                                            ","IT001C1                                           ","2808293","E1a/validated data AQ e-Reporting","07/03/2026 22:59:10","https://eeadmz1batchservice02.blob.core.windows.net/airquality-p-e1a/IT/SPO.IT0828A_8_chemi_1993-01-01_00_00_00.parquet","hour"
"Italy","NET.IT112A","Regione Lazio","IT0953A","VILLA ADA","SPO.IT0953A_21_GC-FID_1997-10-01_00:00:00","C6H5-CH3","Toluene (air)","P1Y","Annual mean / 1 calendar year","2024","1.671","ug/m3","93.84","1","Background","Urban","12.5069","41.9329","50.0","Roma                                                                            ","IT001C1                                           ","2808293","E1a/validated data AQ e-Reporting","07/03/2026 22:58:16","https://eeadmz1batchservice02.blob.core.windows.net/airquality-p-e1a/IT/SPO.IT0953A_21_GC-FID_1997-10-01_00_00_00.parquet","hour"
"Italy","NET.IT112A","Regione Lazio","IT0828A","L.GO MAGNA GRECIA","SPO.IT0828A_8_chemi_1993-01-01_00:00:00","NO2","Nitrogen dioxide (air)","P1Y-hr-max19","1 year hour max19","2024","112.383","ug/m3","91.77","1","Traffic","Urban","12.5090","41.8831","37.0","Roma                                                                            ","IT001C1                                           ","2808293","E1a/validated data AQ e-Reporting","07/03/2026 23:00:28","https://eeadmz1batchservice02.blob.core.windows.net/airquality-p-e1a/IT/SPO.IT0828A_8_chemi_1993-01-01_00_00_00.parquet","hour"
"Italy","NET.IT112A","Regione Lazio","IT0953A","VILLA ADA","SPO.IT0953A_38_chemi_1997-01-01_00:00:00","NO","Nitrogen monoxide (air)","P1Y","Annual mean / 1 calendar year","2024","6.679","ug/m3","90.99","1","Background","Urban","12.5069","41.9329","50.0","Roma                                                                            ","IT001C1                                           ","2808293","E1a/validated data AQ e-Reporting","07/03/2026 22:58:16","https://eeadmz1batchservice02.blob.core.windows.net/airquality-p-e1a/IT/SPO.IT0953A_38_chemi_1997-01-01_00_00_00.parquet","hour"
"Italy","NET.IT112A","Regione Lazio","IT0956A","CINECITTA","SPO.IT0956A_8_chemi_1998-01-13_00:00:00","NO2","Nitrogen dioxide (air)","P3Y","3 subsequent calendar years mean","2024","27.697","ug/m3","93.29","1","Background","Urban","12.5687","41.8577","48.0","Roma                                                                            ","IT001C1                                           ","2808293","E1a/validated data AQ e-Reporting","07/03/2026 23:01:54","https://eeadmz1batchservice02.blob.core.windows.net/airquality-p-e1a/IT/SPO.IT0956A_8_chemi_1998-01-13_00_00_00.parquet","hour"
"Italy","NET.IT112A","Regione Lazio","IT0825A","C.SO FRANCIA","SPO.IT0825A_38_chemi_1997-10-01_00:00:00","NO","Nitrogen monoxide (air)","P1Y-day-max","1 year day max","2024","106.924","ug/m3","98.36","1","Traffic","Urban","12.4696","41.9474","35.0","Roma                                                                            ","IT001C1                                           ","2808293","E1a/validated data AQ e-Reporting","07/03/2026 22:58:50","https://eeadmz1batchservice02.blob.core.windows.net/airquality-p-e1a/IT/SPO.IT0825A_38_chemi_1997-10-01_00_00_00.parquet","hour"
"Italy","NET.IT112A","Regione Lazio","IT0953A","VILLA ADA","SPO.IT0953A_7_UV-P_1997-01-30_00:00:00","O3","Ozone (air)","P1Y-dx-max26","1 year daymax max 26","2024","119.983","ug/m3","93.99","1","Background","Urban","12.5069","41.9329","50.0","Roma                                                                            ","IT001C1                                           ","2808293","E1a/validated data AQ e-Reporting","07/03/2026 23:00:17","https://eeadmz1batchservice02.blob.core.windows.net/airquality-p-e1a/IT/SPO.IT0953A_7_UV-P_1997-01-30_00_00_00.parquet","hour"
"Italy","NET.IT112A","Regione Lazio","IT0953A","VILLA ADA","SPO.IT0953A_7_UV-P_1997-01-30_00:00:00","O3","Ozone (air)","P1Y-hr-per50","1 year 50 percentile","2024","46.184","ug/m3","96.66","1","Background","Urban","12.5069","41.9329","50.0","Roma                                                                            ","IT001C1                                           ","2808293","E1a/validated data AQ e-Reporting","07/03/2026 23:00:56","https://eeadmz1batchservice02.blob.core.windows.net/airquality-p-e1a/IT/SPO.IT0953A_7_UV-P_1997-01-30_00_00_00.parquet","hour"
"Italy","NET.IT112A","Regione Lazio","IT0825A","C.SO FRANCIA","SPO.IT0825A_431_other_2006-07-26_00:00:00","C6H5-C2H5","Ethyl benzene (air)","P1Y-day-per50","1 year 50 %ile of daily values in a year","2024","0.522","ug/m3","96.17","1","Traffic","Urban","12.4696","41.9474","35.0","Roma                                                                            ","IT001C1                                           ","2808293","E1a/validated data AQ e-Reporting","07/03/2026 22:59:18","https://eeadmz1batchservice02.blob.core.windows.net/airquality-p-e1a/IT/SPO.IT0825A_431_other_2006-07-26_00_00_00.parquet","hour"
"Italy","NET.IT112A","Regione Lazio","IT1837A","FERMI","SPO.IT1837A_8_chemi_2006-12-17_00:00:00","NO2","Nitrogen dioxide (air)","P1Y-day-max","1 year day max","2024","87.967","ug/m3","98.63","1","Traffic","Urban","12.4696","41.8640","17.0","Roma                                                                            ","IT001C1                                           ","2808293","E1a/validated data AQ e-Reporting","07/03/2026 22:58:50","https://eeadmz1batchservice02.blob.core.windows.net/airquality-p-e1a/IT/SPO.IT1837A_8_chemi_2006-12-17_00_00_00.parquet","hour"
"Italy","NET.IT112A","Regione Lazio","IT1837A","FERMI","SPO.IT1837A_8_chemi_2006-12-17_00:00:00","NO2","Nitrogen dioxide (air)","P1Y-day-min","1 year day min","2024","14.454","ug/m3","98.63","1","Traffic","Urban","12.4696","41.8640","17.0","Roma                                                                            ","IT001C1                                           ","2808293","E1a/validated data AQ e-Reporting","07/03/2026 22:59:10","https://eeadmz1batchservice02.blob.core.windows.net/airquality-p-e1a/IT/SPO.IT1837A_8_chemi_2006-12-17_00_00_00.parquet","hour"
"Italy","NET.IT112A","Regione Lazio","IT1835A","BUFALOTTA","SPO.IT1835A_7_UV-P_2006-12-06_00:00:00","O3","Ozone (air)","AOT40f","AOT40 for forest protection","2024","16980.837","ug/m3","99.50","1","Background","Urban","12.5337","41.9477","36.0","Roma                                                                            ","IT001C1                                           ","2808293","E1a/validated data AQ e-Reporting","07/03/2026 22:17:37","https://eeadmz1batchservice02.blob.core.windows.net/airquality-p-e1a/IT/SPO.IT1835A_7_UV-P_2006-12-06_00_00_00.parquet","hour"
"Italy","NET.IT112A","Regione Lazio","IT0825A","C.SO FRANCIA","SPO.IT0825A_464_other_2006-07-26_00:00:00","m,p-C6H4(CH3)2","m,p-Xylene (air)","P1Y-day-max","1 year day max","2024","13.234","ug/m3","96.17","1","Traffic","Urban","12.4696","41.9474","35.0","Roma                                                                            ","IT001C1                                           ","2808293","E1a/validated data AQ e-Reporting","07/03/2026 22:58:50","https://eeadmz1batchservice02.blob.core.windows.net/airquality-p-e1a/IT/SPO.IT0825A_464_other_2006-07-26_00_00_00.parquet","hour"
"Italy","NET.IT112A","Regione Lazio","IT1835A","BUFALOTTA","SPO.IT1835A_7_UV-P_2006-12-06_00:00:00","O3","Ozone (air)","P1Y-day-per50","1 year 50 %ile of daily values in a year","2024","45.685","ug/m3","95.90","1","Background","Urban","12.5337","41.9477","36.0","Roma                                                                            ","IT001C1                                           ","2808293","E1a/validated data AQ e-Reporting","07/03/2026 22:59:18","https://eeadmz1batchservice02.blob.core.windows.net/airquality-p-e1a/IT/SPO.IT1835A_7_UV-P_2006-12-06_00_00_00.parquet","hour"
"Italy","NET.IT112A","Regione Lazio","IT1835A","BUFALOTTA","SPO.IT1835A_7_UV-P_2006-12-06_00:00:00","O3","Ozone (air)","P1Y-dmaxAbove100","1 year daymax exceed 100","2024","39.000","count","95.90","1","Background","Urban","12.5337","41.9477","36.0","Roma                                                                            ","IT001C1                                           ","2808293","E1a/validated data AQ e-Reporting","07/03/2026 22:59:50","https://eeadmz1batchservice02.blob.core.windows.net/airquality-p-e1a/IT/SPO.IT1835A_7_UV-P_2006-12-06_00_00_00.parquet","hour"
"Italy","NET.IT112A","Regione Lazio","IT1176A","L.GO PERESTRELLO","SPO.IT1176A_38_chemi_1998-03-17_00:00:00","NO","Nitrogen monoxide (air)","P1Y","Annual mean / 1 calendar year","2024","13.501","ug/m3","95.39","1","Background","Urban","12.5416","41.8860","28.0","Roma                                                                            ","IT001C1                                           ","2808293","E1a/validated data AQ e-Reporting","07/03/2026 22:58:16","https://eeadmz1batchservice02.blob.core.windows.net/airquality-p-e1a/IT/SPO.IT1176A_38_chemi_1998-03-17_00_00_00.parquet","hour"
"Italy","NET.IT112A","Regione Lazio","IT1835A","BUFALOTTA","SPO.IT1835A_7_UV-P_2006-12-06_00:00:00","O3","Ozone (air)","P1Y-maxP6M-P8H-dmax","Yearly highest six monthly average of daily maximum 8-hour mean concentration","2024","88.358","ug/m3","100.00","1","Background","Urban","12.5337","41.9477","36.0","Roma                                                                            ","IT001C1                                           ","2808293","E1a/validated data AQ e-Reporting","07/03/2026 23:01:29","https://eeadmz1batchservice02.blob.core.windows.net/airquality-p-e1a/IT/SPO.IT1835A_7_UV-P_2006-12-06_00_00_00.parquet","hour"
"Italy","NET.IT112A","Regione Lazio","IT0953A","VILLA ADA","SPO.IT0953A_8_chemi_1998-01-01_00:00:00","NO2","Nitrogen dioxide (air)","P1Y-3hAbove400","3 consecutive hours in exceedance of 400","2024","0.000","count","91.89","1","Background","Urban","12.5069","41.9329","50.0","Roma                                                                            ","IT001C1                                           ","2808293","E1a/validated data AQ e-Reporting","07/03/2026 22:58:40","https://eeadmz1batchservice02.blob.core.windows.net/airquality-p-e1a/IT/SPO.IT0953A_8_chemi_1998-01-01_00_00_00.parquet","hour"
"Italy","NET.IT112A","Regione Lazio","IT0953A","VILLA ADA","SPO.IT0953A_8_chemi_1998-01-01_00:00:00","NO2","Nitrogen dioxide (air)","P1Y-hr-max-per99.97","1 year 99.97 %ile of hourly values in a given year","2024","91.585","ug/m3","91.89","1","Background","Urban","12.5069","41.9329","50.0","Roma                                                                            ","IT001C1                                           ","2808293","E1a/validated data AQ e-Reporting","07/03/2026 23:00:44","https://eeadmz1batchservice02.blob.core.windows.net/airquality-p-e1a/IT/SPO.IT0953A_8_chemi_1998-01-01_00_00_00.parquet","hour"
"Italy","NET.IT112A","Regione Lazio","IT1835A","BUFALOTTA","SPO.IT1835A_8_chemi_2019-03-18_00:00:00","NO2","Nitrogen dioxide (air)","P1Y-hr-max","1 year hour max","2024","118.623","ug/m3","93.28","1","Background","Urban","12.5337","41.9477","36.0","Roma                                                                            ","IT001C1                                           ","2808293","E1a/validated data AQ e-Reporting","07/03/2026 23:00:20","https://eeadmz1batchservice02.blob.core.windows.net/airquality-p-e1a/IT/SPO.IT1835A_8_chemi_2019-03-18_00_00_00.parquet","hour"
"Italy","NET.IT112A","Regione Lazio","IT0956A","CINECITTA","SPO.IT0956A_8_chemi_1998-01-13_00:00:00","NO2","Nitrogen dioxide (air)","P1Y-3hAbove200","3 consecutive hours in exceedance of 200","2024","0.000","count","93.35","1","Background","Urban","12.5687","41.8577","48.0","Roma                                                                            ","IT001C1                                           ","2808293","E1a/validated data AQ e-Reporting","07/03/2026 22:58:33","https://eeadmz1batchservice02.blob.core.windows.net/airquality-p-e1a/IT/SPO.IT0956A_8_chemi_1998-01-13_00_00_00.parquet","hour"
"Italy","NET.IT112A","Regione Lazio","IT0956A","CINECITTA","SPO.IT0956A_8_chemi_1998-01-13_00:00:00","NO2","Nitrogen dioxide (air)","P1Y-hrsAbove150","1 year hour exceed 150","2024","0.000","count","93.35","1","Background","Urban","12.5687","41.8577","48.0","Roma                                                                            ","IT001C1                                           ","2808293","E1a/validated data AQ e-Reporting","07/03/2026 23:01:03","https://eeadmz1batchservice02.blob.core.windows.net/airquality-p-e1a/IT/SPO.IT0956A_8_chemi_1998-01-13_00_00_00.parquet","hour"
"Italy","NET.IT112A","Regione Lazio","IT1176A","L.GO PERESTRELLO","SPO.IT1176A_8_chemi_1998-03-17_00:00:00","NO2","Nitrogen dioxide (air)","P1Y-daysAbove50","1 year day exceed 50","2024","1.000","count","99.45","1","Background","Urban","12.5416","41.8860","28.0","Roma                                                                            ","IT001C1                                           ","2808293","E1a/validated data AQ e-Reporting","07/03/2026 22:59:41","https://eeadmz1batchservice02.blob.core.windows.net/airquality-p-e1a/IT/SPO.IT1176A_8_chemi_1998-03-17_00_00_00.parquet","hour"
"Italy","NET.IT112A","Regione Lazio","IT0956A","CINECITTA","SPO.IT0956A_9_chemi_1998-01-13_00:00:00","NOX as NO2","Nitrogen oxides (air)","P1Y-hr-min","1 year hour min","2024","2.790","ug/m3","93.35","1","Background","Urban","12.5687","41.8577","48.0","Roma                                                                            ","IT001C1                                           ","2808293","E1a/validated data AQ e-Reporting","07/03/2026 23:00:48","https://eeadmz1batchservice02.blob.core.windows.net/airquality-p-e1a/IT/SPO.IT0956A_9_chemi_1998-01-13_00_00_00.parquet","hour"
"Italy","NET.IT112A","Regione Lazio","IT1906A","ARENULA","SPO.IT1906A_38_chemi_2008-02-03_00:00:00","NO","Nitrogen monoxide (air)","P1Y","Annual mean / 1 calendar year","2024","10.247","ug/m3","95.39","1","Background","Urban","12.4754","41.8940","17.0","Roma                                                                            ","IT001C1                                           ","2808293","E1a/validated data AQ e-Reporting","07/03/2026 22:58:16","https://eeadmz1batchservice02.blob.core.windows.net/airquality-p-e1a/IT/SPO.IT1906A_38_chemi_2008-02-03_00_00_00.parquet","hour"
"Italy","NET.IT112A","Regione Lazio","IT0953A","VILLA ADA","SPO.IT0953A_7_UV-P_1997-01-30_00:00:00","O3","Ozone (air)","AOT40c","AOT40 vegetation protection","2024","20052.093","ug/m3","95.92","1","Background","Urban","12.5069","41.9329","50.0","Roma                                                                            ","IT001C1                                           ","2808293","E1a/validated data AQ e-Reporting","07/03/2026 22:17:26","https://eeadmz1batchservice02.blob.core.windows.net/airquality-p-e1a/IT/SPO.IT0953A_7_UV-P_1997-01-30_00_00_00.parquet","hour"
"Italy","NET.IT112A","Regione Lazio","IT1906A","ARENULA","SPO.IT1906A_7_UV-P_2009-11-29_00:00:00","O3","Ozone (air)","AOT40f","AOT40 for forest protection","2024","466.496","ug/m3","97.91","1","Background","Urban","12.4754","41.8940","17.0","Roma                                                                            ","IT001C1                                           ","2808293","E1a/validated data AQ e-Reporting","07/03/2026 22:17:37","https://eeadmz1batchservice02.blob.core.windows.net/airquality-p-e1a/IT/SPO.IT1906A_7_UV-P_2009-11-29_00_00_00.parquet","hour"
"Italy","NET.IT112A","Regione Lazio","IT1906A","ARENULA","SPO.IT1906A_7_UV-P_2009-11-29_00:00:00","O3","Ozone (air)","P1Y-dmaxAbove120","1 year daymax exceed 120","2024","0.000","count","97.81","1","Background","Urban","12.4754","41.8940","17.0","Roma                                                                            ","IT001C1                                           ","2808293","E1a/validated data AQ e-Reporting","07/03/2026 22:59:53","https://eeadmz1batchservice02.blob.core.windows.net/airquality-p-e1a/IT/SPO.IT1906A_7_UV-P_2009-11-29_00_00_00.parquet","hour"
"Italy","NET.IT112A","Regione Lazio","IT1906A","ARENULA","SPO.IT1906A_7_UV-P_2009-11-29_00:00:00","O3","Ozone (air)","P1Y-dx-max26","1 year daymax max 26","2024","75.405","ug/m3","97.81","1","Background","Urban","12.4754","41.8940","17.0","Roma                                                                            ","IT001C1                                           ","2808293","E1a/validated data AQ e-Reporting","07/03/2026 23:00:17","https://eeadmz1batchservice02.blob.core.windows.net/airquality-p-e1a/IT/SPO.IT1906A_7_UV-P_2009-11-29_00_00_00.parquet","hour"
"Italy","NET.IT112A","Regione Lazio","IT0953A","VILLA ADA","SPO.IT0953A_8_chemi_1998-01-01_00:00:00","NO2","Nitrogen dioxide (air)","P1Y-hr-max19","1 year hour max19","2024","74.973","ug/m3","91.89","1","Background","Urban","12.5069","41.9329","50.0","Roma                                                                            ","IT001C1                                           ","2808293","E1a/validated data AQ e-Reporting","07/03/2026 23:00:28","https://eeadmz1batchservice02.blob.core.windows.net/airquality-p-e1a/IT/SPO.IT0953A_8_chemi_1998-01-01_00_00_00.parquet","hour"
"Italy","NET.IT112A","Regione Lazio","IT0953A","VILLA ADA","SPO.IT0953A_9_chemi_1997-01-01_00:00:00","NOX as NO2","Nitrogen oxides (air)","P1Y-day-min","1 year day min","2024","4.917","ug/m3","92.90","1","Background","Urban","12.5069","41.9329","50.0","Roma                                                                            ","IT001C1                                           ","2808293","E1a/validated data AQ e-Reporting","07/03/2026 22:59:10","https://eeadmz1batchservice02.blob.core.windows.net/airquality-p-e1a/IT/SPO.IT0953A_9_chemi_1997-01-01_00_00_00.parquet","hour"
"Italy","NET.IT112A","Regione Lazio","IT0956A","CINECITTA","SPO.IT0956A_7_UV-P_2006-06-01_00:00:00","O3","Ozone (air)","P1Y-day-max","1 year day max","2024","85.779","ug/m3","93.72","1","Background","Urban","12.5687","41.8577","48.0","Roma                                                                            ","IT001C1                                           ","2808293","E1a/validated data AQ e-Reporting","07/03/2026 22:58:50","https://eeadmz1batchservice02.blob.core.windows.net/airquality-p-e1a/IT/SPO.IT0956A_7_UV-P_2006-06-01_00_00_00.parquet","hour"
"Italy","NET.IT112A","Regione Lazio","IT0828A","L.GO MAGNA GRECIA","SPO.IT0828A_8_chemi_1993-01-01_00:00:00","NO2","Nitrogen dioxide (air)","P1Y","Annual mean / 1 calendar year","2024","39.667","ug/m3","91.77","1","Traffic","Urban","12.5090","41.8831","37.0","Roma                                                                            ","IT001C1                                           ","2808293","E1a/validated data AQ e-Reporting","07/03/2026 22:58:16","https://eeadmz1batchservice02.blob.core.windows.net/airquality-p-e1a/IT/SPO.IT0828A_8_chemi_1993-01-01_00_00_00.parquet","hour"
"Italy","NET.IT112A","Regione Lazio","IT0828A","L.GO MAGNA GRECIA","SPO.IT0828A_8_chemi_1993-01-01_00:00:00","NO2","Nitrogen dioxide (air)","P1Y-day-max","1 year day max","2024","85.275","ug/m3","95.08","1","Traffic","Urban","12.5090","41.8831","37.0","Roma                                                                            ","IT001C1                                           ","2808293","E1a/validated data AQ e-Reporting","07/03/2026 22:58:50","https://eeadmz1batchservice02.blob.core.windows.net/airquality-p-e1a/IT/SPO.IT0828A_8_chemi_1993-01-01_00_00_00.parquet","hour"
"Italy","NET.IT112A","Regione Lazio","IT0828A","L.GO MAGNA GRECIA","SPO.IT0828A_9_chemi_1993-01-01_00:00:00","NOX as NO2","Nitrogen oxides (air)","P1Y-day-max","1 year day max","2024","201.303","ug/m3","94.81","1","Traffic","Urban","12.5090","41.8831","37.0","Roma                                                                            ","IT001C1                                           ","2808293","E1a/validated data AQ e-Reporting","07/03/2026 22:58:50","https://eeadmz1batchservice02.blob.core.windows.net/airquality-p-e1a/IT/SPO.IT0828A_9_chemi_1993-01-01_00_00_00.parquet","hour"
"Italy","NET.IT112A","Regione Lazio","IT0953A","VILLA ADA","SPO.IT0953A_10_NDIR_1997-01-01_00:00:00","CO","Carbon monoxide (air)","P1Y-daysAbove4","1 year day exceed 4","2024","0.000","count","93.72","1","Background","Urban","12.5069","41.9329","50.0","Roma                                                                            ","IT001C1                                           ","2808293","E1a/validated data AQ e-Reporting","07/03/2026 22:59:33","https://eeadmz1batchservice02.blob.core.windows.net/airquality-p-e1a/IT/SPO.IT0953A_10_NDIR_1997-01-01_00_00_00.parquet","hour"
"Italy","NET.IT112A","Regione Lazio","IT1837A","FERMI","SPO.IT1837A_8_chemi_2006-12-17_00:00:00","NO2","Nitrogen dioxide (air)","P1Y-hrsAbove150","1 year hour exceed 150","2024","0.000","count","95.06","1","Traffic","Urban","12.4696","41.8640","17.0","Roma                                                                            ","IT001C1                                           ","2808293","E1a/validated data AQ e-Reporting","07/03/2026 23:01:03","https://eeadmz1batchservice02.blob.core.windows.net/airquality-p-e1a/IT/SPO.IT1837A_8_chemi_2006-12-17_00_00_00.parquet","hour"
"Italy","NET.IT112A","Regione Lazio","IT1906A","ARENULA","SPO.IT1906A_8_chemi_2008-02-03_00:00:00","NO2","Nitrogen dioxide (air)","P1Y-hrsAbove200","1 year hour exceed 200","2024","0.000","count","95.39","1","Background","Urban","12.4754","41.8940","17.0","Roma                                                                            ","IT001C1                                           ","2808293","E1a/validated data AQ e-Reporting","07/03/2026 23:01:10","https://eeadmz1batchservice02.blob.core.windows.net/airquality-p-e1a/IT/SPO.IT1906A_8_chemi_2008-02-03_00_00_00.parquet","hour"
"Italy","NET.IT112A","Regione Lazio","IT1837A","FERMI","SPO.IT1837A_431_other_2006-12-17_00:00:00","C6H5-C2H5","Ethyl benzene (air)","P1Y-hr-min","1 year hour min","2024","0.000","ug/m3","96.33","1","Traffic","Urban","12.4696","41.8640","17.0","Roma                                                                            ","IT001C1                                           ","2808293","E1a/validated data AQ e-Reporting","07/03/2026 23:00:48","https://eeadmz1batchservice02.blob.core.windows.net/airquality-p-e1a/IT/SPO.IT1837A_431_other_2006-12-17_00_00_00.parquet","hour"
"Italy","NET.IT112A","Regione Lazio","IT1837A","FERMI","SPO.IT1837A_8_chemi_2006-12-17_00:00:00","NO2","Nitrogen dioxide (air)","P1Y-hrsAbove200","1 year hour exceed 200","2024","0.000","count","95.06","1","Traffic","Urban","12.4696","41.8640","17.0","Roma                                                                            ","IT001C1                                           ","2808293","E1a/validated data AQ e-Reporting","07/03/2026 23:01:10","https://eeadmz1batchservice02.blob.core.windows.net/airquality-p-e1a/IT/SPO.IT1837A_8_chemi_2006-12-17_00_00_00.parquet","hour"
"Italy","NET.IT112A","Regione Lazio","IT0953A","VILLA ADA","SPO.IT0953A_464_other_1997-10-01_00:00:00","m,p-C6H4(CH3)2","m,p-Xylene (air)","P1Y-hr-min","1 year hour min","2024","0.000","ug/m3","93.85","1","Background","Urban","12.5069","41.9329","50.0","Roma                                                                            ","IT001C1                                           ","2808293","E1a/validated data AQ e-Reporting","07/03/2026 23:00:48","https://eeadmz1batchservice02.blob.core.windows.net/airquality-p-e1a/IT/SPO.IT0953A_464_other_1997-10-01_00_00_00.parquet","hour"
"Italy","NET.IT112A","Regione Lazio","IT1176A","L.GO PERESTRELLO","SPO.IT1176A_7_UV-P_1998-03-17_00:00:00","O3","Ozone (air)","P1Y-hrsAbove240","1 year hour exceed 240","2024","0.000","count","99.46","1","Background","Urban","12.5416","41.8860","28.0","Roma                                                                            ","IT001C1                                           ","2808293","E1a/validated data AQ e-Reporting","07/03/2026 23:01:14","https://eeadmz1batchservice02.blob.core.windows.net/airquality-p-e1a/IT/SPO.IT1176A_7_UV-P_1998-03-17_00_00_00.parquet","hour"
"Italy","NET.IT112A","Regione Lazio","IT1835A","BUFALOTTA","SPO.IT1835A_7_UV-P_2006-12-06_00:00:00","O3","Ozone (air)","P1Y-hrsAbove240","1 year hour exceed 240","2024","0.000","count","97.39","1","Background","Urban","12.5337","41.9477","36.0","Roma                                                                            ","IT001C1                                           ","2808293","E1a/validated data AQ e-Reporting","07/03/2026 23:01:14","https://eeadmz1batchservice02.blob.core.windows.net/airquality-p-e1a/IT/SPO.IT1835A_7_UV-P_2006-12-06_00_00_00.parquet","hour"
"Italy","NET.IT112A","Regione Lazio","IT1176A","L.GO PERESTRELLO","SPO.IT1176A_8_chemi_1998-03-17_00:00:00","NO2","Nitrogen dioxide (air)","P1Y-3hAbove400","3 consecutive hours in exceedance of 400","2024","0.000","count","95.38","1","Background","Urban","12.5416","41.8860","28.0","Roma                                                                            ","IT001C1                                           ","2808293","E1a/validated data AQ e-Reporting","07/03/2026 22:58:40","https://eeadmz1batchservice02.blob.core.windows.net/airquality-p-e1a/IT/SPO.IT1176A_8_chemi_1998-03-17_00_00_00.parquet","hour"
"Italy","NET.IT112A","Regione Lazio","IT1834A","TIBURTINA","SPO.IT1834A_8_chemi_2006-12-06_00:00:00","NO2","Nitrogen dioxide (air)","P1Y-3hAbove200","3 consecutive hours in exceedance of 200","2024","0.000","count","95.22","1","Traffic","Urban","12.5489","41.9103","26.0","Roma                                                                            ","IT001C1                                           ","2808293","E1a/validated data AQ e-Reporting","07/03/2026 22:58:33","https://eeadmz1batchservice02.blob.core.windows.net/airquality-p-e1a/IT/SPO.IT1834A_8_chemi_2006-12-06_00_00_00.parquet","hour"
"Italy","NET.IT112A","Regione Lazio","IT1834A","TIBURTINA","SPO.IT1834A_8_chemi_2006-12-06_00:00:00","NO2","Nitrogen dioxide (air)","P1Y-3hAbove400","3 consecutive hours in exceedance of 400","2024","0.000","count","95.22","1","Traffic","Urban","12.5489","41.9103","26.0","Roma                                                                            ","IT001C1                                           ","2808293","E1a/validated data AQ e-Reporting","07/03/2026 22:58:40","https://eeadmz1batchservice02.blob.core.windows.net/airquality-p-e1a/IT/SPO.IT1834A_8_chemi_2006-12-06_00_00_00.parquet","hour"
"Italy","NET.IT112A","Regione Lazio","IT1835A","BUFALOTTA","SPO.IT1835A_8_chemi_2019-03-18_00:00:00","NO2","Nitrogen dioxide (air)","P1Y-hr-min","1 year hour min","2024","0.000","ug/m3","93.28","1","Background","Urban","12.5337","41.9477","36.0","Roma                                                                            ","IT001C1                                           ","2808293","E1a/validated data AQ e-Reporting","07/03/2026 23:00:48","https://eeadmz1batchservice02.blob.core.windows.net/airquality-p-e1a/IT/SPO.IT1835A_8_chemi_2019-03-18_00_00_00.parquet","hour"
"Italy","NET.IT112A","Regione Lazio","IT0956A","CINECITTA","SPO.IT0956A_9_chemi_1998-01-13_00:00:00","NOX as NO2","Nitrogen oxides (air)","P1Y-day-min","1 year day min","2024","9.687","ug/m3","95.36","1","Background","Urban","12.5687","41.8577","48.0","Roma                                                                            ","IT001C1                                           ","2808293","E1a/validated data AQ e-Reporting","07/03/2026 22:59:10","https://eeadmz1batchservice02.blob.core.windows.net/airquality-p-e1a/IT/SPO.IT0956A_9_chemi_1998-01-13_00_00_00.parquet","hour"
"Italy","NET.IT112A","Regione Lazio","IT0956A","CINECITTA","SPO.IT0956A_9_chemi_1998-01-13_00:00:00","NOX as NO2","Nitrogen oxides (air)","P1Y-hr-per50","1 year 50 percentile","2024","25.901","ug/m3","93.35","1","Background","Urban","12.5687","41.8577","48.0","Roma                                                                            ","IT001C1                                           ","2808293","E1a/validated data AQ e-Reporting","07/03/2026 23:00:56","https://eeadmz1batchservice02.blob.core.windows.net/airquality-p-e1a/IT/SPO.IT0956A_9_chemi_1998-01-13_00_00_00.parquet","hour"
"Italy","NET.IT112A","Regione Lazio","IT0956A","CINECITTA","SPO.IT0956A_9_chemi_1998-01-13_00:00:00","NOX as NO2","Nitrogen oxides (air)","P3Y","3 subsequent calendar years mean","2024","46.972","ug/m3","93.32","1","Background","Urban","12.5687","41.8577","48.0","Roma                                                                            ","IT001C1                                           ","2808293","E1a/validated data AQ e-Reporting","07/03/2026 23:01:54","https://eeadmz1batchservice02.blob.core.windows.net/airquality-p-e1a/IT/SPO.IT0956A_9_chemi_1998-01-13_00_00_00.parquet","hour"
"Italy","NET.IT112A","Regione Lazio","IT1906A","ARENULA","SPO.IT1906A_7_UV-P_2009-11-29_00:00:00","O3","Ozone (air)","P1Y-day-max","1 year day max","2024","69.181","ug/m3","97.81","1","Background","Urban","12.4754","41.8940","17.0","Roma                                                                            ","IT001C1                                           ","2808293","E1a/validated data AQ e-Reporting","07/03/2026 22:58:50","https://eeadmz1batchservice02.blob.core.windows.net/airquality-p-e1a/IT/SPO.IT1906A_7_UV-P_2009-11-29_00_00_00.parquet","hour"
"Italy","NET.IT112A","Regione Lazio","IT1906A","ARENULA","SPO.IT1906A_7_UV-P_2009-11-29_00:00:00","O3","Ozone (air)","P1Y-dmax-per95.07","1 year 95.07 percentile daily 8h maximum","2024","76.780","ug/m3","97.81","1","Background","Urban","12.4754","41.8940","17.0","Roma                                                                            ","IT001C1                                           ","2808293","E1a/validated data AQ e-Reporting","07/03/2026 23:00:01","https://eeadmz1batchservice02.blob.core.windows.net/airquality-p-e1a/IT/SPO.IT1906A_7_UV-P_2009-11-29_00_00_00.parquet","hour"
"Italy","NET.IT112A","Regione Lazio","IT1906A","ARENULA","SPO.IT1906A_8_chemi_2008-02-03_00:00:00","NO2","Nitrogen dioxide (air)","P1Y-hr-max-per99.79","1 year 99.79 %ile of hourly values in a given year","2024","101.635","ug/m3","95.39","1","Background","Urban","12.4754","41.8940","17.0","Roma                                                                            ","IT001C1                                           ","2808293","E1a/validated data AQ e-Reporting","07/03/2026 23:00:40","https://eeadmz1batchservice02.blob.core.windows.net/airquality-p-e1a/IT/SPO.IT1906A_8_chemi_2008-02-03_00_00_00.parquet","hour"
"Italy","NET.IT112A","Regione Lazio","IT0953A","VILLA ADA","SPO.IT0953A_38_chemi_1997-01-01_00:00:00","NO","Nitrogen monoxide (air)","P1Y-day-min","1 year day min","2024","0.007","ug/m3","92.35","1","Background","Urban","12.5069","41.9329","50.0","Roma                                                                            ","IT001C1                                           ","2808293","E1a/validated data AQ e-Reporting","07/03/2026 22:59:10","https://eeadmz1batchservice02.blob.core.windows.net/airquality-p-e1a/IT/SPO.IT0953A_38_chemi_1997-01-01_00_00_00.parquet","hour"
"Italy","NET.IT112A","Regione Lazio","IT0953A","VILLA ADA","SPO.IT0953A_7_UV-P_1997-01-30_00:00:00","O3","Ozone (air)","P1Y-dmaxAbove100","1 year daymax exceed 100","2024","82.000","count","93.99","1","Background","Urban","12.5069","41.9329","50.0","Roma                                                                            ","IT001C1                                           ","2808293","E1a/validated data AQ e-Reporting","07/03/2026 22:59:50","https://eeadmz1batchservice02.blob.core.windows.net/airquality-p-e1a/IT/SPO.IT0953A_7_UV-P_1997-01-30_00_00_00.parquet","hour"
"Italy","NET.IT112A","Regione Lazio","IT0953A","VILLA ADA","SPO.IT0953A_7_UV-P_1997-01-30_00:00:00","O3","Ozone (air)","SOMO35","Sum of Ozone Means Over 35 ppb","2024","6065.942","ug/m3","93.99","1","Background","Urban","12.5069","41.9329","50.0","Roma                                                                            ","IT001C1                                           ","2808293","E1a/validated data AQ e-Reporting","07/03/2026 23:07:25","https://eeadmz1batchservice02.blob.core.windows.net/airquality-p-e1a/IT/SPO.IT0953A_7_UV-P_1997-01-30_00_00_00.parquet","hour"
"Italy","NET.IT112A","Regione Lazio","IT0956A","CINECITTA","SPO.IT0956A_38_chemi_1998-01-13_00:00:00","NO","Nitrogen monoxide (air)","P1Y","Annual mean / 1 calendar year","2024","10.291","ug/m3","93.35","1","Background","Urban","12.5687","41.8577","48.0","Roma                                                                            ","IT001C1                                           ","2808293","E1a/validated data AQ e-Reporting","07/03/2026 22:58:16","https://eeadmz1batchservice02.blob.core.windows.net/airquality-p-e1a/IT/SPO.IT0956A_38_chemi_1998-01-13_00_00_00.parquet","hour"
"Italy","NET.IT112A","Regione Lazio","IT0956A","CINECITTA","SPO.IT0956A_38_chemi_1998-01-13_00:00:00","NO","Nitrogen monoxide (air)","P1Y-hr-per50","1 year 50 percentile","2024","1.436","ug/m3","93.35","1","Background","Urban","12.5687","41.8577","48.0","Roma                                                                            ","IT001C1                                           ","2808293","E1a/validated data AQ e-Reporting","07/03/2026 23:00:56","https://eeadmz1batchservice02.blob.core.windows.net/airquality-p-e1a/IT/SPO.IT0956A_38_chemi_1998-01-13_00_00_00.parquet","hour"
"Italy","NET.IT112A","Regione Lazio","IT0956A","CINECITTA","SPO.IT0956A_7_UV-P_2006-06-01_00:00:00","O3","Ozone (air)","P1Y-day-min","1 year day min","2024","1.079","ug/m3","93.72","1","Background","Urban","12.5687","41.8577","48.0","Roma                                                                            ","IT001C1                                           ","2808293","E1a/validated data AQ e-Reporting","07/03/2026 22:59:10","https://eeadmz1batchservice02.blob.core.windows.net/airquality-p-e1a/IT/SPO.IT0956A_7_UV-P_2006-06-01_00_00_00.parquet","hour"
"Italy","NET.IT112A","Regione Lazio","IT0953A","VILLA ADA","SPO.IT0953A_7_UV-P_1997-01-30_00:00:00","O3","Ozone (air)","P1Y-hrsAbove180","1 year hour exceed 180","2024","1.000","count","96.66","1","Background","Urban","12.5069","41.9329","50.0","Roma                                                                            ","IT001C1                                           ","2808293","E1a/validated data AQ e-Reporting","07/03/2026 23:01:07","https://eeadmz1batchservice02.blob.core.windows.net/airquality-p-e1a/IT/SPO.IT0953A_7_UV-P_1997-01-30_00_00_00.parquet","hour"
"Italy","NET.IT112A","Regione Lazio","IT0953A","VILLA ADA","SPO.IT0953A_7_UV-P_1997-01-30_00:00:00","O3","Ozone (air)","P3Y","3 subsequent calendar years mean","2024","43.531","ug/m3","95.80","1","Background","Urban","12.5069","41.9329","50.0","Roma                                                                            ","IT001C1                                           ","2808293","E1a/validated data AQ e-Reporting","07/03/2026 23:01:54","https://eeadmz1batchservice02.blob.core.windows.net/airquality-p-e1a/IT/SPO.IT0953A_7_UV-P_1997-01-30_00_00_00.parquet","hour"
"Italy","NET.IT112A","Regione Lazio","IT0953A","VILLA ADA","SPO.IT0953A_7_UV-P_1997-01-30_00:00:00","O3","Ozone (air)","SOMO10","Sum of Ozone Means Over 10 ppb","2024","21228.062","ug/m3","93.99","1","Background","Urban","12.5069","41.9329","50.0","Roma                                                                            ","IT001C1                                           ","2808293","E1a/validated data AQ e-Reporting","07/03/2026 23:07:21","https://eeadmz1batchservice02.blob.core.windows.net/airquality-p-e1a/IT/SPO.IT0953A_7_UV-P_1997-01-30_00_00_00.parquet","hour"
"Italy","NET.IT112A","Regione Lazio","IT0953A","VILLA ADA","SPO.IT0953A_8_chemi_1998-01-01_00:00:00","NO2","Nitrogen dioxide (air)","P1Y","Annual mean / 1 calendar year","2024","19.452","ug/m3","91.89","1","Background","Urban","12.5069","41.9329","50.0","Roma                                                                            ","IT001C1                                           ","2808293","E1a/validated data AQ e-Reporting","07/03/2026 22:58:16","https://eeadmz1batchservice02.blob.core.windows.net/airquality-p-e1a/IT/SPO.IT0953A_8_chemi_1998-01-01_00_00_00.parquet","hour"
"Italy","NET.IT112A","Regione Lazio","IT1906A","ARENULA","SPO.IT1906A_8_chemi_2008-02-03_00:00:00","NO2","Nitrogen dioxide (air)","P1Y-day-max","1 year day max","2024","63.534","ug/m3","99.45","1","Background","Urban","12.4754","41.8940","17.0","Roma                                                                            ","IT001C1                                           ","2808293","E1a/validated data AQ e-Reporting","07/03/2026 22:58:50","https://eeadmz1batchservice02.blob.core.windows.net/airquality-p-e1a/IT/SPO.IT1906A_8_chemi_2008-02-03_00_00_00.parquet","hour"
"Italy","NET.IT112A","Regione Lazio","IT1906A","ARENULA","SPO.IT1906A_8_chemi_2008-02-03_00:00:00","NO2","Nitrogen dioxide (air)","P1Y-P1D-per95.07","1 year 95.07 percentile of daily means (P1D) or .../aq/primaryObservation/day","2024","52.854","ug/m3","99.45","1","Background","Urban","12.4754","41.8940","17.0","Roma                                                                            ","IT001C1                                           ","2808293","E1a/validated data AQ e-Reporting","07/03/2026 23:01:41","https://eeadmz1batchservice02.blob.core.windows.net/airquality-p-e1a/IT/SPO.IT1906A_8_chemi_2008-02-03_00_00_00.parquet","hour"
"Italy","NET.IT112A","Regione Lazio","IT1835A","BUFALOTTA","SPO.IT1835A_7_UV-P_2006-12-06_00:00:00","O3","Ozone (air)","SOMO10","Sum of Ozone Means Over 10 ppb","2024","17732.493","ug/m3","95.90","1","Background","Urban","12.5337","41.9477","36.0","Roma                                                                            ","IT001C1                                           ","2808293","E1a/validated data AQ e-Reporting","07/03/2026 23:07:21","https://eeadmz1batchservice02.blob.core.windows.net/airquality-p-e1a/IT/SPO.IT1835A_7_UV-P_2006-12-06_00_00_00.parquet","hour"
"Italy","NET.IT112A","Regione Lazio","IT1176A","L.GO PERESTRELLO","SPO.IT1176A_7_UV-P_1998-03-17_00:00:00","O3","Ozone (air)","AOT40c","AOT40 vegetation protection","2024","16957.601","ug/m3","99.91","1","Background","Urban","12.5416","41.8860","28.0","Roma                                                                            ","IT001C1                                           ","2808293","E1a/validated data AQ e-Reporting","07/03/2026 22:17:26","https://eeadmz1batchservice02.blob.core.windows.net/airquality-p-e1a/IT/SPO.IT1176A_7_UV-P_1998-03-17_00_00_00.parquet","hour"
"Italy","NET.IT112A","Regione Lazio","IT1176A","L.GO PERESTRELLO","SPO.IT1176A_7_UV-P_1998-03-17_00:00:00","O3","Ozone (air)","AOT40fmeasured","AOT40 vegetation protection","2024","30322.633","ug/m3","99.64","1","Background","Urban","12.5416","41.8860","28.0","Roma                                                                            ","IT001C1                                           ","2808293","E1a/validated data AQ e-Reporting","07/03/2026 22:17:41","https://eeadmz1batchservice02.blob.core.windows.net/airquality-p-e1a/IT/SPO.IT1176A_7_UV-P_1998-03-17_00_00_00.parquet","hour"
"Italy","NET.IT112A","Regione Lazio","IT1835A","BUFALOTTA","SPO.IT1835A_8_chemi_2019-03-18_00:00:00","NO2","Nitrogen dioxide (air)","P1Y-hr-max-per99.79","1 year 99.79 %ile of hourly values in a given year","2024","95.469","ug/m3","93.28","1","Background","Urban","12.5337","41.9477","36.0","Roma                                                                            ","IT001C1                                           ","2808293","E1a/validated data AQ e-Reporting","07/03/2026 23:00:40","https://eeadmz1batchservice02.blob.core.windows.net/airquality-p-e1a/IT/SPO.IT1835A_8_chemi_2019-03-18_00_00_00.parquet","hour"
"Italy","NET.IT112A","Regione Lazio","IT1835A","BUFALOTTA","SPO.IT1835A_8_chemi_2019-03-18_00:00:00","NO2","Nitrogen dioxide (air)","P1Y-hr-per50","1 year 50 percentile","2024","26.274","ug/m3","93.28","1","Background","Urban","12.5337","41.9477","36.0","Roma                                                                            ","IT001C1                                           ","2808293","E1a/validated data AQ e-Reporting","07/03/2026 23:00:56","https://eeadmz1batchservice02.blob.core.windows.net/airquality-p-e1a/IT/SPO.IT1835A_8_chemi_2019-03-18_00_00_00.parquet","hour"
"Italy","NET.IT112A","Regione Lazio","IT1835A","BUFALOTTA","SPO.IT1835A_8_chemi_2019-03-18_00:00:00","NO2","Nitrogen dioxide (air)","P1Y-P1D-per99","1 year 99 percentile of daily means (P1D) or .../aq/primaryObservation/day","2024","57.708","ug/m3","95.63","1","Background","Urban","12.5337","41.9477","36.0","Roma                                                                            ","IT001C1                                           ","2808293","E1a/validated data AQ e-Reporting","07/03/2026 23:01:47","https://eeadmz1batchservice02.blob.core.windows.net/airquality-p-e1a/IT/SPO.IT1835A_8_chemi_2019-03-18_00_00_00.parquet","hour"
"Italy","NET.IT112A","Regione Lazio","IT1906A","ARENULA","SPO.IT1906A_9_chemi_2008-02-03_00:00:00","NOX as NO2","Nitrogen oxides (air)","P1Y-day-min","1 year day min","2024","10.884","ug/m3","99.45","1","Background","Urban","12.4754","41.8940","17.0","Roma                                                                            ","IT001C1                                           ","2808293","E1a/validated data AQ e-Reporting","07/03/2026 22:59:10","https://eeadmz1batchservice02.blob.core.windows.net/airquality-p-e1a/IT/SPO.IT1906A_9_chemi_2008-02-03_00_00_00.parquet","hour"
"Italy","NET.IT112A","Regione Lazio","IT0953A","VILLA ADA","SPO.IT0953A_1_UV-FL_1997-01-01_00:00:00","SO2","Sulphur dioxide (air)","P1Y-hr-max","1 year hour max","2024","51.669","ug/m3","91.42","1","Background","Urban","12.5069","41.9329","50.0","Roma                                                                            ","IT001C1                                           ","2808293","E1a/validated data AQ e-Reporting","07/03/2026 23:00:20","https://eeadmz1batchservice02.blob.core.windows.net/airquality-p-e1a/IT/SPO.IT0953A_1_UV-FL_1997-01-01_00_00_00.parquet","hour"
"Italy","NET.IT112A","Regione Lazio","IT0953A","VILLA ADA","SPO.IT0953A_1_UV-FL_1997-01-01_00:00:00","SO2","Sulphur dioxide (air)","P1Y-hr-max25","1 year hour max 25","2024","6.398","ug/m3","91.42","1","Background","Urban","12.5069","41.9329","50.0","Roma                                                                            ","IT001C1                                           ","2808293","E1a/validated data AQ e-Reporting","07/03/2026 23:00:32","https://eeadmz1batchservice02.blob.core.windows.net/airquality-p-e1a/IT/SPO.IT0953A_1_UV-FL_1997-01-01_00_00_00.parquet","hour"
"Italy","NET.IT112A","Regione Lazio","IT0953A","VILLA ADA","SPO.IT0953A_1_UV-FL_1997-01-01_00:00:00","SO2","Sulphur dioxide (air)","P1Y","Annual mean / 1 calendar year","2024","1.810","ug/m3","91.42","1","Background","Urban","12.5069","41.9329","50.0","Roma                                                                            ","IT001C1                                           ","2808293","E1a/validated data AQ e-Reporting","07/03/2026 22:58:16","https://eeadmz1batchservice02.blob.core.windows.net/airquality-p-e1a/IT/SPO.IT0953A_1_UV-FL_1997-01-01_00_00_00.parquet","hour"
"Italy","NET.IT112A","Regione Lazio","IT0953A","VILLA ADA","SPO.IT0953A_10_NDIR_1997-01-01_00:00:00","CO","Carbon monoxide (air)","P1Y-day-per50","1 year 50 %ile of daily values in a year","2024","1.039","mg/m3","93.72","1","Background","Urban","12.5069","41.9329","50.0","Roma                                                                            ","IT001C1                                           ","2808293","E1a/validated data AQ e-Reporting","07/03/2026 22:59:18","https://eeadmz1batchservice02.blob.core.windows.net/airquality-p-e1a/IT/SPO.IT0953A_10_NDIR_1997-01-01_00_00_00.parquet","hour"
"Italy","NET.IT112A","Regione Lazio","IT0953A","VILLA ADA","SPO.IT0953A_1_UV-FL_1997-01-01_00:00:00","SO2","Sulphur dioxide (air)","P1Y-day-max4","1 year day max 4","2024","5.362","ug/m3","93.44","1","Background","Urban","12.5069","41.9329","50.0","Roma                                                                            ","IT001C1                                           ","2808293","E1a/validated data AQ e-Reporting","07/03/2026 22:59:03","https://eeadmz1batchservice02.blob.core.windows.net/airquality-p-e1a/IT/SPO.IT0953A_1_UV-FL_1997-01-01_00_00_00.parquet","hour"
"Italy","NET.IT112A","Regione Lazio","IT0953A","VILLA ADA","SPO.IT0953A_10_NDIR_1997-01-01_00:00:00","CO","Carbon monoxide (air)","P1Y-hr-min","1 year hour min","2024","0.332","mg/m3","95.98","1","Background","Urban","12.5069","41.9329","50.0","Roma                                                                            ","IT001C1                                           ","2808293","E1a/validated data AQ e-Reporting","07/03/2026 23:00:48","https://eeadmz1batchservice02.blob.core.windows.net/airquality-p-e1a/IT/SPO.IT0953A_10_NDIR_1997-01-01_00_00_00.parquet","hour"
"Italy","NET.IT112A","Regione Lazio","IT1837A","FERMI","SPO.IT1837A_8_chemi_2006-12-17_00:00:00","NO2","Nitrogen dioxide (air)","P1Y","Annual mean / 1 calendar year","2024","43.525","ug/m3","95.06","1","Traffic","Urban","12.4696","41.8640","17.0","Roma                                                                            ","IT001C1                                           ","2808293","E1a/validated data AQ e-Reporting","07/03/2026 22:58:16","https://eeadmz1batchservice02.blob.core.windows.net/airquality-p-e1a/IT/SPO.IT1837A_8_chemi_2006-12-17_00_00_00.parquet","hour"
"Italy","NET.IT112A","Regione Lazio","IT0953A","VILLA ADA","SPO.IT0953A_10_NDIR_1997-01-01_00:00:00","CO","Carbon monoxide (air)","P1Y-P1D-per95.07","1 year 95.07 percentile of daily means (P1D) or .../aq/primaryObservation/day","2024","1.404","mg/m3","93.72","1","Background","Urban","12.5069","41.9329","50.0","Roma                                                                            ","IT001C1                                           ","2808293","E1a/validated data AQ e-Reporting","07/03/2026 23:01:41","https://eeadmz1batchservice02.blob.core.windows.net/airquality-p-e1a/IT/SPO.IT0953A_10_NDIR_1997-01-01_00_00_00.parquet","hour"
"Italy","NET.IT112A","Regione Lazio","IT0953A","VILLA ADA","SPO.IT0953A_1_UV-FL_1997-01-01_00:00:00","SO2","Sulphur dioxide (air)","P1Y-P1D-per95.07","1 year 95.07 percentile of daily means (P1D) or .../aq/primaryObservation/day","2024","4.881","ug/m3","93.44","1","Background","Urban","12.5069","41.9329","50.0","Roma                                                                            ","IT001C1                                           ","2808293","E1a/validated data AQ e-Reporting","07/03/2026 23:01:41","https://eeadmz1batchservice02.blob.core.windows.net/airquality-p-e1a/IT/SPO.IT0953A_1_UV-FL_1997-01-01_00_00_00.parquet","hour"
"Italy","NET.IT112A","Regione Lazio","IT1837A","FERMI","SPO.IT1837A_8_chemi_2006-12-17_00:00:00","NO2","Nitrogen dioxide (air)","P1Y-hr-max","1 year hour max","2024","129.969","ug/m3","95.06","1","Traffic","Urban","12.4696","41.8640","17.0","Roma                                                                            ","IT001C1                                           ","2808293","E1a/validated data AQ e-Reporting","07/03/2026 23:00:20","https://eeadmz1batchservice02.blob.core.windows.net/airquality-p-e1a/IT/SPO.IT1837A_8_chemi_2006-12-17_00_00_00.parquet","hour"
"Italy","NET.IT112A","Regione Lazio","IT1837A","FERMI","SPO.IT1837A_8_chemi_2006-12-17_00:00:00","NO2","Nitrogen dioxide (air)","P1Y-hr-per50","1 year 50 percentile","2024","38.184","ug/m3","95.06","1","Traffic","Urban","12.4696","41.8640","17.0","Roma                                                                            ","IT001C1                                           ","2808293","E1a/validated data AQ e-Reporting","07/03/2026 23:00:56","https://eeadmz1batchservice02.blob.core.windows.net/airquality-p-e1a/IT/SPO.IT1837A_8_chemi_2006-12-17_00_00_00.parquet","hour"
"Italy","NET.IT112A","Regione Lazio","IT0953A","VILLA ADA","SPO.IT0953A_7_UV-P_1997-01-30_00:00:00","O3","Ozone (air)","P1Y-dmax-per95.07","1 year 95.07 percentile daily 8h maximum","2024","124.054","ug/m3","93.99","1","Background","Urban","12.5069","41.9329","50.0","Roma                                                                            ","IT001C1                                           ","2808293","E1a/validated data AQ e-Reporting","07/03/2026 23:00:01","https://eeadmz1batchservice02.blob.core.windows.net/airquality-p-e1a/IT/SPO.IT0953A_7_UV-P_1997-01-30_00_00_00.parquet","hour"
"Italy","NET.IT112A","Regione Lazio","IT0953A","VILLA ADA","SPO.IT0953A_7_UV-P_1997-01-30_00:00:00","O3","Ozone (air)","P1Y-dmax-per99","1 year 99 percentile daily 8h maximum","2024","136.237","ug/m3","93.99","1","Background","Urban","12.5069","41.9329","50.0","Roma                                                                            ","IT001C1                                           ","2808293","E1a/validated data AQ e-Reporting","07/03/2026 23:00:05","https://eeadmz1batchservice02.blob.core.windows.net/airquality-p-e1a/IT/SPO.IT0953A_7_UV-P_1997-01-30_00_00_00.parquet","hour"
"Italy","NET.IT112A","Regione Lazio","IT0953A","VILLA ADA","SPO.IT0953A_7_UV-P_1997-01-30_00:00:00","O3","Ozone (air)","P1Y-dx-max","1 year day max max","2024","145.692","ug/m3","93.99","1","Background","Urban","12.5069","41.9329","50.0","Roma                                                                            ","IT001C1                                           ","2808293","E1a/validated data AQ e-Reporting","07/03/2026 23:00:13","https://eeadmz1batchservice02.blob.core.windows.net/airquality-p-e1a/IT/SPO.IT0953A_7_UV-P_1997-01-30_00_00_00.parquet","hour"
"Italy","NET.IT112A","Regione Lazio","IT1835A","BUFALOTTA","SPO.IT1835A_38_chemi_2019-03-18_00:00:00","NO","Nitrogen monoxide (air)","P1Y-day-min","1 year day min","2024","0.898","ug/m3","94.81","1","Background","Urban","12.5337","41.9477","36.0","Roma                                                                            ","IT001C1                                           ","2808293","E1a/validated data AQ e-Reporting","07/03/2026 22:59:10","https://eeadmz1batchservice02.blob.core.windows.net/airquality-p-e1a/IT/SPO.IT1835A_38_chemi_2019-03-18_00_00_00.parquet","hour"
"Italy","NET.IT112A","Regione Lazio","IT0953A","VILLA ADA","SPO.IT0953A_1_UV-FL_1997-01-01_00:00:00","SO2","Sulphur dioxide (air)","P1Y-day-min","1 year day min","2024","-0.135","ug/m3","93.44","1","Background","Urban","12.5069","41.9329","50.0","Roma                                                                            ","IT001C1                                           ","2808293","E1a/validated data AQ e-Reporting","07/03/2026 22:59:10","https://eeadmz1batchservice02.blob.core.windows.net/airquality-p-e1a/IT/SPO.IT0953A_1_UV-FL_1997-01-01_00_00_00.parquet","hour"
"Italy","NET.IT112A","Regione Lazio","IT1835A","BUFALOTTA","SPO.IT1835A_7_UV-P_2006-12-06_00:00:00","O3","Ozone (air)","P1Y-dx-avg","1 year daymax average","2024","68.151","ug/m3","95.90","1","Background","Urban","12.5337","41.9477","36.0","Roma                                                                            ","IT001C1                                           ","2808293","E1a/validated data AQ e-Reporting","07/03/2026 23:00:09","https://eeadmz1batchservice02.blob.core.windows.net/airquality-p-e1a/IT/SPO.IT1835A_7_UV-P_2006-12-06_00_00_00.parquet","hour"
"Italy","NET.IT112A","Regione Lazio","IT0953A","VILLA ADA","SPO.IT0953A_9_chemi_1997-01-01_00:00:00","NOX as NO2","Nitrogen oxides (air)","P1Y-hr-min","1 year hour min","2024","0.391","ug/m3","91.87","1","Background","Urban","12.5069","41.9329","50.0","Roma                                                                            ","IT001C1                                           ","2808293","E1a/validated data AQ e-Reporting","07/03/2026 23:00:48","https://eeadmz1batchservice02.blob.core.windows.net/airquality-p-e1a/IT/SPO.IT0953A_9_chemi_1997-01-01_00_00_00.parquet","hour"
"Italy","NET.IT112A","Regione Lazio","IT1906A","ARENULA","SPO.IT1906A_9_chemi_2008-02-03_00:00:00","NOX as NO2","Nitrogen oxides (air)","P1Y-day-max","1 year day max","2024","195.860","ug/m3","99.45","1","Background","Urban","12.4754","41.8940","17.0","Roma                                                                            ","IT001C1                                           ","2808293","E1a/validated data AQ e-Reporting","07/03/2026 22:58:50","https://eeadmz1batchservice02.blob.core.windows.net/airquality-p-e1a/IT/SPO.IT1906A_9_chemi_2008-02-03_00_00_00.parquet","hour"
"Italy","NET.IT112A","Regione Lazio","IT1906A","ARENULA","SPO.IT1906A_9_chemi_2008-02-03_00:00:00","NOX as NO2","Nitrogen oxides (air)","P1Y-hr-per50","1 year 50 percentile","2024","31.200","ug/m3","95.32","1","Background","Urban","12.4754","41.8940","17.0","Roma                                                                            ","IT001C1                                           ","2808293","E1a/validated data AQ e-Reporting","07/03/2026 23:00:56","https://eeadmz1batchservice02.blob.core.windows.net/airquality-p-e1a/IT/SPO.IT1906A_9_chemi_2008-02-03_00_00_00.parquet","hour"
"Italy","NET.IT112A","Regione Lazio","IT0825A","C.SO FRANCIA","SPO.IT0825A_20_GC-PID_2006-07-26_00:00:00","C6H6","Benzene (air)","P1Y-hr-per50","1 year 50 percentile","2024","0.913","ug/m3","92.74","1","Traffic","Urban","12.4696","41.9474","35.0","Roma                                                                            ","IT001C1                                           ","2808293","E1a/validated data AQ e-Reporting","07/03/2026 23:00:56","https://eeadmz1batchservice02.blob.core.windows.net/airquality-p-e1a/IT/SPO.IT0825A_20_GC-PID_2006-07-26_00_00_00.parquet","hour"
"Italy","NET.IT112A","Regione Lazio","IT0825A","C.SO FRANCIA","SPO.IT0825A_38_chemi_1997-10-01_00:00:00","NO","Nitrogen monoxide (air)","P1Y-hr-max","1 year hour max","2024","255.469","ug/m3","94.38","1","Traffic","Urban","12.4696","41.9474","35.0","Roma                                                                            ","IT001C1                                           ","2808293","E1a/validated data AQ e-Reporting","07/03/2026 23:00:20","https://eeadmz1batchservice02.blob.core.windows.net/airquality-p-e1a/IT/SPO.IT0825A_38_chemi_1997-10-01_00_00_00.parquet","hour"
"Italy","NET.IT112A","Regione Lazio","IT0825A","C.SO FRANCIA","SPO.IT0825A_431_other_2006-07-26_00:00:00","C6H5-C2H5","Ethyl benzene (air)","P1Y-hr-per50","1 year 50 percentile","2024","0.399","ug/m3","92.76","1","Traffic","Urban","12.4696","41.9474","35.0","Roma                                                                            ","IT001C1                                           ","2808293","E1a/validated data AQ e-Reporting","07/03/2026 23:00:56","https://eeadmz1batchservice02.blob.core.windows.net/airquality-p-e1a/IT/SPO.IT0825A_431_other_2006-07-26_00_00_00.parquet","hour"
"Italy","NET.IT112A","Regione Lazio","IT0953A","VILLA ADA","SPO.IT0953A_7_UV-P_1997-01-30_00:00:00","O3","Ozone (air)","P1Y-dx-avg","1 year daymax average","2024","77.854","ug/m3","93.99","1","Background","Urban","12.5069","41.9329","50.0","Roma                                                                            ","IT001C1                                           ","2808293","E1a/validated data AQ e-Reporting","07/03/2026 23:00:09","https://eeadmz1batchservice02.blob.core.windows.net/airquality-p-e1a/IT/SPO.IT0953A_7_UV-P_1997-01-30_00_00_00.parquet","hour"
"Italy","NET.IT112A","Regione Lazio","IT0953A","VILLA ADA","SPO.IT0953A_7_UV-P_1997-01-30_00:00:00","O3","Ozone (air)","P1Y-hr-max","1 year hour max","2024","181.938","ug/m3","96.66","1","Background","Urban","12.5069","41.9329","50.0","Roma                                                                            ","IT001C1                                           ","2808293","E1a/validated data AQ e-Reporting","07/03/2026 23:00:20","https://eeadmz1batchservice02.blob.core.windows.net/airquality-p-e1a/IT/SPO.IT0953A_7_UV-P_1997-01-30_00_00_00.parquet","hour"
"Italy","NET.IT112A","Regione Lazio","IT1835A","BUFALOTTA","SPO.IT1835A_9_chemi_2019-03-18_00:00:00","NOX as NO2","Nitrogen oxides (air)","P1Y-day-per50","1 year 50 %ile of daily values in a year","2024","34.261","ug/m3","95.08","1","Background","Urban","12.5337","41.9477","36.0","Roma                                                                            ","IT001C1                                           ","2808293","E1a/validated data AQ e-Reporting","07/03/2026 22:59:18","https://eeadmz1batchservice02.blob.core.windows.net/airquality-p-e1a/IT/SPO.IT1835A_9_chemi_2019-03-18_00_00_00.parquet","hour"
"Italy","NET.IT112A","Regione Lazio","IT1836A","CIPRO","SPO.IT1836A_38_chemi_2006-12-17_00:00:00","NO","Nitrogen monoxide (air)","P1Y","Annual mean / 1 calendar year","2024","11.624","ug/m3","95.70","1","Background","Urban","12.4476","41.9064","24.0","Roma                                                                            ","IT001C1                                           ","2808293","E1a/validated data AQ e-Reporting","07/03/2026 22:58:16","https://eeadmz1batchservice02.blob.core.windows.net/airquality-p-e1a/IT/SPO.IT1836A_38_chemi_2006-12-17_00_00_00.parquet","hour"
"Italy","NET.IT112A","Regione Lazio","IT1836A","CIPRO","SPO.IT1836A_38_chemi_2006-12-17_00:00:00","NO","Nitrogen monoxide (air)","P1Y-hr-per50","1 year 50 percentile","2024","4.290","ug/m3","95.70","1","Background","Urban","12.4476","41.9064","24.0","Roma                                                                            ","IT001C1                                           ","2808293","E1a/validated data AQ e-Reporting","07/03/2026 23:00:56","https://eeadmz1batchservice02.blob.core.windows.net/airquality-p-e1a/IT/SPO.IT1836A_38_chemi_2006-12-17_00_00_00.parquet","hour"
"Italy","NET.IT112A","Regione Lazio","IT0956A","CINECITTA","SPO.IT0956A_38_chemi_1998-01-13_00:00:00","NO","Nitrogen monoxide (air)","P1Y-day-min","1 year day min","2024","0.069","ug/m3","95.36","1","Background","Urban","12.5687","41.8577","48.0","Roma                                                                            ","IT001C1                                           ","2808293","E1a/validated data AQ e-Reporting","07/03/2026 22:59:10","https://eeadmz1batchservice02.blob.core.windows.net/airquality-p-e1a/IT/SPO.IT0956A_38_chemi_1998-01-13_00_00_00.parquet","hour"
"Italy","NET.IT112A","Regione Lazio","IT0953A","VILLA ADA","SPO.IT0953A_7_UV-P_1997-01-30_00:00:00","O3","Ozone (air)","P1Y-hrsAbove240","1 year hour exceed 240","2024","0.000","count","96.66","1","Background","Urban","12.5069","41.9329","50.0","Roma                                                                            ","IT001C1                                           ","2808293","E1a/validated data AQ e-Reporting","07/03/2026 23:01:14","https://eeadmz1batchservice02.blob.core.windows.net/airquality-p-e1a/IT/SPO.IT0953A_7_UV-P_1997-01-30_00_00_00.parquet","hour"
"Italy","NET.IT112A","Regione Lazio","IT1835A","BUFALOTTA","SPO.IT1835A_8_chemi_2019-03-18_00:00:00","NO2","Nitrogen dioxide (air)","P1Y-daysAbove50","1 year day exceed 50","2024","12.000","count","95.63","1","Background","Urban","12.5337","41.9477","36.0","Roma                                                                            ","IT001C1                                           ","2808293","E1a/validated data AQ e-Reporting","07/03/2026 22:59:41","https://eeadmz1batchservice02.blob.core.windows.net/airquality-p-e1a/IT/SPO.IT1835A_8_chemi_2019-03-18_00_00_00.parquet","hour"
"Italy","NET.IT112A","Regione Lazio","IT0953A","VILLA ADA","SPO.IT0953A_8_chemi_1998-01-01_00:00:00","NO2","Nitrogen dioxide (air)","P1Y-day-min","1 year day min","2024","5.013","ug/m3","92.90","1","Background","Urban","12.5069","41.9329","50.0","Roma                                                                            ","IT001C1                                           ","2808293","E1a/validated data AQ e-Reporting","07/03/2026 22:59:10","https://eeadmz1batchservice02.blob.core.windows.net/airquality-p-e1a/IT/SPO.IT0953A_8_chemi_1998-01-01_00_00_00.parquet","hour"
"Italy","NET.IT112A","Regione Lazio","IT0953A","VILLA ADA","SPO.IT0953A_8_chemi_1998-01-01_00:00:00","NO2","Nitrogen dioxide (air)","P1Y-daysAbove50","1 year day exceed 50","2024","0.000","count","92.90","1","Background","Urban","12.5069","41.9329","50.0","Roma                                                                            ","IT001C1                                           ","2808293","E1a/validated data AQ e-Reporting","07/03/2026 22:59:41","https://eeadmz1batchservice02.blob.core.windows.net/airquality-p-e1a/IT/SPO.IT0953A_8_chemi_1998-01-01_00_00_00.parquet","hour"
"Italy","NET.IT112A","Regione Lazio","IT1176A","L.GO PERESTRELLO","SPO.IT1176A_8_chemi_1998-03-17_00:00:00","NO2","Nitrogen dioxide (air)","P1Y-3hAbove200","3 consecutive hours in exceedance of 200","2024","0.000","count","95.38","1","Background","Urban","12.5416","41.8860","28.0","Roma                                                                            ","IT001C1                                           ","2808293","E1a/validated data AQ e-Reporting","07/03/2026 22:58:33","https://eeadmz1batchservice02.blob.core.windows.net/airquality-p-e1a/IT/SPO.IT1176A_8_chemi_1998-03-17_00_00_00.parquet","hour"
"Italy","NET.IT112A","Regione Lazio","IT1176A","L.GO PERESTRELLO","SPO.IT1176A_8_chemi_1998-03-17_00:00:00","NO2","Nitrogen dioxide (air)","P1Y-day-max","1 year day max","2024","52.476","ug/m3","99.45","1","Background","Urban","12.5416","41.8860","28.0","Roma                                                                            ","IT001C1                                           ","2808293","E1a/validated data AQ e-Reporting","07/03/2026 22:58:50","https://eeadmz1batchservice02.blob.core.windows.net/airquality-p-e1a/IT/SPO.IT1176A_8_chemi_1998-03-17_00_00_00.parquet","hour"
"Italy","NET.IT112A","Regione Lazio","IT1906A","ARENULA","SPO.IT1906A_8_chemi_2008-02-03_00:00:00","NO2","Nitrogen dioxide (air)","P1Y-3hAbove400","3 consecutive hours in exceedance of 400","2024","0.000","count","95.39","1","Background","Urban","12.4754","41.8940","17.0","Roma                                                                            ","IT001C1                                           ","2808293","E1a/validated data AQ e-Reporting","07/03/2026 22:58:40","https://eeadmz1batchservice02.blob.core.windows.net/airquality-p-e1a/IT/SPO.IT1906A_8_chemi_2008-02-03_00_00_00.parquet","hour"
"Italy","NET.IT112A","Regione Lazio","IT1906A","ARENULA","SPO.IT1906A_8_chemi_2008-02-03_00:00:00","NO2","Nitrogen dioxide (air)","P1Y-hrsAbove400","1 year hour exceed 400","2024","0.000","count","95.39","1","Background","Urban","12.4754","41.8940","17.0","Roma                                                                            ","IT001C1                                           ","2808293","E1a/validated data AQ e-Reporting","07/03/2026 23:01:25","https://eeadmz1batchservice02.blob.core.windows.net/airquality-p-e1a/IT/SPO.IT1906A_8_chemi_2008-02-03_00_00_00.parquet","hour"
"Italy","NET.IT112A","Regione Lazio","IT0953A","VILLA ADA","SPO.IT0953A_8_chemi_1998-01-01_00:00:00","NO2","Nitrogen dioxide (air)","P1Y-3hAbove200","3 consecutive hours in exceedance of 200","2024","0.000","count","91.89","1","Background","Urban","12.5069","41.9329","50.0","Roma                                                                            ","IT001C1                                           ","2808293","E1a/validated data AQ e-Reporting","07/03/2026 22:58:33","https://eeadmz1batchservice02.blob.core.windows.net/airquality-p-e1a/IT/SPO.IT0953A_8_chemi_1998-01-01_00_00_00.parquet","hour"
"Italy","NET.IT112A","Regione Lazio","IT0953A","VILLA ADA","SPO.IT0953A_8_chemi_1998-01-01_00:00:00","NO2","Nitrogen dioxide (air)","P1Y-hr-min","1 year hour min","2024","0.000","ug/m3","91.89","1","Background","Urban","12.5069","41.9329","50.0","Roma                                                                            ","IT001C1                                           ","2808293","E1a/validated data AQ e-Reporting","07/03/2026 23:00:48","https://eeadmz1batchservice02.blob.core.windows.net/airquality-p-e1a/IT/SPO.IT0953A_8_chemi_1998-01-01_00_00_00.parquet","hour"
"Italy","NET.IT112A","Regione Lazio","IT0953A","VILLA ADA","SPO.IT0953A_20_GC-FID_1997-10-01_00:00:00","C6H6","Benzene (air)","P1Y-hr-min","1 year hour min","2024","0.000","ug/m3","93.47","1","Background","Urban","12.5069","41.9329","50.0","Roma                                                                            ","IT001C1                                           ","2808293","E1a/validated data AQ e-Reporting","07/03/2026 23:00:48","https://eeadmz1batchservice02.blob.core.windows.net/airquality-p-e1a/IT/SPO.IT0953A_20_GC-FID_1997-10-01_00_00_00.parquet","hour"
"Italy","NET.IT112A","Regione Lazio","IT0953A","VILLA ADA","SPO.IT0953A_21_GC-FID_1997-10-01_00:00:00","C6H5-CH3","Toluene (air)","P1Y-hr-min","1 year hour min","2024","0.000","ug/m3","93.84","1","Background","Urban","12.5069","41.9329","50.0","Roma                                                                            ","IT001C1                                           ","2808293","E1a/validated data AQ e-Reporting","07/03/2026 23:00:48","https://eeadmz1batchservice02.blob.core.windows.net/airquality-p-e1a/IT/SPO.IT0953A_21_GC-FID_1997-10-01_00_00_00.parquet","hour"
"Italy","NET.IT112A","Regione Lazio","IT0956A","CINECITTA","SPO.IT0956A_7_UV-P_2006-06-01_00:00:00","O3","Ozone (air)","P1Y-dmax-per95.07","1 year 95.07 percentile daily 8h maximum","2024","109.934","ug/m3","93.17","1","Background","Urban","12.5687","41.8577","48.0","Roma                                                                            ","IT001C1                                           ","2808293","E1a/validated data AQ e-Reporting","07/03/2026 23:00:01","https://eeadmz1batchservice02.blob.core.windows.net/airquality-p-e1a/IT/SPO.IT0956A_7_UV-P_2006-06-01_00_00_00.parquet","hour"
"Italy","NET.IT112A","Regione Lazio","IT0956A","CINECITTA","SPO.IT0956A_7_UV-P_2006-06-01_00:00:00","O3","Ozone (air)","P1Y-dmax-per99","1 year 99 percentile daily 8h maximum","2024","123.775","ug/m3","93.17","1","Background","Urban","12.5687","41.8577","48.0","Roma                                                                            ","IT001C1                                           ","2808293","E1a/validated data AQ e-Reporting","07/03/2026 23:00:05","https://eeadmz1batchservice02.blob.core.windows.net/airquality-p-e1a/IT/SPO.IT0956A_7_UV-P_2006-06-01_00_00_00.parquet","hour"
"Italy","NET.IT112A","Regione Lazio","IT0956A","CINECITTA","SPO.IT0956A_8_chemi_1998-01-13_00:00:00","NO2","Nitrogen dioxide (air)","P1Y-day-max","1 year day max","2024","73.375","ug/m3","95.36","1","Background","Urban","12.5687","41.8577","48.0","Roma                                                                            ","IT001C1                                           ","2808293","E1a/validated data AQ e-Reporting","07/03/2026 22:58:50","https://eeadmz1batchservice02.blob.core.windows.net/airquality-p-e1a/IT/SPO.IT0956A_8_chemi_1998-01-13_00_00_00.parquet","hour"
"Italy","NET.IT112A","Regione Lazio","IT0956A","CINECITTA","SPO.IT0956A_8_chemi_1998-01-13_00:00:00","NO2","Nitrogen dioxide (air)","P1Y-day-per50","1 year 50 %ile of daily values in a year","2024","24.871","ug/m3","95.36","1","Background","Urban","12.5687","41.8577","48.0","Roma                                                                            ","IT001C1                                           ","2808293","E1a/validated data AQ e-Reporting","07/03/2026 22:59:18","https://eeadmz1batchservice02.blob.core.windows.net/airquality-p-e1a/IT/SPO.IT0956A_8_chemi_1998-01-13_00_00_00.parquet","hour"
"Italy","NET.IT112A","Regione Lazio","IT0956A","CINECITTA","SPO.IT0956A_8_chemi_1998-01-13_00:00:00","NO2","Nitrogen dioxide (air)","P1Y-hr-max","1 year hour max","2024","123.993","ug/m3","93.35","1","Background","Urban","12.5687","41.8577","48.0","Roma                                                                            ","IT001C1                                           ","2808293","E1a/validated data AQ e-Reporting","07/03/2026 23:00:20","https://eeadmz1batchservice02.blob.core.windows.net/airquality-p-e1a/IT/SPO.IT0956A_8_chemi_1998-01-13_00_00_00.parquet","hour"
"Italy","NET.IT112A","Regione Lazio","IT0956A","CINECITTA","SPO.IT0956A_8_chemi_1998-01-13_00:00:00","NO2","Nitrogen dioxide (air)","P1Y-P1D-per95.07","1 year 95.07 percentile of daily means (P1D) or .../aq/primaryObservation/day","2024","50.253","ug/m3","95.36","1","Background","Urban","12.5687","41.8577","48.0","Roma                                                                            ","IT001C1                                           ","2808293","E1a/validated data AQ e-Reporting","07/03/2026 23:01:41","https://eeadmz1batchservice02.blob.core.windows.net/airquality-p-e1a/IT/SPO.IT0956A_8_chemi_1998-01-13_00_00_00.parquet","hour"
"Italy","NET.IT112A","Regione Lazio","IT0956A","CINECITTA","SPO.IT0956A_38_chemi_1998-01-13_00:00:00","NO","Nitrogen monoxide (air)","P1Y-hr-min","1 year hour min","2024","-0.518","ug/m3","93.35","1","Background","Urban","12.5687","41.8577","48.0","Roma                                                                            ","IT001C1                                           ","2808293","E1a/validated data AQ e-Reporting","07/03/2026 23:00:48","https://eeadmz1batchservice02.blob.core.windows.net/airquality-p-e1a/IT/SPO.IT0956A_38_chemi_1998-01-13_00_00_00.parquet","hour"
"Italy","NET.IT112A","Regione Lazio","IT1836A","CIPRO","SPO.IT1836A_7_UV-P_2006-12-17_00:00:00","O3","Ozone (air)","P1Y-dx-avg","1 year daymax average","2024","53.948","ug/m3","98.63","1","Background","Urban","12.4476","41.9064","24.0","Roma                                                                            ","IT001C1                                           ","2808293","E1a/validated data AQ e-Reporting","07/03/2026 23:00:09","https://eeadmz1batchservice02.blob.core.windows.net/airquality-p-e1a/IT/SPO.IT1836A_7_UV-P_2006-12-17_00_00_00.parquet","hour"
"Italy","NET.IT112A","Regione Lazio","IT1836A","CIPRO","SPO.IT1836A_7_UV-P_2006-12-17_00:00:00","O3","Ozone (air)","P1Y-hr-max","1 year hour max","2024","103.645","ug/m3","99.49","1","Background","Urban","12.4476","41.9064","24.0","Roma                                                                            ","IT001C1                                           ","2808293","E1a/validated data AQ e-Reporting","07/03/2026 23:00:20","https://eeadmz1batchservice02.blob.core.windows.net/airquality-p-e1a/IT/SPO.IT1836A_7_UV-P_2006-12-17_00_00_00.parquet","hour"
"Italy","NET.IT112A","Regione Lazio","IT1836A","CIPRO","SPO.IT1836A_7_UV-P_2006-12-17_00:00:00","O3","Ozone (air)","P1Y-P1D-per99","1 year 99 percentile of daily means (P1D) or .../aq/primaryObservation/day","2024","68.050","ug/m3","98.91","1","Background","Urban","12.4476","41.9064","24.0","Roma                                                                            ","IT001C1                                           ","2808293","E1a/validated data AQ e-Reporting","07/03/2026 23:01:47","https://eeadmz1batchservice02.blob.core.windows.net/airquality-p-e1a/IT/SPO.IT1836A_7_UV-P_2006-12-17_00_00_00.parquet","hour"
"Italy","NET.IT112A","Regione Lazio","IT1836A","CIPRO","SPO.IT1836A_7_UV-P_2006-12-17_00:00:00","O3","Ozone (air)","P3Y","3 subsequent calendar years mean","2024","43.129","ug/m3","98.58","1","Background","Urban","12.4476","41.9064","24.0","Roma                                                                            ","IT001C1                                           ","2808293","E1a/validated data AQ e-Reporting","07/03/2026 23:01:54","https://eeadmz1batchservice02.blob.core.windows.net/airquality-p-e1a/IT/SPO.IT1836A_7_UV-P_2006-12-17_00_00_00.parquet","hour"
"Italy","NET.IT112A","Regione Lazio","IT1836A","CIPRO","SPO.IT1836A_8_chemi_2006-12-17_00:00:00","NO2","Nitrogen dioxide (air)","P1Y","Annual mean / 1 calendar year","2024","28.215","ug/m3","95.69","1","Background","Urban","12.4476","41.9064","24.0","Roma                                                                            ","IT001C1                                           ","2808293","E1a/validated data AQ e-Reporting","07/03/2026 22:58:16","https://eeadmz1batchservice02.blob.core.windows.net/airquality-p-e1a/IT/SPO.IT1836A_8_chemi_2006-12-17_00_00_00.parquet","hour"
"Italy","NET.IT112A","Regione Lazio","IT1836A","CIPRO","SPO.IT1836A_8_chemi_2006-12-17_00:00:00","NO2","Nitrogen dioxide (air)","P1Y-hr-max-per99.79","1 year 99.79 %ile of hourly values in a given year","2024","82.168","ug/m3","95.69","1","Background","Urban","12.4476","41.9064","24.0","Roma                                                                            ","IT001C1                                           ","2808293","E1a/validated data AQ e-Reporting","07/03/2026 23:00:40","https://eeadmz1batchservice02.blob.core.windows.net/airquality-p-e1a/IT/SPO.IT1836A_8_chemi_2006-12-17_00_00_00.parquet","hour"
"Italy","NET.IT112A","Regione Lazio","IT1836A","CIPRO","SPO.IT1836A_8_chemi_2006-12-17_00:00:00","NO2","Nitrogen dioxide (air)","P1Y-hr-max-per99.97","1 year 99.97 %ile of hourly values in a given year","2024","89.165","ug/m3","95.69","1","Background","Urban","12.4476","41.9064","24.0","Roma                                                                            ","IT001C1                                           ","2808293","E1a/validated data AQ e-Reporting","07/03/2026 23:00:44","https://eeadmz1batchservice02.blob.core.windows.net/airquality-p-e1a/IT/SPO.IT1836A_8_chemi_2006-12-17_00_00_00.parquet","hour"
"Italy","NET.IT112A","Regione Lazio","IT1836A","CIPRO","SPO.IT1836A_9_chemi_2006-12-17_00:00:00","NOX as NO2","Nitrogen oxides (air)","P1Y-hr-max","1 year hour max","2024","328.675","ug/m3","95.70","1","Background","Urban","12.4476","41.9064","24.0","Roma                                                                            ","IT001C1                                           ","2808293","E1a/validated data AQ e-Reporting","07/03/2026 23:00:20","https://eeadmz1batchservice02.blob.core.windows.net/airquality-p-e1a/IT/SPO.IT1836A_9_chemi_2006-12-17_00_00_00.parquet","hour"
"Italy","NET.IT112A","Regione Lazio","IT1837A","FERMI","SPO.IT1837A_10_NDIR_2006-12-17_00:00:00","CO","Carbon monoxide (air)","P1Y","Annual mean / 1 calendar year","2024","0.810","mg/m3","99.39","1","Traffic","Urban","12.4696","41.8640","17.0","Roma                                                                            ","IT001C1                                           ","2808293","E1a/validated data AQ e-Reporting","07/03/2026 22:58:16","https://eeadmz1batchservice02.blob.core.windows.net/airquality-p-e1a/IT/SPO.IT1837A_10_NDIR_2006-12-17_00_00_00.parquet","hour"
"Italy","NET.IT112A","Regione Lazio","IT1836A","CIPRO","SPO.IT1836A_7_UV-P_2006-12-17_00:00:00","O3","Ozone (air)","P1Y-day-max","1 year day max","2024","77.138","ug/m3","98.91","1","Background","Urban","12.4476","41.9064","24.0","Roma                                                                            ","IT001C1                                           ","2808293","E1a/validated data AQ e-Reporting","07/03/2026 22:58:50","https://eeadmz1batchservice02.blob.core.windows.net/airquality-p-e1a/IT/SPO.IT1836A_7_UV-P_2006-12-17_00_00_00.parquet","hour"
"Italy","NET.IT112A","Regione Lazio","IT1176A","L.GO PERESTRELLO","SPO.IT1176A_7_UV-P_1998-03-17_00:00:00","O3","Ozone (air)","P1Y-P1D-per99","1 year 99 percentile of daily means (P1D) or .../aq/primaryObservation/day","2024","88.008","ug/m3","99.18","1","Background","Urban","12.5416","41.8860","28.0","Roma                                                                            ","IT001C1                                           ","2808293","E1a/validated data AQ e-Reporting","07/03/2026 23:01:47","https://eeadmz1batchservice02.blob.core.windows.net/airquality-p-e1a/IT/SPO.IT1176A_7_UV-P_1998-03-17_00_00_00.parquet","hour"
"Italy","NET.IT112A","Regione Lazio","IT0956A","CINECITTA","SPO.IT0956A_7_UV-P_2006-06-01_00:00:00","O3","Ozone (air)","AOT40f","AOT40 for forest protection","2024","16793.073","ug/m3","95.99","1","Background","Urban","12.5687","41.8577","48.0","Roma                                                                            ","IT001C1                                           ","2808293","E1a/validated data AQ e-Reporting","07/03/2026 22:17:37","https://eeadmz1batchservice02.blob.core.windows.net/airquality-p-e1a/IT/SPO.IT0956A_7_UV-P_2006-06-01_00_00_00.parquet","hour"
"Italy","NET.IT112A","Regione Lazio","IT0956A","CINECITTA","SPO.IT0956A_7_UV-P_2006-06-01_00:00:00","O3","Ozone (air)","P1Y-dmaxAbove120","1 year daymax exceed 120","2024","6.000","count","93.17","1","Background","Urban","12.5687","41.8577","48.0","Roma                                                                            ","IT001C1                                           ","2808293","E1a/validated data AQ e-Reporting","07/03/2026 22:59:53","https://eeadmz1batchservice02.blob.core.windows.net/airquality-p-e1a/IT/SPO.IT0956A_7_UV-P_2006-06-01_00_00_00.parquet","hour"
"Italy","NET.IT112A","Regione Lazio","IT0956A","CINECITTA","SPO.IT0956A_7_UV-P_2006-06-01_00:00:00","O3","Ozone (air)","P1Y-dx-max","1 year day max max","2024","130.227","ug/m3","93.17","1","Background","Urban","12.5687","41.8577","48.0","Roma                                                                            ","IT001C1                                           ","2808293","E1a/validated data AQ e-Reporting","07/03/2026 23:00:13","https://eeadmz1batchservice02.blob.core.windows.net/airquality-p-e1a/IT/SPO.IT0956A_7_UV-P_2006-06-01_00_00_00.parquet","hour"
"Italy","NET.IT112A","Regione Lazio","IT0956A","CINECITTA","SPO.IT0956A_7_UV-P_2006-06-01_00:00:00","O3","Ozone (air)","P1Y-P1D-per99","1 year 99 percentile of daily means (P1D) or .../aq/primaryObservation/day","2024","80.300","ug/m3","93.72","1","Background","Urban","12.5687","41.8577","48.0","Roma                                                                            ","IT001C1                                           ","2808293","E1a/validated data AQ e-Reporting","07/03/2026 23:01:47","https://eeadmz1batchservice02.blob.core.windows.net/airquality-p-e1a/IT/SPO.IT0956A_7_UV-P_2006-06-01_00_00_00.parquet","hour"
"Italy","NET.IT112A","Regione Lazio","IT0956A","CINECITTA","SPO.IT0956A_7_UV-P_2006-06-01_00:00:00","O3","Ozone (air)","SOMO35","Sum of Ozone Means Over 35 ppb","2024","3487.048","ug/m3","93.17","1","Background","Urban","12.5687","41.8577","48.0","Roma                                                                            ","IT001C1                                           ","2808293","E1a/validated data AQ e-Reporting","07/03/2026 23:07:25","https://eeadmz1batchservice02.blob.core.windows.net/airquality-p-e1a/IT/SPO.IT0956A_7_UV-P_2006-06-01_00_00_00.parquet","hour"
"Italy","NET.IT112A","Regione Lazio","IT0956A","CINECITTA","SPO.IT0956A_8_chemi_1998-01-13_00:00:00","NO2","Nitrogen dioxide (air)","P1Y-hr-max-per99.79","1 year 99.79 %ile of hourly values in a given year","2024","90.003","ug/m3","93.35","1","Background","Urban","12.5687","41.8577","48.0","Roma                                                                            ","IT001C1                                           ","2808293","E1a/validated data AQ e-Reporting","07/03/2026 23:00:40","https://eeadmz1batchservice02.blob.core.windows.net/airquality-p-e1a/IT/SPO.IT0956A_8_chemi_1998-01-13_00_00_00.parquet","hour"
"Italy","NET.IT112A","Regione Lazio","IT0956A","CINECITTA","SPO.IT0956A_8_chemi_1998-01-13_00:00:00","NO2","Nitrogen dioxide (air)","P1Y-P1D-per99","1 year 99 percentile of daily means (P1D) or .../aq/primaryObservation/day","2024","68.525","ug/m3","95.36","1","Background","Urban","12.5687","41.8577","48.0","Roma                                                                            ","IT001C1                                           ","2808293","E1a/validated data AQ e-Reporting","07/03/2026 23:01:47","https://eeadmz1batchservice02.blob.core.windows.net/airquality-p-e1a/IT/SPO.IT0956A_8_chemi_1998-01-13_00_00_00.parquet","hour"
"Italy","NET.IT112A","Regione Lazio","IT0956A","CINECITTA","SPO.IT0956A_9_chemi_1998-01-13_00:00:00","NOX as NO2","Nitrogen oxides (air)","P1Y-day-per50","1 year 50 %ile of daily values in a year","2024","30.019","ug/m3","95.36","1","Background","Urban","12.5687","41.8577","48.0","Roma                                                                            ","IT001C1                                           ","2808293","E1a/validated data AQ e-Reporting","07/03/2026 22:59:18","https://eeadmz1batchservice02.blob.core.windows.net/airquality-p-e1a/IT/SPO.IT0956A_9_chemi_1998-01-13_00_00_00.parquet","hour"
"Italy","NET.IT112A","Regione Lazio","IT0953A","VILLA ADA","SPO.IT0953A_8_chemi_1998-01-01_00:00:00","NO2","Nitrogen dioxide (air)","P1Y-hrsAbove150","1 year hour exceed 150","2024","0.000","count","91.89","1","Background","Urban","12.5069","41.9329","50.0","Roma                                                                            ","IT001C1                                           ","2808293","E1a/validated data AQ e-Reporting","07/03/2026 23:01:03","https://eeadmz1batchservice02.blob.core.windows.net/airquality-p-e1a/IT/SPO.IT0953A_8_chemi_1998-01-01_00_00_00.parquet","hour"
"Italy","NET.IT112A","Regione Lazio","IT0953A","VILLA ADA","SPO.IT0953A_8_chemi_1998-01-01_00:00:00","NO2","Nitrogen dioxide (air)","P1Y-P1D-per99","1 year 99 percentile of daily means (P1D) or .../aq/primaryObservation/day","2024","41.317","ug/m3","92.90","1","Background","Urban","12.5069","41.9329","50.0","Roma                                                                            ","IT001C1                                           ","2808293","E1a/validated data AQ e-Reporting","07/03/2026 23:01:47","https://eeadmz1batchservice02.blob.core.windows.net/airquality-p-e1a/IT/SPO.IT0953A_8_chemi_1998-01-01_00_00_00.parquet","hour"
"Italy","NET.IT112A","Regione Lazio","IT0953A","VILLA ADA","SPO.IT0953A_8_chemi_1998-01-01_00:00:00","NO2","Nitrogen dioxide (air)","P3Y","3 subsequent calendar years mean","2024","21.188","ug/m3","91.49","1","Background","Urban","12.5069","41.9329","50.0","Roma                                                                            ","IT001C1                                           ","2808293","E1a/validated data AQ e-Reporting","07/03/2026 23:01:54","https://eeadmz1batchservice02.blob.core.windows.net/airquality-p-e1a/IT/SPO.IT0953A_8_chemi_1998-01-01_00_00_00.parquet","hour"
"Italy","NET.IT112A","Regione Lazio","IT0956A","CINECITTA","SPO.IT0956A_8_chemi_1998-01-13_00:00:00","NO2","Nitrogen dioxide (air)","P1Y-3hAbove400","3 consecutive hours in exceedance of 400","2024","0.000","count","93.35","1","Background","Urban","12.5687","41.8577","48.0","Roma                                                                            ","IT001C1                                           ","2808293","E1a/validated data AQ e-Reporting","07/03/2026 22:58:40","https://eeadmz1batchservice02.blob.core.windows.net/airquality-p-e1a/IT/SPO.IT0956A_8_chemi_1998-01-13_00_00_00.parquet","hour"
"Italy","NET.IT112A","Regione Lazio","IT1835A","BUFALOTTA","SPO.IT1835A_8_chemi_2019-03-18_00:00:00","NO2","Nitrogen dioxide (air)","P3Y","3 subsequent calendar years mean","2024","29.493","ug/m3","90.39","1","Background","Urban","12.5337","41.9477","36.0","Roma                                                                            ","IT001C1                                           ","2808293","E1a/validated data AQ e-Reporting","07/03/2026 23:01:54","https://eeadmz1batchservice02.blob.core.windows.net/airquality-p-e1a/IT/SPO.IT1835A_8_chemi_2019-03-18_00_00_00.parquet","hour"
"Italy","NET.IT112A","Regione Lazio","IT0956A","CINECITTA","SPO.IT0956A_8_chemi_1998-01-13_00:00:00","NO2","Nitrogen dioxide (air)","P1Y-day-min","1 year day min","2024","9.581","ug/m3","95.36","1","Background","Urban","12.5687","41.8577","48.0","Roma                                                                            ","IT001C1                                           ","2808293","E1a/validated data AQ e-Reporting","07/03/2026 22:59:10","https://eeadmz1batchservice02.blob.core.windows.net/airquality-p-e1a/IT/SPO.IT0956A_8_chemi_1998-01-13_00_00_00.parquet","hour"
"Italy","NET.IT112A","Regione Lazio","IT1836A","CIPRO","SPO.IT1836A_8_chemi_2006-12-17_00:00:00","NO2","Nitrogen dioxide (air)","P1Y-P1D-per95.07","1 year 95.07 percentile of daily means (P1D) or .../aq/primaryObservation/day","2024","46.653","ug/m3","99.73","1","Background","Urban","12.4476","41.9064","24.0","Roma                                                                            ","IT001C1                                           ","2808293","E1a/validated data AQ e-Reporting","07/03/2026 23:01:41","https://eeadmz1batchservice02.blob.core.windows.net/airquality-p-e1a/IT/SPO.IT1836A_8_chemi_2006-12-17_00_00_00.parquet","hour"
"Italy","NET.IT112A","Regione Lazio","IT0956A","CINECITTA","SPO.IT0956A_8_chemi_1998-01-13_00:00:00","NO2","Nitrogen dioxide (air)","P1Y-hr-max-per99.97","1 year 99.97 %ile of hourly values in a given year","2024","104.832","ug/m3","93.35","1","Background","Urban","12.5687","41.8577","48.0","Roma                                                                            ","IT001C1                                           ","2808293","E1a/validated data AQ e-Reporting","07/03/2026 23:00:44","https://eeadmz1batchservice02.blob.core.windows.net/airquality-p-e1a/IT/SPO.IT0956A_8_chemi_1998-01-13_00_00_00.parquet","hour"
"Italy","NET.IT112A","Regione Lazio","IT0956A","CINECITTA","SPO.IT0956A_8_chemi_1998-01-13_00:00:00","NO2","Nitrogen dioxide (air)","P1Y-hr-min","1 year hour min","2024","1.243","ug/m3","93.35","1","Background","Urban","12.5687","41.8577","48.0","Roma                                                                            ","IT001C1                                           ","2808293","E1a/validated data AQ e-Reporting","07/03/2026 23:00:48","https://eeadmz1batchservice02.blob.core.windows.net/airquality-p-e1a/IT/SPO.IT0956A_8_chemi_1998-01-13_00_00_00.parquet","hour"
"Italy","NET.IT112A","Regione Lazio","IT0956A","CINECITTA","SPO.IT0956A_8_chemi_1998-01-13_00:00:00","NO2","Nitrogen dioxide (air)","P1Y-hrsAbove200","1 year hour exceed 200","2024","0.000","count","93.35","1","Background","Urban","12.5687","41.8577","48.0","Roma                                                                            ","IT001C1                                           ","2808293","E1a/validated data AQ e-Reporting","07/03/2026 23:01:10","https://eeadmz1batchservice02.blob.core.windows.net/airquality-p-e1a/IT/SPO.IT0956A_8_chemi_1998-01-13_00_00_00.parquet","hour"
"Italy","NET.IT112A","Regione Lazio","IT1834A","TIBURTINA","SPO.IT1834A_8_chemi_2006-12-06_00:00:00","NO2","Nitrogen dioxide (air)","P1Y-P1D-per95.07","1 year 95.07 percentile of daily means (P1D) or .../aq/primaryObservation/day","2024","54.601","ug/m3","99.18","1","Traffic","Urban","12.5489","41.9103","26.0","Roma                                                                            ","IT001C1                                           ","2808293","E1a/validated data AQ e-Reporting","07/03/2026 23:01:41","https://eeadmz1batchservice02.blob.core.windows.net/airquality-p-e1a/IT/SPO.IT1834A_8_chemi_2006-12-06_00_00_00.parquet","hour"
"Italy","NET.IT112A","Regione Lazio","IT1834A","TIBURTINA","SPO.IT1834A_8_chemi_2006-12-06_00:00:00","NO2","Nitrogen dioxide (air)","P3Y","3 subsequent calendar years mean","2024","33.955","ug/m3","94.38","1","Traffic","Urban","12.5489","41.9103","26.0","Roma                                                                            ","IT001C1                                           ","2808293","E1a/validated data AQ e-Reporting","07/03/2026 23:01:54","https://eeadmz1batchservice02.blob.core.windows.net/airquality-p-e1a/IT/SPO.IT1834A_8_chemi_2006-12-06_00_00_00.parquet","hour"
"Italy","NET.IT112A","Regione Lazio","IT1176A","L.GO PERESTRELLO","SPO.IT1176A_8_chemi_1998-03-17_00:00:00","NO2","Nitrogen dioxide (air)","P1Y-hrsAbove150","1 year hour exceed 150","2024","0.000","count","95.38","1","Background","Urban","12.5416","41.8860","28.0","Roma                                                                            ","IT001C1                                           ","2808293","E1a/validated data AQ e-Reporting","07/03/2026 23:01:03","https://eeadmz1batchservice02.blob.core.windows.net/airquality-p-e1a/IT/SPO.IT1176A_8_chemi_1998-03-17_00_00_00.parquet","hour"
"Italy","NET.IT112A","Regione Lazio","IT0953A","VILLA ADA","SPO.IT0953A_431_other_1997-10-01_00:00:00","C6H5-C2H5","Ethyl benzene (air)","P1Y-day-min","1 year day min","2024","0.000","ug/m3","92.90","1","Background","Urban","12.5069","41.9329","50.0","Roma                                                                            ","IT001C1                                           ","2808293","E1a/validated data AQ e-Reporting","07/03/2026 22:59:10","https://eeadmz1batchservice02.blob.core.windows.net/airquality-p-e1a/IT/SPO.IT0953A_431_other_1997-10-01_00_00_00.parquet","hour"
"Italy","NET.IT112A","Regione Lazio","IT1834A","TIBURTINA","SPO.IT1834A_8_chemi_2006-12-06_00:00:00","NO2","Nitrogen dioxide (air)","P1Y-hrsAbove150","1 year hour exceed 150","2024","0.000","count","95.22","1","Traffic","Urban","12.5489","41.9103","26.0","Roma                                                                            ","IT001C1                                           ","2808293","E1a/validated data AQ e-Reporting","07/03/2026 23:01:03","https://eeadmz1batchservice02.blob.core.windows.net/airquality-p-e1a/IT/SPO.IT1834A_8_chemi_2006-12-06_00_00_00.parquet","hour"
"Italy","NET.IT112A","Regione Lazio","IT1836A","CIPRO","SPO.IT1836A_7_UV-P_2006-12-17_00:00:00","O3","Ozone (air)","P1Y-dmaxAbove120","1 year daymax exceed 120","2024","0.000","count","98.63","1","Background","Urban","12.4476","41.9064","24.0","Roma                                                                            ","IT001C1                                           ","2808293","E1a/validated data AQ e-Reporting","07/03/2026 22:59:53","https://eeadmz1batchservice02.blob.core.windows.net/airquality-p-e1a/IT/SPO.IT1836A_7_UV-P_2006-12-17_00_00_00.parquet","hour"
"Italy","NET.IT112A","Regione Lazio","IT1836A","CIPRO","SPO.IT1836A_8_chemi_2006-12-17_00:00:00","NO2","Nitrogen dioxide (air)","P1Y-3hAbove200","3 consecutive hours in exceedance of 200","2024","0.000","count","95.69","1","Background","Urban","12.4476","41.9064","24.0","Roma                                                                            ","IT001C1                                           ","2808293","E1a/validated data AQ e-Reporting","07/03/2026 22:58:33","https://eeadmz1batchservice02.blob.core.windows.net/airquality-p-e1a/IT/SPO.IT1836A_8_chemi_2006-12-17_00_00_00.parquet","hour"
"Italy","NET.IT112A","Regione Lazio","IT1837A","FERMI","SPO.IT1837A_10_NDIR_2006-12-17_00:00:00","CO","Carbon monoxide (air)","P1Y-daysAbove4","1 year day exceed 4","2024","0.000","count","99.18","1","Traffic","Urban","12.4696","41.8640","17.0","Roma                                                                            ","IT001C1                                           ","2808293","E1a/validated data AQ e-Reporting","07/03/2026 22:59:33","https://eeadmz1batchservice02.blob.core.windows.net/airquality-p-e1a/IT/SPO.IT1837A_10_NDIR_2006-12-17_00_00_00.parquet","hour"
"Italy","NET.IT112A","Regione Lazio","IT1836A","CIPRO","SPO.IT1836A_8_chemi_2006-12-17_00:00:00","NO2","Nitrogen dioxide (air)","P1Y-day-per50","1 year 50 %ile of daily values in a year","2024","26.828","ug/m3","99.73","1","Background","Urban","12.4476","41.9064","24.0","Roma                                                                            ","IT001C1                                           ","2808293","E1a/validated data AQ e-Reporting","07/03/2026 22:59:18","https://eeadmz1batchservice02.blob.core.windows.net/airquality-p-e1a/IT/SPO.IT1836A_8_chemi_2006-12-17_00_00_00.parquet","hour"
"Italy","NET.IT112A","Regione Lazio","IT1836A","CIPRO","SPO.IT1836A_8_chemi_2006-12-17_00:00:00","NO2","Nitrogen dioxide (air)","P1Y-hrsAbove150","1 year hour exceed 150","2024","0.000","count","95.69","1","Background","Urban","12.4476","41.9064","24.0","Roma                                                                            ","IT001C1                                           ","2808293","E1a/validated data AQ e-Reporting","07/03/2026 23:01:03","https://eeadmz1batchservice02.blob.core.windows.net/airquality-p-e1a/IT/SPO.IT1836A_8_chemi_2006-12-17_00_00_00.parquet","hour"
"Italy","NET.IT112A","Regione Lazio","IT1176A","L.GO PERESTRELLO","SPO.IT1176A_38_chemi_1998-03-17_00:00:00","NO","Nitrogen monoxide (air)","P1Y-day-per50","1 year 50 %ile of daily values in a year","2024","4.674","ug/m3","99.45","1","Background","Urban","12.5416","41.8860","28.0","Roma                                                                            ","IT001C1                                           ","2808293","E1a/validated data AQ e-Reporting","07/03/2026 22:59:18","https://eeadmz1batchservice02.blob.core.windows.net/airquality-p-e1a/IT/SPO.IT1176A_38_chemi_1998-03-17_00_00_00.parquet","hour"
"Italy","NET.IT112A","Regione Lazio","IT1176A","L.GO PERESTRELLO","SPO.IT1176A_7_UV-P_1998-03-17_00:00:00","O3","Ozone (air)","P3Y","3 subsequent calendar years mean","2024","46.151","ug/m3","98.73","1","Background","Urban","12.5416","41.8860","28.0","Roma                                                                            ","IT001C1                                           ","2808293","E1a/validated data AQ e-Reporting","07/03/2026 23:01:54","https://eeadmz1batchservice02.blob.core.windows.net/airquality-p-e1a/IT/SPO.IT1176A_7_UV-P_1998-03-17_00_00_00.parquet","hour"
"Italy","NET.IT112A","Regione Lazio","IT1835A","BUFALOTTA","SPO.IT1835A_38_chemi_2019-03-18_00:00:00","NO","Nitrogen monoxide (air)","P1Y-hr-max","1 year hour max","2024","300.936","ug/m3","92.47","1","Background","Urban","12.5337","41.9477","36.0","Roma                                                                            ","IT001C1                                           ","2808293","E1a/validated data AQ e-Reporting","07/03/2026 23:00:20","https://eeadmz1batchservice02.blob.core.windows.net/airquality-p-e1a/IT/SPO.IT1835A_38_chemi_2019-03-18_00_00_00.parquet","hour"
"Italy","NET.IT112A","Regione Lazio","IT1835A","BUFALOTTA","SPO.IT1835A_7_UV-P_2006-12-06_00:00:00","O3","Ozone (air)","P1Y-hr-per50","1 year 50 percentile","2024","40.288","ug/m3","97.39","1","Background","Urban","12.5337","41.9477","36.0","Roma                                                                            ","IT001C1                                           ","2808293","E1a/validated data AQ e-Reporting","07/03/2026 23:00:56","https://eeadmz1batchservice02.blob.core.windows.net/airquality-p-e1a/IT/SPO.IT1835A_7_UV-P_2006-12-06_00_00_00.parquet","hour"
"Italy","NET.IT112A","Regione Lazio","IT0956A","CINECITTA","SPO.IT0956A_8_chemi_1998-01-13_00:00:00","NO2","Nitrogen dioxide (air)","P1Y-hrsAbove400","1 year hour exceed 400","2024","0.000","count","93.35","1","Background","Urban","12.5687","41.8577","48.0","Roma                                                                            ","IT001C1                                           ","2808293","E1a/validated data AQ e-Reporting","07/03/2026 23:01:25","https://eeadmz1batchservice02.blob.core.windows.net/airquality-p-e1a/IT/SPO.IT0956A_8_chemi_1998-01-13_00_00_00.parquet","hour"
"Italy","NET.IT112A","Regione Lazio","IT0956A","CINECITTA","SPO.IT0956A_7_UV-P_2006-06-01_00:00:00","O3","Ozone (air)","P1Y-hr-min","1 year hour min","2024","0.000","ug/m3","95.65","1","Background","Urban","12.5687","41.8577","48.0","Roma                                                                            ","IT001C1                                           ","2808293","E1a/validated data AQ e-Reporting","07/03/2026 23:00:48","https://eeadmz1batchservice02.blob.core.windows.net/airquality-p-e1a/IT/SPO.IT0956A_7_UV-P_2006-06-01_00_00_00.parquet","hour"
"Italy","NET.IT112A","Regione Lazio","IT0956A","CINECITTA","SPO.IT0956A_7_UV-P_2006-06-01_00:00:00","O3","Ozone (air)","P1Y-hrsAbove180","1 year hour exceed 180","2024","0.000","count","95.65","1","Background","Urban","12.5687","41.8577","48.0","Roma                                                                            ","IT001C1                                           ","2808293","E1a/validated data AQ e-Reporting","07/03/2026 23:01:07","https://eeadmz1batchservice02.blob.core.windows.net/airquality-p-e1a/IT/SPO.IT0956A_7_UV-P_2006-06-01_00_00_00.parquet","hour"
"Italy","NET.IT112A","Regione Lazio","IT1176A","L.GO PERESTRELLO","SPO.IT1176A_8_chemi_1998-03-17_00:00:00","NO2","Nitrogen dioxide (air)","P1Y-hrsAbove200","1 year hour exceed 200","2024","0.000","count","95.38","1","Background","Urban","12.5416","41.8860","28.0","Roma                                                                            ","IT001C1                                           ","2808293","E1a/validated data AQ e-Reporting","07/03/2026 23:01:10","https://eeadmz1batchservice02.blob.core.windows.net/airquality-p-e1a/IT/SPO.IT1176A_8_chemi_1998-03-17_00_00_00.parquet","hour"
"Italy","NET.IT112A","Regione Lazio","IT1835A","BUFALOTTA","SPO.IT1835A_8_chemi_2019-03-18_00:00:00","NO2","Nitrogen dioxide (air)","P1Y-3hAbove400","3 consecutive hours in exceedance of 400","2024","0.000","count","93.28","1","Background","Urban","12.5337","41.9477","36.0","Roma                                                                            ","IT001C1                                           ","2808293","E1a/validated data AQ e-Reporting","07/03/2026 22:58:40","https://eeadmz1batchservice02.blob.core.windows.net/airquality-p-e1a/IT/SPO.IT1835A_8_chemi_2019-03-18_00_00_00.parquet","hour"
"Italy","NET.IT112A","Regione Lazio","IT1835A","BUFALOTTA","SPO.IT1835A_8_chemi_2019-03-18_00:00:00","NO2","Nitrogen dioxide (air)","P1Y-hrsAbove400","1 year hour exceed 400","2024","0.000","count","93.28","1","Background","Urban","12.5337","41.9477","36.0","Roma                                                                            ","IT001C1                                           ","2808293","E1a/validated data AQ e-Reporting","07/03/2026 23:01:25","https://eeadmz1batchservice02.blob.core.windows.net/airquality-p-e1a/IT/SPO.IT1835A_8_chemi_2019-03-18_00_00_00.parquet","hour"
"Italy","NET.IT112A","Regione Lazio","IT0953A","VILLA ADA","SPO.IT0953A_21_GC-FID_1997-10-01_00:00:00","C6H5-CH3","Toluene (air)","P1Y-day-max","1 year day max","2024","28.372","ug/m3","92.90","1","Background","Urban","12.5069","41.9329","50.0","Roma                                                                            ","IT001C1                                           ","2808293","E1a/validated data AQ e-Reporting","07/03/2026 22:58:50","https://eeadmz1batchservice02.blob.core.windows.net/airquality-p-e1a/IT/SPO.IT0953A_21_GC-FID_1997-10-01_00_00_00.parquet","hour"
"Italy","NET.IT112A","Regione Lazio","IT0953A","VILLA ADA","SPO.IT0953A_38_chemi_1997-01-01_00:00:00","NO","Nitrogen monoxide (air)","P1Y-hr-min","1 year hour min","2024","-0.691","ug/m3","90.99","1","Background","Urban","12.5069","41.9329","50.0","Roma                                                                            ","IT001C1                                           ","2808293","E1a/validated data AQ e-Reporting","07/03/2026 23:00:48","https://eeadmz1batchservice02.blob.core.windows.net/airquality-p-e1a/IT/SPO.IT0953A_38_chemi_1997-01-01_00_00_00.parquet","hour"
"Italy","NET.IT112A","Regione Lazio","IT1906A","ARENULA","SPO.IT1906A_7_UV-P_2009-11-29_00:00:00","O3","Ozone (air)","AOT40cmeasured","AOT40c UNCORRECTED for data capture","2024","184.346","ug/m3","97.74","1","Background","Urban","12.4754","41.8940","17.0","Roma                                                                            ","IT001C1                                           ","2808293","E1a/validated data AQ e-Reporting","07/03/2026 22:17:30","https://eeadmz1batchservice02.blob.core.windows.net/airquality-p-e1a/IT/SPO.IT1906A_7_UV-P_2009-11-29_00_00_00.parquet","hour"
"Italy","NET.IT112A","Regione Lazio","IT1906A","ARENULA","SPO.IT1906A_7_UV-P_2009-11-29_00:00:00","O3","Ozone (air)","P1Y-dmax-per99","1 year 99 percentile daily 8h maximum","2024","82.435","ug/m3","97.81","1","Background","Urban","12.4754","41.8940","17.0","Roma                                                                            ","IT001C1                                           ","2808293","E1a/validated data AQ e-Reporting","07/03/2026 23:00:05","https://eeadmz1batchservice02.blob.core.windows.net/airquality-p-e1a/IT/SPO.IT1906A_7_UV-P_2009-11-29_00_00_00.parquet","hour"
"Italy","NET.IT112A","Regione Lazio","IT1906A","ARENULA","SPO.IT1906A_7_UV-P_2009-11-29_00:00:00","O3","Ozone (air)","AOT40fmeasured","AOT40 vegetation protection","2024","456.724","ug/m3","97.91","1","Background","Urban","12.4754","41.8940","17.0","Roma                                                                            ","IT001C1                                           ","2808293","E1a/validated data AQ e-Reporting","07/03/2026 22:17:41","https://eeadmz1batchservice02.blob.core.windows.net/airquality-p-e1a/IT/SPO.IT1906A_7_UV-P_2009-11-29_00_00_00.parquet","hour"
"Italy","NET.IT112A","Regione Lazio","IT1906A","ARENULA","SPO.IT1906A_8_chemi_2008-02-03_00:00:00","NO2","Nitrogen dioxide (air)","P1Y-daysAbove50","1 year day exceed 50","2024","25.000","count","99.45","1","Background","Urban","12.4754","41.8940","17.0","Roma                                                                            ","IT001C1                                           ","2808293","E1a/validated data AQ e-Reporting","07/03/2026 22:59:41","https://eeadmz1batchservice02.blob.core.windows.net/airquality-p-e1a/IT/SPO.IT1906A_8_chemi_2008-02-03_00_00_00.parquet","hour"
"Italy","NET.IT112A","Regione Lazio","IT0953A","VILLA ADA","SPO.IT0953A_9_chemi_1997-01-01_00:00:00","NOX as NO2","Nitrogen oxides (air)","P1Y-day-max","1 year day max","2024","126.748","ug/m3","92.90","1","Background","Urban","12.5069","41.9329","50.0","Roma                                                                            ","IT001C1                                           ","2808293","E1a/validated data AQ e-Reporting","07/03/2026 22:58:50","https://eeadmz1batchservice02.blob.core.windows.net/airquality-p-e1a/IT/SPO.IT0953A_9_chemi_1997-01-01_00_00_00.parquet","hour"
"Italy","NET.IT112A","Regione Lazio","IT0956A","CINECITTA","SPO.IT0956A_38_chemi_1998-01-13_00:00:00","NO","Nitrogen monoxide (air)","P1Y-hr-max","1 year hour max","2024","411.368","ug/m3","93.35","1","Background","Urban","12.5687","41.8577","48.0","Roma                                                                            ","IT001C1                                           ","2808293","E1a/validated data AQ e-Reporting","07/03/2026 23:00:20","https://eeadmz1batchservice02.blob.core.windows.net/airquality-p-e1a/IT/SPO.IT0956A_38_chemi_1998-01-13_00_00_00.parquet","hour"
"Italy","NET.IT112A","Regione Lazio","IT0953A","VILLA ADA","SPO.IT0953A_20_GC-FID_1997-10-01_00:00:00","C6H6","Benzene (air)","P1Y","Annual mean / 1 calendar year","2024","0.569","ug/m3","93.47","1","Background","Urban","12.5069","41.9329","50.0","Roma                                                                            ","IT001C1                                           ","2808293","E1a/validated data AQ e-Reporting","07/03/2026 22:58:16","https://eeadmz1batchservice02.blob.core.windows.net/airquality-p-e1a/IT/SPO.IT0953A_20_GC-FID_1997-10-01_00_00_00.parquet","hour"
"Italy","NET.IT112A","Regione Lazio","IT0956A","CINECITTA","SPO.IT0956A_7_UV-P_2006-06-01_00:00:00","O3","Ozone (air)","AOT40c","AOT40 vegetation protection","2024","9436.843","ug/m3","97.37","1","Background","Urban","12.5687","41.8577","48.0","Roma                                                                            ","IT001C1                                           ","2808293","E1a/validated data AQ e-Reporting","07/03/2026 22:17:26","https://eeadmz1batchservice02.blob.core.windows.net/airquality-p-e1a/IT/SPO.IT0956A_7_UV-P_2006-06-01_00_00_00.parquet","hour"
"Italy","NET.IT112A","Regione Lazio","IT0956A","CINECITTA","SPO.IT0956A_7_UV-P_2006-06-01_00:00:00","O3","Ozone (air)","AOT40fmeasured","AOT40 vegetation protection","2024","16120.127","ug/m3","95.99","1","Background","Urban","12.5687","41.8577","48.0","Roma                                                                            ","IT001C1                                           ","2808293","E1a/validated data AQ e-Reporting","07/03/2026 22:17:41","https://eeadmz1batchservice02.blob.core.windows.net/airquality-p-e1a/IT/SPO.IT0956A_7_UV-P_2006-06-01_00_00_00.parquet","hour"
"Italy","NET.IT112A","Regione Lazio","IT1176A","L.GO PERESTRELLO","SPO.IT1176A_38_chemi_1998-03-17_00:00:00","NO","Nitrogen monoxide (air)","P1Y-day-max","1 year day max","2024","131.488","ug/m3","99.45","1","Background","Urban","12.5416","41.8860","28.0","Roma                                                                            ","IT001C1                                           ","2808293","E1a/validated data AQ e-Reporting","07/03/2026 22:58:50","https://eeadmz1batchservice02.blob.core.windows.net/airquality-p-e1a/IT/SPO.IT1176A_38_chemi_1998-03-17_00_00_00.parquet","hour"
"Italy","NET.IT112A","Regione Lazio","IT1837A","FERMI","SPO.IT1837A_8_chemi_2006-12-17_00:00:00","NO2","Nitrogen dioxide (air)","P1Y-3hAbove200","3 consecutive hours in exceedance of 200","2024","0.000","count","95.06","1","Traffic","Urban","12.4696","41.8640","17.0","Roma                                                                            ","IT001C1                                           ","2808293","E1a/validated data AQ e-Reporting","07/03/2026 22:58:33","https://eeadmz1batchservice02.blob.core.windows.net/airquality-p-e1a/IT/SPO.IT1837A_8_chemi_2006-12-17_00_00_00.parquet","hour"
"Italy","NET.IT112A","Regione Lazio","IT1837A","FERMI","SPO.IT1837A_8_chemi_2006-12-17_00:00:00","NO2","Nitrogen dioxide (air)","P1Y-3hAbove400","3 consecutive hours in exceedance of 400","2024","0.000","count","95.06","1","Traffic","Urban","12.4696","41.8640","17.0","Roma                                                                            ","IT001C1                                           ","2808293","E1a/validated data AQ e-Reporting","07/03/2026 22:58:40","https://eeadmz1batchservice02.blob.core.windows.net/airquality-p-e1a/IT/SPO.IT1837A_8_chemi_2006-12-17_00_00_00.parquet","hour"
"Italy","NET.IT112A","Regione Lazio","IT1836A","CIPRO","SPO.IT1836A_8_chemi_2006-12-17_00:00:00","NO2","Nitrogen dioxide (air)","P1Y-3hAbove400","3 consecutive hours in exceedance of 400","2024","0.000","count","95.69","1","Background","Urban","12.4476","41.9064","24.0","Roma                                                                            ","IT001C1                                           ","2808293","E1a/validated data AQ e-Reporting","07/03/2026 22:58:40","https://eeadmz1batchservice02.blob.core.windows.net/airquality-p-e1a/IT/SPO.IT1836A_8_chemi_2006-12-17_00_00_00.parquet","hour"
"Italy","NET.IT112A","Regione Lazio","IT1837A","FERMI","SPO.IT1837A_10_NDIR_2006-12-17_00:00:00","CO","Carbon monoxide (air)","P1Y-8hdmxAbove10","1 year daymax exceed 10","2024","0.000","count","98.36","1","Traffic","Urban","12.4696","41.8640","17.0","Roma                                                                            ","IT001C1                                           ","2808293","E1a/validated data AQ e-Reporting","07/03/2026 22:58:47","https://eeadmz1batchservice02.blob.core.windows.net/airquality-p-e1a/IT/SPO.IT1837A_10_NDIR_2006-12-17_00_00_00.parquet","hour"
"Italy","NET.IT112A","Regione Lazio","IT1836A","CIPRO","SPO.IT1836A_7_UV-P_2006-12-17_00:00:00","O3","Ozone (air)","P1Y-hrsAbove240","1 year hour exceed 240","2024","0.000","count","99.49","1","Background","Urban","12.4476","41.9064","24.0","Roma                                                                            ","IT001C1                                           ","2808293","E1a/validated data AQ e-Reporting","07/03/2026 23:01:14","https://eeadmz1batchservice02.blob.core.windows.net/airquality-p-e1a/IT/SPO.IT1836A_7_UV-P_2006-12-17_00_00_00.parquet","hour"
"Italy","NET.IT112A","Regione Lazio","IT1836A","CIPRO","SPO.IT1836A_8_chemi_2006-12-17_00:00:00","NO2","Nitrogen dioxide (air)","P1Y-hrsAbove200","1 year hour exceed 200","2024","0.000","count","95.69","1","Background","Urban","12.4476","41.9064","24.0","Roma                                                                            ","IT001C1                                           ","2808293","E1a/validated data AQ e-Reporting","07/03/2026 23:01:10","https://eeadmz1batchservice02.blob.core.windows.net/airquality-p-e1a/IT/SPO.IT1836A_8_chemi_2006-12-17_00_00_00.parquet","hour"
"Italy","NET.IT112A","Regione Lazio","IT1835A","BUFALOTTA","SPO.IT1835A_9_chemi_2019-03-18_00:00:00","NOX as NO2","Nitrogen oxides (air)","P1Y-hr-max","1 year hour max","2024","540.737","ug/m3","92.70","1","Background","Urban","12.5337","41.9477","36.0","Roma                                                                            ","IT001C1                                           ","2808293","E1a/validated data AQ e-Reporting","07/03/2026 23:00:20","https://eeadmz1batchservice02.blob.core.windows.net/airquality-p-e1a/IT/SPO.IT1835A_9_chemi_2019-03-18_00_00_00.parquet","hour"
"Italy","NET.IT112A","Regione Lazio","IT1836A","CIPRO","SPO.IT1836A_38_chemi_2006-12-17_00:00:00","NO","Nitrogen monoxide (air)","P1Y-hr-max","1 year hour max","2024","166.274","ug/m3","95.70","1","Background","Urban","12.4476","41.9064","24.0","Roma                                                                            ","IT001C1                                           ","2808293","E1a/validated data AQ e-Reporting","07/03/2026 23:00:20","https://eeadmz1batchservice02.blob.core.windows.net/airquality-p-e1a/IT/SPO.IT1836A_38_chemi_2006-12-17_00_00_00.parquet","hour"
"Italy","NET.IT112A","Regione Lazio","IT1836A","CIPRO","SPO.IT1836A_7_UV-P_2006-12-17_00:00:00","O3","Ozone (air)","AOT40fmeasured","AOT40 vegetation protection","2024","740.748","ug/m3","98.86","1","Background","Urban","12.4476","41.9064","24.0","Roma                                                                            ","IT001C1                                           ","2808293","E1a/validated data AQ e-Reporting","07/03/2026 22:17:41","https://eeadmz1batchservice02.blob.core.windows.net/airquality-p-e1a/IT/SPO.IT1836A_7_UV-P_2006-12-17_00_00_00.parquet","hour"
"Italy","NET.IT112A","Regione Lazio","IT1836A","CIPRO","SPO.IT1836A_9_chemi_2006-12-17_00:00:00","NOX as NO2","Nitrogen oxides (air)","P1Y-hr-min","1 year hour min","2024","0.319","ug/m3","95.70","1","Background","Urban","12.4476","41.9064","24.0","Roma                                                                            ","IT001C1                                           ","2808293","E1a/validated data AQ e-Reporting","07/03/2026 23:00:48","https://eeadmz1batchservice02.blob.core.windows.net/airquality-p-e1a/IT/SPO.IT1836A_9_chemi_2006-12-17_00_00_00.parquet","hour"
"Italy","NET.IT112A","Regione Lazio","IT1837A","FERMI","SPO.IT1837A_21_other_2006-12-17_00:00:00","C6H5-CH3","Toluene (air)","P1Y-day-per50","1 year 50 %ile of daily values in a year","2024","5.012","ug/m3","97.81","1","Traffic","Urban","12.4696","41.8640","17.0","Roma                                                                            ","IT001C1                                           ","2808293","E1a/validated data AQ e-Reporting","07/03/2026 22:59:18","https://eeadmz1batchservice02.blob.core.windows.net/airquality-p-e1a/IT/SPO.IT1837A_21_other_2006-12-17_00_00_00.parquet","hour"
"Italy","NET.IT112A","Regione Lazio","IT1837A","FERMI","SPO.IT1837A_21_other_2006-12-17_00:00:00","C6H5-CH3","Toluene (air)","P1Y-hr-per50","1 year 50 percentile","2024","4.793","ug/m3","96.04","1","Traffic","Urban","12.4696","41.8640","17.0","Roma                                                                            ","IT001C1                                           ","2808293","E1a/validated data AQ e-Reporting","07/03/2026 23:00:56","https://eeadmz1batchservice02.blob.core.windows.net/airquality-p-e1a/IT/SPO.IT1837A_21_other_2006-12-17_00_00_00.parquet","hour"
"Italy","NET.IT112A","Regione Lazio","IT1836A","CIPRO","SPO.IT1836A_7_UV-P_2006-12-17_00:00:00","O3","Ozone (air)","P1Y-dmax-per99","1 year 99 percentile daily 8h maximum","2024","91.550","ug/m3","98.63","1","Background","Urban","12.4476","41.9064","24.0","Roma                                                                            ","IT001C1                                           ","2808293","E1a/validated data AQ e-Reporting","07/03/2026 23:00:05","https://eeadmz1batchservice02.blob.core.windows.net/airquality-p-e1a/IT/SPO.IT1836A_7_UV-P_2006-12-17_00_00_00.parquet","hour"
"Italy","NET.IT112A","Regione Lazio","IT0953A","VILLA ADA","SPO.IT0953A_10_NDIR_1997-01-01_00:00:00","CO","Carbon monoxide (air)","P1Y","Annual mean / 1 calendar year","2024","1.052","mg/m3","95.98","1","Background","Urban","12.5069","41.9329","50.0","Roma                                                                            ","IT001C1                                           ","2808293","E1a/validated data AQ e-Reporting","07/03/2026 22:58:16","https://eeadmz1batchservice02.blob.core.windows.net/airquality-p-e1a/IT/SPO.IT0953A_10_NDIR_1997-01-01_00_00_00.parquet","hour"
"Italy","NET.IT112A","Regione Lazio","IT0953A","VILLA ADA","SPO.IT0953A_10_NDIR_1997-01-01_00:00:00","CO","Carbon monoxide (air)","P1Y-dx-avg","1 year daymax average","2024","1.172","mg/m3","93.72","1","Background","Urban","12.5069","41.9329","50.0","Roma                                                                            ","IT001C1                                           ","2808293","E1a/validated data AQ e-Reporting","07/03/2026 23:00:09","https://eeadmz1batchservice02.blob.core.windows.net/airquality-p-e1a/IT/SPO.IT0953A_10_NDIR_1997-01-01_00_00_00.parquet","hour"
"Italy","NET.IT112A","Regione Lazio","IT0953A","VILLA ADA","SPO.IT0953A_10_NDIR_1997-01-01_00:00:00","CO","Carbon monoxide (air)","P1Y-hr-max","1 year hour max","2024","5.857","mg/m3","95.98","1","Background","Urban","12.5069","41.9329","50.0","Roma                                                                            ","IT001C1                                           ","2808293","E1a/validated data AQ e-Reporting","07/03/2026 23:00:20","https://eeadmz1batchservice02.blob.core.windows.net/airquality-p-e1a/IT/SPO.IT0953A_10_NDIR_1997-01-01_00_00_00.parquet","hour"
"Italy","NET.IT112A","Regione Lazio","IT1176A","L.GO PERESTRELLO","SPO.IT1176A_8_chemi_1998-03-17_00:00:00","NO2","Nitrogen dioxide (air)","P1Y-hr-per50","1 year 50 percentile","2024","21.736","ug/m3","95.38","1","Background","Urban","12.5416","41.8860","28.0","Roma                                                                            ","IT001C1                                           ","2808293","E1a/validated data AQ e-Reporting","07/03/2026 23:00:56","https://eeadmz1batchservice02.blob.core.windows.net/airquality-p-e1a/IT/SPO.IT1176A_8_chemi_1998-03-17_00_00_00.parquet","hour"
"Italy","NET.IT112A","Regione Lazio","IT1836A","CIPRO","SPO.IT1836A_7_UV-P_2006-12-17_00:00:00","O3","Ozone (air)","P3Y-dmaxAbove120","Daymax exceed 120 averaged over 3 consecutive years","2024","0.667","count","100.00","1","Background","Urban","12.4476","41.9064","24.0","Roma                                                                            ","IT001C1                                           ","2808293","E1a/validated data AQ e-Reporting","07/03/2026 23:02:02","https://eeadmz1batchservice02.blob.core.windows.net/airquality-p-e1a/IT/SPO.IT1836A_7_UV-P_2006-12-17_00_00_00.parquet","hour"
"Italy","NET.IT112A","Regione Lazio","IT0956A","CINECITTA","SPO.IT0956A_8_chemi_1998-01-13_00:00:00","NO2","Nitrogen dioxide (air)","P1Y-hr-per50","1 year 50 percentile","2024","22.621","ug/m3","93.35","1","Background","Urban","12.5687","41.8577","48.0","Roma                                                                            ","IT001C1                                           ","2808293","E1a/validated data AQ e-Reporting","07/03/2026 23:00:56","https://eeadmz1batchservice02.blob.core.windows.net/airquality-p-e1a/IT/SPO.IT0956A_8_chemi_1998-01-13_00_00_00.parquet","hour"
"Italy","NET.IT112A","Regione Lazio","IT0825A","C.SO FRANCIA","SPO.IT0825A_8_chemi_1997-10-01_00:00:00","NO2","Nitrogen dioxide (air)","P1Y-day-min","1 year day min","2024","15.891","ug/m3","98.36","1","Traffic","Urban","12.4696","41.9474","35.0","Roma                                                                            ","IT001C1                                           ","2808293","E1a/validated data AQ e-Reporting","07/03/2026 22:59:10","https://eeadmz1batchservice02.blob.core.windows.net/airquality-p-e1a/IT/SPO.IT0825A_8_chemi_1997-10-01_00_00_00.parquet","hour"
"Italy","NET.IT112A","Regione Lazio","IT0825A","C.SO FRANCIA","SPO.IT0825A_8_chemi_1997-10-01_00:00:00","NO2","Nitrogen dioxide (air)","P1Y-day-per50","1 year 50 %ile of daily values in a year","2024","34.032","ug/m3","98.36","1","Traffic","Urban","12.4696","41.9474","35.0","Roma                                                                            ","IT001C1                                           ","2808293","E1a/validated data AQ e-Reporting","07/03/2026 22:59:18","https://eeadmz1batchservice02.blob.core.windows.net/airquality-p-e1a/IT/SPO.IT0825A_8_chemi_1997-10-01_00_00_00.parquet","hour"
"Italy","NET.IT112A","Regione Lazio","IT0825A","C.SO FRANCIA","SPO.IT0825A_8_chemi_1997-10-01_00:00:00","NO2","Nitrogen dioxide (air)","P1Y-daysAbove50","1 year day exceed 50","2024","2.000","count","98.36","1","Traffic","Urban","12.4696","41.9474","35.0","Roma                                                                            ","IT001C1                                           ","2808293","E1a/validated data AQ e-Reporting","07/03/2026 22:59:41","https://eeadmz1batchservice02.blob.core.windows.net/airquality-p-e1a/IT/SPO.IT0825A_8_chemi_1997-10-01_00_00_00.parquet","hour"
"Italy","NET.IT112A","Regione Lazio","IT0825A","C.SO FRANCIA","SPO.IT0825A_21_other_2006-07-26_00:00:00","C6H5-CH3","Toluene (air)","P1Y-day-max","1 year day max","2024","29.870","ug/m3","96.17","1","Traffic","Urban","12.4696","41.9474","35.0","Roma                                                                            ","IT001C1                                           ","2808293","E1a/validated data AQ e-Reporting","07/03/2026 22:58:50","https://eeadmz1batchservice02.blob.core.windows.net/airquality-p-e1a/IT/SPO.IT0825A_21_other_2006-07-26_00_00_00.parquet","hour"
"Italy","NET.IT112A","Regione Lazio","IT0825A","C.SO FRANCIA","SPO.IT0825A_38_chemi_1997-10-01_00:00:00","NO","Nitrogen monoxide (air)","P1Y-day-per50","1 year 50 %ile of daily values in a year","2024","21.561","ug/m3","98.36","1","Traffic","Urban","12.4696","41.9474","35.0","Roma                                                                            ","IT001C1                                           ","2808293","E1a/validated data AQ e-Reporting","07/03/2026 22:59:18","https://eeadmz1batchservice02.blob.core.windows.net/airquality-p-e1a/IT/SPO.IT0825A_38_chemi_1997-10-01_00_00_00.parquet","hour"
"Italy","NET.IT112A","Regione Lazio","IT1906A","ARENULA","SPO.IT1906A_8_chemi_2008-02-03_00:00:00","NO2","Nitrogen dioxide (air)","P1Y-hr-min","1 year hour min","2024","3.153","ug/m3","95.39","1","Background","Urban","12.4754","41.8940","17.0","Roma                                                                            ","IT001C1                                           ","2808293","E1a/validated data AQ e-Reporting","07/03/2026 23:00:48","https://eeadmz1batchservice02.blob.core.windows.net/airquality-p-e1a/IT/SPO.IT1906A_8_chemi_2008-02-03_00_00_00.parquet","hour"
"Italy","NET.IT112A","Regione Lazio","IT1906A","ARENULA","SPO.IT1906A_8_chemi_2008-02-03_00:00:00","NO2","Nitrogen dioxide (air)","P1Y-hr-per50","1 year 50 percentile","2024","25.595","ug/m3","95.39","1","Background","Urban","12.4754","41.8940","17.0","Roma                                                                            ","IT001C1                                           ","2808293","E1a/validated data AQ e-Reporting","07/03/2026 23:00:56","https://eeadmz1batchservice02.blob.core.windows.net/airquality-p-e1a/IT/SPO.IT1906A_8_chemi_2008-02-03_00_00_00.parquet","hour"
"Italy","NET.IT112A","Regione Lazio","IT1837A","FERMI","SPO.IT1837A_431_other_2006-12-17_00:00:00","C6H5-C2H5","Ethyl benzene (air)","P1Y","Annual mean / 1 calendar year","2024","0.880","ug/m3","96.33","1","Traffic","Urban","12.4696","41.8640","17.0","Roma                                                                            ","IT001C1                                           ","2808293","E1a/validated data AQ e-Reporting","07/03/2026 22:58:16","https://eeadmz1batchservice02.blob.core.windows.net/airquality-p-e1a/IT/SPO.IT1837A_431_other_2006-12-17_00_00_00.parquet","hour"
"Italy","NET.IT112A","Regione Lazio","IT1837A","FERMI","SPO.IT1837A_431_other_2006-12-17_00:00:00","C6H5-C2H5","Ethyl benzene (air)","P1Y-day-max","1 year day max","2024","10.872","ug/m3","98.09","1","Traffic","Urban","12.4696","41.8640","17.0","Roma                                                                            ","IT001C1                                           ","2808293","E1a/validated data AQ e-Reporting","07/03/2026 22:58:50","https://eeadmz1batchservice02.blob.core.windows.net/airquality-p-e1a/IT/SPO.IT1837A_431_other_2006-12-17_00_00_00.parquet","hour"
"Italy","NET.IT112A","Regione Lazio","IT0953A","VILLA ADA","SPO.IT0953A_431_other_1997-10-01_00:00:00","C6H5-C2H5","Ethyl benzene (air)","P1Y","Annual mean / 1 calendar year","2024","0.104","ug/m3","93.85","1","Background","Urban","12.5069","41.9329","50.0","Roma                                                                            ","IT001C1                                           ","2808293","E1a/validated data AQ e-Reporting","07/03/2026 22:58:16","https://eeadmz1batchservice02.blob.core.windows.net/airquality-p-e1a/IT/SPO.IT0953A_431_other_1997-10-01_00_00_00.parquet","hour"
"Italy","NET.IT112A","Regione Lazio","IT1176A","L.GO PERESTRELLO","SPO.IT1176A_7_UV-P_1998-03-17_00:00:00","O3","Ozone (air)","P1Y-dx-max26","1 year daymax max 26","2024","118.056","ug/m3","98.91","1","Background","Urban","12.5416","41.8860","28.0","Roma                                                                            ","IT001C1                                           ","2808293","E1a/validated data AQ e-Reporting","07/03/2026 23:00:17","https://eeadmz1batchservice02.blob.core.windows.net/airquality-p-e1a/IT/SPO.IT1176A_7_UV-P_1998-03-17_00_00_00.parquet","hour"
"Italy","NET.IT112A","Regione Lazio","IT1834A","TIBURTINA","SPO.IT1834A_8_chemi_2006-12-06_00:00:00","NO2","Nitrogen dioxide (air)","P1Y-daysAbove50","1 year day exceed 50","2024","24.000","count","99.18","1","Traffic","Urban","12.5489","41.9103","26.0","Roma                                                                            ","IT001C1                                           ","2808293","E1a/validated data AQ e-Reporting","07/03/2026 22:59:41","https://eeadmz1batchservice02.blob.core.windows.net/airquality-p-e1a/IT/SPO.IT1834A_8_chemi_2006-12-06_00_00_00.parquet","hour"
"Italy","NET.IT112A","Regione Lazio","IT1834A","TIBURTINA","SPO.IT1834A_8_chemi_2006-12-06_00:00:00","NO2","Nitrogen dioxide (air)","P1Y-hr-max","1 year hour max","2024","123.621","ug/m3","95.22","1","Traffic","Urban","12.5489","41.9103","26.0","Roma                                                                            ","IT001C1                                           ","2808293","E1a/validated data AQ e-Reporting","07/03/2026 23:00:20","https://eeadmz1batchservice02.blob.core.windows.net/airquality-p-e1a/IT/SPO.IT1834A_8_chemi_2006-12-06_00_00_00.parquet","hour"
"Italy","NET.IT112A","Regione Lazio","IT1835A","BUFALOTTA","SPO.IT1835A_8_chemi_2019-03-18_00:00:00","NO2","Nitrogen dioxide (air)","P1Y-day-max","1 year day max","2024","62.822","ug/m3","95.63","1","Background","Urban","12.5337","41.9477","36.0","Roma                                                                            ","IT001C1                                           ","2808293","E1a/validated data AQ e-Reporting","07/03/2026 22:58:50","https://eeadmz1batchservice02.blob.core.windows.net/airquality-p-e1a/IT/SPO.IT1835A_8_chemi_2019-03-18_00_00_00.parquet","hour"
"Italy","NET.IT112A","Regione Lazio","IT1836A","CIPRO","SPO.IT1836A_8_chemi_2006-12-17_00:00:00","NO2","Nitrogen dioxide (air)","P1Y-daysAbove50","1 year day exceed 50","2024","4.000","count","99.73","1","Background","Urban","12.4476","41.9064","24.0","Roma                                                                            ","IT001C1                                           ","2808293","E1a/validated data AQ e-Reporting","07/03/2026 22:59:41","https://eeadmz1batchservice02.blob.core.windows.net/airquality-p-e1a/IT/SPO.IT1836A_8_chemi_2006-12-17_00_00_00.parquet","hour"
"Italy","NET.IT112A","Regione Lazio","IT1836A","CIPRO","SPO.IT1836A_8_chemi_2006-12-17_00:00:00","NO2","Nitrogen dioxide (air)","P1Y-hr-max","1 year hour max","2024","95.908","ug/m3","95.69","1","Background","Urban","12.4476","41.9064","24.0","Roma                                                                            ","IT001C1                                           ","2808293","E1a/validated data AQ e-Reporting","07/03/2026 23:00:20","https://eeadmz1batchservice02.blob.core.windows.net/airquality-p-e1a/IT/SPO.IT1836A_8_chemi_2006-12-17_00_00_00.parquet","hour"
"Italy","NET.IT112A","Regione Lazio","IT1836A","CIPRO","SPO.IT1836A_8_chemi_2006-12-17_00:00:00","NO2","Nitrogen dioxide (air)","P1Y-hr-max19","1 year hour max19","2024","82.168","ug/m3","95.69","1","Background","Urban","12.4476","41.9064","24.0","Roma                                                                            ","IT001C1                                           ","2808293","E1a/validated data AQ e-Reporting","07/03/2026 23:00:28","https://eeadmz1batchservice02.blob.core.windows.net/airquality-p-e1a/IT/SPO.IT1836A_8_chemi_2006-12-17_00_00_00.parquet","hour"
"Italy","NET.IT112A","Regione Lazio","IT0953A","VILLA ADA","SPO.IT0953A_20_GC-FID_1997-10-01_00:00:00","C6H6","Benzene (air)","P1Y-day-per50","1 year 50 %ile of daily values in a year","2024","0.313","ug/m3","92.62","1","Background","Urban","12.5069","41.9329","50.0","Roma                                                                            ","IT001C1                                           ","2808293","E1a/validated data AQ e-Reporting","07/03/2026 22:59:18","https://eeadmz1batchservice02.blob.core.windows.net/airquality-p-e1a/IT/SPO.IT0953A_20_GC-FID_1997-10-01_00_00_00.parquet","hour"
"Italy","NET.IT112A","Regione Lazio","IT1176A","L.GO PERESTRELLO","SPO.IT1176A_9_chemi_1998-03-17_00:00:00","NOX as NO2","Nitrogen oxides (air)","P1Y-day-per50","1 year 50 %ile of daily values in a year","2024","30.025","ug/m3","99.45","1","Background","Urban","12.5416","41.8860","28.0","Roma                                                                            ","IT001C1                                           ","2808293","E1a/validated data AQ e-Reporting","07/03/2026 22:59:18","https://eeadmz1batchservice02.blob.core.windows.net/airquality-p-e1a/IT/SPO.IT1176A_9_chemi_1998-03-17_00_00_00.parquet","hour"
"Italy","NET.IT112A","Regione Lazio","IT1176A","L.GO PERESTRELLO","SPO.IT1176A_9_chemi_1998-03-17_00:00:00","NOX as NO2","Nitrogen oxides (air)","P1Y-hr-per50","1 year 50 percentile","2024","26.855","ug/m3","95.42","1","Background","Urban","12.5416","41.8860","28.0","Roma                                                                            ","IT001C1                                           ","2808293","E1a/validated data AQ e-Reporting","07/03/2026 23:00:56","https://eeadmz1batchservice02.blob.core.windows.net/airquality-p-e1a/IT/SPO.IT1176A_9_chemi_1998-03-17_00_00_00.parquet","hour"
"Italy","NET.IT112A","Regione Lazio","IT0953A","VILLA ADA","SPO.IT0953A_21_GC-FID_1997-10-01_00:00:00","C6H5-CH3","Toluene (air)","P1Y-day-per50","1 year 50 %ile of daily values in a year","2024","1.072","ug/m3","92.90","1","Background","Urban","12.5069","41.9329","50.0","Roma                                                                            ","IT001C1                                           ","2808293","E1a/validated data AQ e-Reporting","07/03/2026 22:59:18","https://eeadmz1batchservice02.blob.core.windows.net/airquality-p-e1a/IT/SPO.IT0953A_21_GC-FID_1997-10-01_00_00_00.parquet","hour"
"Italy","NET.IT112A","Regione Lazio","IT0956A","CINECITTA","SPO.IT0956A_7_UV-P_2006-06-01_00:00:00","O3","Ozone (air)","P1Y-dx-avg","1 year daymax average","2024","66.575","ug/m3","93.17","1","Background","Urban","12.5687","41.8577","48.0","Roma                                                                            ","IT001C1                                           ","2808293","E1a/validated data AQ e-Reporting","07/03/2026 23:00:09","https://eeadmz1batchservice02.blob.core.windows.net/airquality-p-e1a/IT/SPO.IT0956A_7_UV-P_2006-06-01_00_00_00.parquet","hour"
"Italy","NET.IT112A","Regione Lazio","IT0953A","VILLA ADA","SPO.IT0953A_431_other_1997-10-01_00:00:00","C6H5-C2H5","Ethyl benzene (air)","P1Y-hr-max","1 year hour max","2024","4.941","ug/m3","93.85","1","Background","Urban","12.5069","41.9329","50.0","Roma                                                                            ","IT001C1                                           ","2808293","E1a/validated data AQ e-Reporting","07/03/2026 23:00:20","https://eeadmz1batchservice02.blob.core.windows.net/airquality-p-e1a/IT/SPO.IT0953A_431_other_1997-10-01_00_00_00.parquet","hour"
"Italy","NET.IT112A","Regione Lazio","IT0953A","VILLA ADA","SPO.IT0953A_9_chemi_1997-01-01_00:00:00","NOX as NO2","Nitrogen oxides (air)","P1Y","Annual mean / 1 calendar year","2024","29.786","ug/m3","91.87","1","Background","Urban","12.5069","41.9329","50.0","Roma                                                                            ","IT001C1                                           ","2808293","E1a/validated data AQ e-Reporting","07/03/2026 22:58:16","https://eeadmz1batchservice02.blob.core.windows.net/airquality-p-e1a/IT/SPO.IT0953A_9_chemi_1997-01-01_00_00_00.parquet","hour"
"Italy","NET.IT112A","Regione Lazio","IT0956A","CINECITTA","SPO.IT0956A_38_chemi_1998-01-13_00:00:00","NO","Nitrogen monoxide (air)","P1Y-day-per50","1 year 50 %ile of daily values in a year","2024","3.071","ug/m3","95.36","1","Background","Urban","12.5687","41.8577","48.0","Roma                                                                            ","IT001C1                                           ","2808293","E1a/validated data AQ e-Reporting","07/03/2026 22:59:18","https://eeadmz1batchservice02.blob.core.windows.net/airquality-p-e1a/IT/SPO.IT0956A_38_chemi_1998-01-13_00_00_00.parquet","hour"
"Italy","NET.IT112A","Regione Lazio","IT0953A","VILLA ADA","SPO.IT0953A_464_other_1997-10-01_00:00:00","m,p-C6H4(CH3)2","m,p-Xylene (air)","P1Y-day-min","1 year day min","2024","0.010","ug/m3","92.90","1","Background","Urban","12.5069","41.9329","50.0","Roma                                                                            ","IT001C1                                           ","2808293","E1a/validated data AQ e-Reporting","07/03/2026 22:59:10","https://eeadmz1batchservice02.blob.core.windows.net/airquality-p-e1a/IT/SPO.IT0953A_464_other_1997-10-01_00_00_00.parquet","hour"
"Italy","NET.IT112A","Regione Lazio","IT0953A","VILLA ADA","SPO.IT0953A_482_other_1997-10-01_00:00:00","o-C6H4-(CH3)2","o-Xylene (air)","P1Y-day-per50","1 year 50 %ile of daily values in a year","2024","0.068","ug/m3","92.90","1","Background","Urban","12.5069","41.9329","50.0","Roma                                                                            ","IT001C1                                           ","2808293","E1a/validated data AQ e-Reporting","07/03/2026 22:59:18","https://eeadmz1batchservice02.blob.core.windows.net/airquality-p-e1a/IT/SPO.IT0953A_482_other_1997-10-01_00_00_00.parquet","hour"
"Italy","NET.IT112A","Regione Lazio","IT1835A","BUFALOTTA","SPO.IT1835A_7_UV-P_2006-12-06_00:00:00","O3","Ozone (air)","P1Y-P1D-per99","1 year 99 percentile of daily means (P1D) or .../aq/primaryObservation/day","2024","76.950","ug/m3","95.90","1","Background","Urban","12.5337","41.9477","36.0","Roma                                                                            ","IT001C1                                           ","2808293","E1a/validated data AQ e-Reporting","07/03/2026 23:01:47","https://eeadmz1batchservice02.blob.core.windows.net/airquality-p-e1a/IT/SPO.IT1835A_7_UV-P_2006-12-06_00_00_00.parquet","hour"
"Italy","NET.IT112A","Regione Lazio","IT1835A","BUFALOTTA","SPO.IT1835A_7_UV-P_2006-12-06_00:00:00","O3","Ozone (air)","P3Y-dmaxAbove120","Daymax exceed 120 averaged over 3 consecutive years","2024","6.667","count","100.00","1","Background","Urban","12.5337","41.9477","36.0","Roma                                                                            ","IT001C1                                           ","2808293","E1a/validated data AQ e-Reporting","07/03/2026 23:02:02","https://eeadmz1batchservice02.blob.core.windows.net/airquality-p-e1a/IT/SPO.IT1835A_7_UV-P_2006-12-06_00_00_00.parquet","hour"
"Italy","NET.IT112A","Regione Lazio","IT1176A","L.GO PERESTRELLO","SPO.IT1176A_7_UV-P_1998-03-17_00:00:00","O3","Ozone (air)","P1Y-hr-min","1 year hour min","2024","-0.022","ug/m3","99.46","1","Background","Urban","12.5416","41.8860","28.0","Roma                                                                            ","IT001C1                                           ","2808293","E1a/validated data AQ e-Reporting","07/03/2026 23:00:48","https://eeadmz1batchservice02.blob.core.windows.net/airquality-p-e1a/IT/SPO.IT1176A_7_UV-P_1998-03-17_00_00_00.parquet","hour"
"Italy","NET.IT112A","Regione Lazio","IT1176A","L.GO PERESTRELLO","SPO.IT1176A_7_UV-P_1998-03-17_00:00:00","O3","Ozone (air)","P1Y-hrsAbove180","1 year hour exceed 180","2024","1.000","count","99.46","1","Background","Urban","12.5416","41.8860","28.0","Roma                                                                            ","IT001C1                                           ","2808293","E1a/validated data AQ e-Reporting","07/03/2026 23:01:07","https://eeadmz1batchservice02.blob.core.windows.net/airquality-p-e1a/IT/SPO.IT1176A_7_UV-P_1998-03-17_00_00_00.parquet","hour"
"Italy","NET.IT112A","Regione Lazio","IT1834A","TIBURTINA","SPO.IT1834A_38_chemi_2006-12-06_00:00:00","NO","Nitrogen monoxide (air)","P1Y-day-min","1 year day min","2024","2.797","ug/m3","99.18","1","Traffic","Urban","12.5489","41.9103","26.0","Roma                                                                            ","IT001C1                                           ","2808293","E1a/validated data AQ e-Reporting","07/03/2026 22:59:10","https://eeadmz1batchservice02.blob.core.windows.net/airquality-p-e1a/IT/SPO.IT1834A_38_chemi_2006-12-06_00_00_00.parquet","hour"
"Italy","NET.IT112A","Regione Lazio","IT1834A","TIBURTINA","SPO.IT1834A_38_chemi_2006-12-06_00:00:00","NO","Nitrogen monoxide (air)","P1Y-hr-per50","1 year 50 percentile","2024","11.921","ug/m3","95.21","1","Traffic","Urban","12.5489","41.9103","26.0","Roma                                                                            ","IT001C1                                           ","2808293","E1a/validated data AQ e-Reporting","07/03/2026 23:00:56","https://eeadmz1batchservice02.blob.core.windows.net/airquality-p-e1a/IT/SPO.IT1834A_38_chemi_2006-12-06_00_00_00.parquet","hour"
"Italy","NET.IT112A","Regione Lazio","IT1835A","BUFALOTTA","SPO.IT1835A_7_UV-P_2006-12-06_00:00:00","O3","Ozone (air)","summer-avg","Summer mean","2024","57.789","ug/m3","99.18","1","Background","Urban","12.5337","41.9477","36.0","Roma                                                                            ","IT001C1                                           ","2808293","E1a/validated data AQ e-Reporting","07/03/2026 23:07:29","https://eeadmz1batchservice02.blob.core.windows.net/airquality-p-e1a/IT/SPO.IT1835A_7_UV-P_2006-12-06_00_00_00.parquet","hour"
"Italy","NET.IT112A","Regione Lazio","IT1834A","TIBURTINA","SPO.IT1834A_8_chemi_2006-12-06_00:00:00","NO2","Nitrogen dioxide (air)","P1Y-day-per50","1 year 50 %ile of daily values in a year","2024","29.773","ug/m3","99.18","1","Traffic","Urban","12.5489","41.9103","26.0","Roma                                                                            ","IT001C1                                           ","2808293","E1a/validated data AQ e-Reporting","07/03/2026 22:59:18","https://eeadmz1batchservice02.blob.core.windows.net/airquality-p-e1a/IT/SPO.IT1834A_8_chemi_2006-12-06_00_00_00.parquet","hour"
"Italy","NET.IT112A","Regione Lazio","IT0825A","C.SO FRANCIA","SPO.IT0825A_431_other_2006-07-26_00:00:00","C6H5-C2H5","Ethyl benzene (air)","P1Y","Annual mean / 1 calendar year","2024","0.752","ug/m3","92.76","1","Traffic","Urban","12.4696","41.9474","35.0","Roma                                                                            ","IT001C1                                           ","2808293","E1a/validated data AQ e-Reporting","07/03/2026 22:58:16","https://eeadmz1batchservice02.blob.core.windows.net/airquality-p-e1a/IT/SPO.IT0825A_431_other_2006-07-26_00_00_00.parquet","hour"
"Italy","NET.IT112A","Regione Lazio","IT0825A","C.SO FRANCIA","SPO.IT0825A_431_other_2006-07-26_00:00:00","C6H5-C2H5","Ethyl benzene (air)","P1Y-day-max","1 year day max","2024","7.571","ug/m3","96.17","1","Traffic","Urban","12.4696","41.9474","35.0","Roma                                                                            ","IT001C1                                           ","2808293","E1a/validated data AQ e-Reporting","07/03/2026 22:58:50","https://eeadmz1batchservice02.blob.core.windows.net/airquality-p-e1a/IT/SPO.IT0825A_431_other_2006-07-26_00_00_00.parquet","hour"
"Italy","NET.IT112A","Regione Lazio","IT0825A","C.SO FRANCIA","SPO.IT0825A_464_other_2006-07-26_00:00:00","m,p-C6H4(CH3)2","m,p-Xylene (air)","P1Y-day-min","1 year day min","2024","0.000","ug/m3","96.17","1","Traffic","Urban","12.4696","41.9474","35.0","Roma                                                                            ","IT001C1                                           ","2808293","E1a/validated data AQ e-Reporting","07/03/2026 22:59:10","https://eeadmz1batchservice02.blob.core.windows.net/airquality-p-e1a/IT/SPO.IT0825A_464_other_2006-07-26_00_00_00.parquet","hour"
"Italy","NET.IT112A","Regione Lazio","IT1176A","L.GO PERESTRELLO","SPO.IT1176A_8_chemi_1998-03-17_00:00:00","NO2","Nitrogen dioxide (air)","P1Y-hrsAbove400","1 year hour exceed 400","2024","0.000","count","95.38","1","Background","Urban","12.5416","41.8860","28.0","Roma                                                                            ","IT001C1                                           ","2808293","E1a/validated data AQ e-Reporting","07/03/2026 23:01:25","https://eeadmz1batchservice02.blob.core.windows.net/airquality-p-e1a/IT/SPO.IT1176A_8_chemi_1998-03-17_00_00_00.parquet","hour"
"Italy","NET.IT112A","Regione Lazio","IT0828A","L.GO MAGNA GRECIA","SPO.IT0828A_8_chemi_1993-01-01_00:00:00","NO2","Nitrogen dioxide (air)","P1Y-3hAbove400","3 consecutive hours in exceedance of 400","2024","0.000","count","91.77","1","Traffic","Urban","12.5090","41.8831","37.0","Roma                                                                            ","IT001C1                                           ","2808293","E1a/validated data AQ e-Reporting","07/03/2026 22:58:40","https://eeadmz1batchservice02.blob.core.windows.net/airquality-p-e1a/IT/SPO.IT0828A_8_chemi_1993-01-01_00_00_00.parquet","hour"
"Italy","NET.IT112A","Regione Lazio","IT1834A","TIBURTINA","SPO.IT1834A_8_chemi_2006-12-06_00:00:00","NO2","Nitrogen dioxide (air)","P1Y-hrsAbove200","1 year hour exceed 200","2024","0.000","count","95.22","1","Traffic","Urban","12.5489","41.9103","26.0","Roma                                                                            ","IT001C1                                           ","2808293","E1a/validated data AQ e-Reporting","07/03/2026 23:01:10","https://eeadmz1batchservice02.blob.core.windows.net/airquality-p-e1a/IT/SPO.IT1834A_8_chemi_2006-12-06_00_00_00.parquet","hour"
"Italy","NET.IT112A","Regione Lazio","IT1835A","BUFALOTTA","SPO.IT1835A_8_chemi_2019-03-18_00:00:00","NO2","Nitrogen dioxide (air)","P1Y-3hAbove200","3 consecutive hours in exceedance of 200","2024","0.000","count","93.28","1","Background","Urban","12.5337","41.9477","36.0","Roma                                                                            ","IT001C1                                           ","2808293","E1a/validated data AQ e-Reporting","07/03/2026 22:58:33","https://eeadmz1batchservice02.blob.core.windows.net/airquality-p-e1a/IT/SPO.IT1835A_8_chemi_2019-03-18_00_00_00.parquet","hour"
"Italy","NET.IT112A","Regione Lazio","IT1835A","BUFALOTTA","SPO.IT1835A_8_chemi_2019-03-18_00:00:00","NO2","Nitrogen dioxide (air)","P1Y-hrsAbove200","1 year hour exceed 200","2024","0.000","count","93.28","1","Background","Urban","12.5337","41.9477","36.0","Roma                                                                            ","IT001C1                                           ","2808293","E1a/validated data AQ e-Reporting","07/03/2026 23:01:10","https://eeadmz1batchservice02.blob.core.windows.net/airquality-p-e1a/IT/SPO.IT1835A_8_chemi_2019-03-18_00_00_00.parquet","hour"
"Italy","NET.IT112A","Regione Lazio","IT0953A","VILLA ADA","SPO.IT0953A_1_UV-FL_1997-01-01_00:00:00","SO2","Sulphur dioxide (air)","P1Y-daysAbove125","1 year day exceed 125","2024","0.000","count","93.44","1","Background","Urban","12.5069","41.9329","50.0","Roma                                                                            ","IT001C1                                           ","2808293","E1a/validated data AQ e-Reporting","07/03/2026 22:59:26","https://eeadmz1batchservice02.blob.core.windows.net/airquality-p-e1a/IT/SPO.IT0953A_1_UV-FL_1997-01-01_00_00_00.parquet","hour"
"Italy","NET.IT112A","Regione Lazio","IT0825A","C.SO FRANCIA","SPO.IT0825A_464_other_2006-07-26_00:00:00","m,p-C6H4(CH3)2","m,p-Xylene (air)","P1Y-hr-min","1 year hour min","2024","0.000","ug/m3","92.76","1","Traffic","Urban","12.4696","41.9474","35.0","Roma                                                                            ","IT001C1                                           ","2808293","E1a/validated data AQ e-Reporting","07/03/2026 23:00:48","https://eeadmz1batchservice02.blob.core.windows.net/airquality-p-e1a/IT/SPO.IT0825A_464_other_2006-07-26_00_00_00.parquet","hour"
"Italy","NET.IT112A","Regione Lazio","IT0825A","C.SO FRANCIA","SPO.IT0825A_20_GC-PID_2006-07-26_00:00:00","C6H6","Benzene (air)","P1Y-day-min","1 year day min","2024","0.000","ug/m3","96.17","1","Traffic","Urban","12.4696","41.9474","35.0","Roma                                                                            ","IT001C1                                           ","2808293","E1a/validated data AQ e-Reporting","07/03/2026 22:59:10","https://eeadmz1batchservice02.blob.core.windows.net/airquality-p-e1a/IT/SPO.IT0825A_20_GC-PID_2006-07-26_00_00_00.parquet","hour"
"Italy","NET.IT112A","Regione Lazio","IT0825A","C.SO FRANCIA","SPO.IT0825A_20_GC-PID_2006-07-26_00:00:00","C6H6","Benzene (air)","P1Y-hr-min","1 year hour min","2024","0.000","ug/m3","92.74","1","Traffic","Urban","12.4696","41.9474","35.0","Roma                                                                            ","IT001C1                                           ","2808293","E1a/validated data AQ e-Reporting","07/03/2026 23:00:48","https://eeadmz1batchservice02.blob.core.windows.net/airquality-p-e1a/IT/SPO.IT0825A_20_GC-PID_2006-07-26_00_00_00.parquet","hour"
"Italy","NET.IT112A","Regione Lazio","IT0825A","C.SO FRANCIA","SPO.IT0825A_21_other_2006-07-26_00:00:00","C6H5-CH3","Toluene (air)","P1Y-hr-min","1 year hour min","2024","0.000","ug/m3","92.76","1","Traffic","Urban","12.4696","41.9474","35.0","Roma                                                                            ","IT001C1                                           ","2808293","E1a/validated data AQ e-Reporting","07/03/2026 23:00:48","https://eeadmz1batchservice02.blob.core.windows.net/airquality-p-e1a/IT/SPO.IT0825A_21_other_2006-07-26_00_00_00.parquet","hour"
"Italy","NET.IT112A","Regione Lazio","IT0825A","C.SO FRANCIA","SPO.IT0825A_482_other_2006-07-26_00:00:00","o-C6H4-(CH3)2","o-Xylene (air)","P1Y-hr-min","1 year hour min","2024","0.000","ug/m3","92.76","1","Traffic","Urban","12.4696","41.9474","35.0","Roma                                                                            ","IT001C1                                           ","2808293","E1a/validated data AQ e-Reporting","07/03/2026 23:00:48","https://eeadmz1batchservice02.blob.core.windows.net/airquality-p-e1a/IT/SPO.IT0825A_482_other_2006-07-26_00_00_00.parquet","hour"
"Italy","NET.IT112A","Regione Lazio","IT1837A","FERMI","SPO.IT1837A_464_other_2006-12-17_00:00:00","m,p-C6H4(CH3)2","m,p-Xylene (air)","P1Y-hr-min","1 year hour min","2024","0.000","ug/m3","96.33","1","Traffic","Urban","12.4696","41.8640","17.0","Roma                                                                            ","IT001C1                                           ","2808293","E1a/validated data AQ e-Reporting","07/03/2026 23:00:48","https://eeadmz1batchservice02.blob.core.windows.net/airquality-p-e1a/IT/SPO.IT1837A_464_other_2006-12-17_00_00_00.parquet","hour"
"Italy","NET.IT112A","Regione Lazio","IT0828A","L.GO MAGNA GRECIA","SPO.IT0828A_8_chemi_1993-01-01_00:00:00","NO2","Nitrogen dioxide (air)","P1Y-hrsAbove400","1 year hour exceed 400","2024","0.000","count","91.77","1","Traffic","Urban","12.5090","41.8831","37.0","Roma                                                                            ","IT001C1                                           ","2808293","E1a/validated data AQ e-Reporting","07/03/2026 23:01:25","https://eeadmz1batchservice02.blob.core.windows.net/airquality-p-e1a/IT/SPO.IT0828A_8_chemi_1993-01-01_00_00_00.parquet","hour"
"Italy","NET.IT112A","Regione Lazio","IT0825A","C.SO FRANCIA","SPO.IT0825A_8_chemi_1997-10-01_00:00:00","NO2","Nitrogen dioxide (air)","P1Y-hrsAbove150","1 year hour exceed 150","2024","0.000","count","94.13","1","Traffic","Urban","12.4696","41.9474","35.0","Roma                                                                            ","IT001C1                                           ","2808293","E1a/validated data AQ e-Reporting","07/03/2026 23:01:03","https://eeadmz1batchservice02.blob.core.windows.net/airquality-p-e1a/IT/SPO.IT0825A_8_chemi_1997-10-01_00_00_00.parquet","hour"
"Italy","NET.IT112A","Regione Lazio","IT0825A","C.SO FRANCIA","SPO.IT0825A_8_chemi_1997-10-01_00:00:00","NO2","Nitrogen dioxide (air)","P1Y-hrsAbove400","1 year hour exceed 400","2024","0.000","count","94.13","1","Traffic","Urban","12.4696","41.9474","35.0","Roma                                                                            ","IT001C1                                           ","2808293","E1a/validated data AQ e-Reporting","07/03/2026 23:01:25","https://eeadmz1batchservice02.blob.core.windows.net/airquality-p-e1a/IT/SPO.IT0825A_8_chemi_1997-10-01_00_00_00.parquet","hour"
"Italy","NET.IT112A","Regione Lazio","IT0828A","L.GO MAGNA GRECIA","SPO.IT0828A_9_chemi_1993-01-01_00:00:00","NOX as NO2","Nitrogen oxides (air)","P1Y-hr-min","1 year hour min","2024","0.000","ug/m3","91.72","1","Traffic","Urban","12.5090","41.8831","37.0","Roma                                                                            ","IT001C1                                           ","2808293","E1a/validated data AQ e-Reporting","07/03/2026 23:00:48","https://eeadmz1batchservice02.blob.core.windows.net/airquality-p-e1a/IT/SPO.IT0828A_9_chemi_1993-01-01_00_00_00.parquet","hour"
"Italy","NET.IT112A","Regione Lazio","IT1176A","L.GO PERESTRELLO","SPO.IT1176A_7_UV-P_1998-03-17_00:00:00","O3","Ozone (air)","P1Y-dx-avg","1 year daymax average","2024","71.943","ug/m3","98.91","1","Background","Urban","12.5416","41.8860","28.0","Roma                                                                            ","IT001C1                                           ","2808293","E1a/validated data AQ e-Reporting","07/03/2026 23:00:09","https://eeadmz1batchservice02.blob.core.windows.net/airquality-p-e1a/IT/SPO.IT1176A_7_UV-P_1998-03-17_00_00_00.parquet","hour"
"Italy","NET.IT112A","Regione Lazio","IT0956A","CINECITTA","SPO.IT0956A_7_UV-P_2006-06-01_00:00:00","O3","Ozone (air)","summer-avg","Summer mean","2024","56.708","ug/m3","96.04","1","Background","Urban","12.5687","41.8577","48.0","Roma                                                                            ","IT001C1                                           ","2808293","E1a/validated data AQ e-Reporting","07/03/2026 23:07:29","https://eeadmz1batchservice02.blob.core.windows.net/airquality-p-e1a/IT/SPO.IT0956A_7_UV-P_2006-06-01_00_00_00.parquet","hour"
"Italy","NET.IT112A","Regione Lazio","IT0956A","CINECITTA","SPO.IT0956A_9_chemi_1998-01-13_00:00:00","NOX as NO2","Nitrogen oxides (air)","P1Y-hr-max","1 year hour max","2024","645.277","ug/m3","93.35","1","Background","Urban","12.5687","41.8577","48.0","Roma                                                                            ","IT001C1                                           ","2808293","E1a/validated data AQ e-Reporting","07/03/2026 23:00:20","https://eeadmz1batchservice02.blob.core.windows.net/airquality-p-e1a/IT/SPO.IT0956A_9_chemi_1998-01-13_00_00_00.parquet","hour"
"Italy","NET.IT112A","Regione Lazio","IT1835A","BUFALOTTA","SPO.IT1835A_7_UV-P_2006-12-06_00:00:00","O3","Ozone (air)","P1Y-day-min","1 year day min","2024","2.256","ug/m3","95.90","1","Background","Urban","12.5337","41.9477","36.0","Roma                                                                            ","IT001C1                                           ","2808293","E1a/validated data AQ e-Reporting","07/03/2026 22:59:10","https://eeadmz1batchservice02.blob.core.windows.net/airquality-p-e1a/IT/SPO.IT1835A_7_UV-P_2006-12-06_00_00_00.parquet","hour"
"Italy","NET.IT112A","Regione Lazio","IT0953A","VILLA ADA","SPO.IT0953A_7_UV-P_1997-01-30_00:00:00","O3","Ozone (air)","P1Y","Annual mean / 1 calendar year","2024","47.467","ug/m3","96.66","1","Background","Urban","12.5069","41.9329","50.0","Roma                                                                            ","IT001C1                                           ","2808293","E1a/validated data AQ e-Reporting","07/03/2026 22:58:16","https://eeadmz1batchservice02.blob.core.windows.net/airquality-p-e1a/IT/SPO.IT0953A_7_UV-P_1997-01-30_00_00_00.parquet","hour"
"Italy","NET.IT112A","Regione Lazio","IT1835A","BUFALOTTA","SPO.IT1835A_7_UV-P_2006-12-06_00:00:00","O3","Ozone (air)","P1Y-dmax-per95.07","1 year 95.07 percentile daily 8h maximum","2024","109.084","ug/m3","95.90","1","Background","Urban","12.5337","41.9477","36.0","Roma                                                                            ","IT001C1                                           ","2808293","E1a/validated data AQ e-Reporting","07/03/2026 23:00:01","https://eeadmz1batchservice02.blob.core.windows.net/airquality-p-e1a/IT/SPO.IT1835A_7_UV-P_2006-12-06_00_00_00.parquet","hour"
"Italy","NET.IT112A","Regione Lazio","IT1836A","CIPRO","SPO.IT1836A_8_chemi_2006-12-17_00:00:00","NO2","Nitrogen dioxide (air)","P1Y-P1D-per99","1 year 99 percentile of daily means (P1D) or .../aq/primaryObservation/day","2024","50.423","ug/m3","99.73","1","Background","Urban","12.4476","41.9064","24.0","Roma                                                                            ","IT001C1                                           ","2808293","E1a/validated data AQ e-Reporting","07/03/2026 23:01:47","https://eeadmz1batchservice02.blob.core.windows.net/airquality-p-e1a/IT/SPO.IT1836A_8_chemi_2006-12-17_00_00_00.parquet","hour"
"Italy","NET.IT112A","Regione Lazio","IT1837A","FERMI","SPO.IT1837A_8_chemi_2006-12-17_00:00:00","NO2","Nitrogen dioxide (air)","P1Y-daysAbove50","1 year day exceed 50","2024","122.000","count","98.63","1","Traffic","Urban","12.4696","41.8640","17.0","Roma                                                                            ","IT001C1                                           ","2808293","E1a/validated data AQ e-Reporting","07/03/2026 22:59:41","https://eeadmz1batchservice02.blob.core.windows.net/airquality-p-e1a/IT/SPO.IT1837A_8_chemi_2006-12-17_00_00_00.parquet","hour"
"Italy","NET.IT112A","Regione Lazio","IT1837A","FERMI","SPO.IT1837A_8_chemi_2006-12-17_00:00:00","NO2","Nitrogen dioxide (air)","P1Y-hrsAbove400","1 year hour exceed 400","2024","0.000","count","95.06","1","Traffic","Urban","12.4696","41.8640","17.0","Roma                                                                            ","IT001C1                                           ","2808293","E1a/validated data AQ e-Reporting","07/03/2026 23:01:25","https://eeadmz1batchservice02.blob.core.windows.net/airquality-p-e1a/IT/SPO.IT1837A_8_chemi_2006-12-17_00_00_00.parquet","hour"
"Italy","NET.IT112A","Regione Lazio","IT0953A","VILLA ADA","SPO.IT0953A_464_other_1997-10-01_00:00:00","m,p-C6H4(CH3)2","m,p-Xylene (air)","P1Y-day-per50","1 year 50 %ile of daily values in a year","2024","0.357","ug/m3","92.90","1","Background","Urban","12.5069","41.9329","50.0","Roma                                                                            ","IT001C1                                           ","2808293","E1a/validated data AQ e-Reporting","07/03/2026 22:59:18","https://eeadmz1batchservice02.blob.core.windows.net/airquality-p-e1a/IT/SPO.IT0953A_464_other_1997-10-01_00_00_00.parquet","hour"
"Italy","NET.IT112A","Regione Lazio","IT0953A","VILLA ADA","SPO.IT0953A_464_other_1997-10-01_00:00:00","m,p-C6H4(CH3)2","m,p-Xylene (air)","P1Y-hr-per50","1 year 50 percentile","2024","0.311","ug/m3","93.85","1","Background","Urban","12.5069","41.9329","50.0","Roma                                                                            ","IT001C1                                           ","2808293","E1a/validated data AQ e-Reporting","07/03/2026 23:00:56","https://eeadmz1batchservice02.blob.core.windows.net/airquality-p-e1a/IT/SPO.IT0953A_464_other_1997-10-01_00_00_00.parquet","hour"
"Italy","NET.IT112A","Regione Lazio","IT0953A","VILLA ADA","SPO.IT0953A_482_other_1997-10-01_00:00:00","o-C6H4-(CH3)2","o-Xylene (air)","P1Y","Annual mean / 1 calendar year","2024","0.180","ug/m3","93.85","1","Background","Urban","12.5069","41.9329","50.0","Roma                                                                            ","IT001C1                                           ","2808293","E1a/validated data AQ e-Reporting","07/03/2026 22:58:16","https://eeadmz1batchservice02.blob.core.windows.net/airquality-p-e1a/IT/SPO.IT0953A_482_other_1997-10-01_00_00_00.parquet","hour"
"Italy","NET.IT112A","Regione Lazio","IT0956A","CINECITTA","SPO.IT0956A_7_UV-P_2006-06-01_00:00:00","O3","Ozone (air)","P1Y-maxP6M-P8H-dmax","Yearly highest six monthly average of daily maximum 8-hour mean concentration","2024","86.938","ug/m3","100.00","1","Background","Urban","12.5687","41.8577","48.0","Roma                                                                            ","IT001C1                                           ","2808293","E1a/validated data AQ e-Reporting","07/03/2026 23:01:29","https://eeadmz1batchservice02.blob.core.windows.net/airquality-p-e1a/IT/SPO.IT0956A_7_UV-P_2006-06-01_00_00_00.parquet","hour"
"Italy","NET.IT112A","Regione Lazio","IT0953A","VILLA ADA","SPO.IT0953A_482_other_1997-10-01_00:00:00","o-C6H4-(CH3)2","o-Xylene (air)","P1Y-hr-max","1 year hour max","2024","68.086","ug/m3","93.85","1","Background","Urban","12.5069","41.9329","50.0","Roma                                                                            ","IT001C1                                           ","2808293","E1a/validated data AQ e-Reporting","07/03/2026 23:00:20","https://eeadmz1batchservice02.blob.core.windows.net/airquality-p-e1a/IT/SPO.IT0953A_482_other_1997-10-01_00_00_00.parquet","hour"
"Italy","NET.IT112A","Regione Lazio","IT0953A","VILLA ADA","SPO.IT0953A_482_other_1997-10-01_00:00:00","o-C6H4-(CH3)2","o-Xylene (air)","P1Y-hr-per50","1 year 50 percentile","2024","0.058","ug/m3","93.85","1","Background","Urban","12.5069","41.9329","50.0","Roma                                                                            ","IT001C1                                           ","2808293","E1a/validated data AQ e-Reporting","07/03/2026 23:00:56","https://eeadmz1batchservice02.blob.core.windows.net/airquality-p-e1a/IT/SPO.IT0953A_482_other_1997-10-01_00_00_00.parquet","hour"
"Italy","NET.IT112A","Regione Lazio","IT1837A","FERMI","SPO.IT1837A_38_chemi_2006-12-17_00:00:00","NO","Nitrogen monoxide (air)","P1Y-hr-max","1 year hour max","2024","284.327","ug/m3","95.26","1","Traffic","Urban","12.4696","41.8640","17.0","Roma                                                                            ","IT001C1                                           ","2808293","E1a/validated data AQ e-Reporting","07/03/2026 23:00:20","https://eeadmz1batchservice02.blob.core.windows.net/airquality-p-e1a/IT/SPO.IT1837A_38_chemi_2006-12-17_00_00_00.parquet","hour"
"Italy","NET.IT112A","Regione Lazio","IT1837A","FERMI","SPO.IT1837A_464_other_2006-12-17_00:00:00","m,p-C6H4(CH3)2","m,p-Xylene (air)","P1Y-day-min","1 year day min","2024","0.535","ug/m3","98.09","1","Traffic","Urban","12.4696","41.8640","17.0","Roma                                                                            ","IT001C1                                           ","2808293","E1a/validated data AQ e-Reporting","07/03/2026 22:59:10","https://eeadmz1batchservice02.blob.core.windows.net/airquality-p-e1a/IT/SPO.IT1837A_464_other_2006-12-17_00_00_00.parquet","hour"
"Italy","NET.IT112A","Regione Lazio","IT1837A","FERMI","SPO.IT1837A_482_other_2006-12-17_00:00:00","o-C6H4-(CH3)2","o-Xylene (air)","P1Y-day-per50","1 year 50 %ile of daily values in a year","2024","1.004","ug/m3","98.09","1","Traffic","Urban","12.4696","41.8640","17.0","Roma                                                                            ","IT001C1                                           ","2808293","E1a/validated data AQ e-Reporting","07/03/2026 22:59:18","https://eeadmz1batchservice02.blob.core.windows.net/airquality-p-e1a/IT/SPO.IT1837A_482_other_2006-12-17_00_00_00.parquet","hour"
"Italy","NET.IT112A","Regione Lazio","IT1837A","FERMI","SPO.IT1837A_482_other_2006-12-17_00:00:00","o-C6H4-(CH3)2","o-Xylene (air)","P1Y-hr-max","1 year hour max","2024","81.557","ug/m3","96.33","1","Traffic","Urban","12.4696","41.8640","17.0","Roma                                                                            ","IT001C1                                           ","2808293","E1a/validated data AQ e-Reporting","07/03/2026 23:00:20","https://eeadmz1batchservice02.blob.core.windows.net/airquality-p-e1a/IT/SPO.IT1837A_482_other_2006-12-17_00_00_00.parquet","hour"
"Italy","NET.IT112A","Regione Lazio","IT1835A","BUFALOTTA","SPO.IT1835A_8_chemi_2019-03-18_00:00:00","NO2","Nitrogen dioxide (air)","P1Y","Annual mean / 1 calendar year","2024","30.374","ug/m3","93.28","1","Background","Urban","12.5337","41.9477","36.0","Roma                                                                            ","IT001C1                                           ","2808293","E1a/validated data AQ e-Reporting","07/03/2026 22:58:16","https://eeadmz1batchservice02.blob.core.windows.net/airquality-p-e1a/IT/SPO.IT1835A_8_chemi_2019-03-18_00_00_00.parquet","hour"
"Italy","NET.IT112A","Regione Lazio","IT1834A","TIBURTINA","SPO.IT1834A_9_chemi_2006-12-06_00:00:00","NOX as NO2","Nitrogen oxides (air)","P1Y-hr-max","1 year hour max","2024","871.090","ug/m3","95.21","1","Traffic","Urban","12.5489","41.9103","26.0","Roma                                                                            ","IT001C1                                           ","2808293","E1a/validated data AQ e-Reporting","07/03/2026 23:00:20","https://eeadmz1batchservice02.blob.core.windows.net/airquality-p-e1a/IT/SPO.IT1834A_9_chemi_2006-12-06_00_00_00.parquet","hour"
"Italy","NET.IT112A","Regione Lazio","IT1835A","BUFALOTTA","SPO.IT1835A_8_chemi_2019-03-18_00:00:00","NO2","Nitrogen dioxide (air)","P1Y-P1D-per95.07","1 year 95.07 percentile of daily means (P1D) or .../aq/primaryObservation/day","2024","48.918","ug/m3","95.63","1","Background","Urban","12.5337","41.9477","36.0","Roma                                                                            ","IT001C1                                           ","2808293","E1a/validated data AQ e-Reporting","07/03/2026 23:01:41","https://eeadmz1batchservice02.blob.core.windows.net/airquality-p-e1a/IT/SPO.IT1835A_8_chemi_2019-03-18_00_00_00.parquet","hour"
"Italy","NET.IT112A","Regione Lazio","IT1835A","BUFALOTTA","SPO.IT1835A_9_chemi_2019-03-18_00:00:00","NOX as NO2","Nitrogen oxides (air)","P1Y-hr-per50","1 year 50 percentile","2024","31.211","ug/m3","92.70","1","Background","Urban","12.5337","41.9477","36.0","Roma                                                                            ","IT001C1                                           ","2808293","E1a/validated data AQ e-Reporting","07/03/2026 23:00:56","https://eeadmz1batchservice02.blob.core.windows.net/airquality-p-e1a/IT/SPO.IT1835A_9_chemi_2019-03-18_00_00_00.parquet","hour"
"Italy","NET.IT112A","Regione Lazio","IT1835A","BUFALOTTA","SPO.IT1835A_38_chemi_2019-03-18_00:00:00","NO","Nitrogen monoxide (air)","P1Y-day-per50","1 year 50 %ile of daily values in a year","2024","3.683","ug/m3","94.81","1","Background","Urban","12.5337","41.9477","36.0","Roma                                                                            ","IT001C1                                           ","2808293","E1a/validated data AQ e-Reporting","07/03/2026 22:59:18","https://eeadmz1batchservice02.blob.core.windows.net/airquality-p-e1a/IT/SPO.IT1835A_38_chemi_2019-03-18_00_00_00.parquet","hour"
"Italy","NET.IT112A","Regione Lazio","IT1837A","FERMI","SPO.IT1837A_9_chemi_2006-12-17_00:00:00","NOX as NO2","Nitrogen oxides (air)","P1Y-day-max","1 year day max","2024","278.472","ug/m3","98.91","1","Traffic","Urban","12.4696","41.8640","17.0","Roma                                                                            ","IT001C1                                           ","2808293","E1a/validated data AQ e-Reporting","07/03/2026 22:58:50","https://eeadmz1batchservice02.blob.core.windows.net/airquality-p-e1a/IT/SPO.IT1837A_9_chemi_2006-12-17_00_00_00.parquet","hour"
"Italy","NET.IT112A","Regione Lazio","IT1837A","FERMI","SPO.IT1837A_9_chemi_2006-12-17_00:00:00","NOX as NO2","Nitrogen oxides (air)","P1Y-day-per50","1 year 50 %ile of daily values in a year","2024","93.984","ug/m3","98.91","1","Traffic","Urban","12.4696","41.8640","17.0","Roma                                                                            ","IT001C1                                           ","2808293","E1a/validated data AQ e-Reporting","07/03/2026 22:59:18","https://eeadmz1batchservice02.blob.core.windows.net/airquality-p-e1a/IT/SPO.IT1837A_9_chemi_2006-12-17_00_00_00.parquet","hour"
"Italy","NET.IT112A","Regione Lazio","IT1837A","FERMI","SPO.IT1837A_9_chemi_2006-12-17_00:00:00","NOX as NO2","Nitrogen oxides (air)","P3Y","3 subsequent calendar years mean","2024","98.430","ug/m3","93.10","1","Traffic","Urban","12.4696","41.8640","17.0","Roma                                                                            ","IT001C1                                           ","2808293","E1a/validated data AQ e-Reporting","07/03/2026 23:01:54","https://eeadmz1batchservice02.blob.core.windows.net/airquality-p-e1a/IT/SPO.IT1837A_9_chemi_2006-12-17_00_00_00.parquet","hour"
"Italy","NET.IT112A","Regione Lazio","IT1906A","ARENULA","SPO.IT1906A_7_UV-P_2009-11-29_00:00:00","O3","Ozone (air)","SOMO35","Sum of Ozone Means Over 35 ppb","2024","351.732","ug/m3","97.81","1","Background","Urban","12.4754","41.8940","17.0","Roma                                                                            ","IT001C1                                           ","2808293","E1a/validated data AQ e-Reporting","07/03/2026 23:07:25","https://eeadmz1batchservice02.blob.core.windows.net/airquality-p-e1a/IT/SPO.IT1906A_7_UV-P_2009-11-29_00_00_00.parquet","hour"
"Italy","NET.IT112A","Regione Lazio","IT1834A","TIBURTINA","SPO.IT1834A_9_chemi_2006-12-06_00:00:00","NOX as NO2","Nitrogen oxides (air)","P1Y-hr-min","1 year hour min","2024","4.768","ug/m3","95.21","1","Traffic","Urban","12.5489","41.9103","26.0","Roma                                                                            ","IT001C1                                           ","2808293","E1a/validated data AQ e-Reporting","07/03/2026 23:00:48","https://eeadmz1batchservice02.blob.core.windows.net/airquality-p-e1a/IT/SPO.IT1834A_9_chemi_2006-12-06_00_00_00.parquet","hour"
"Italy","NET.IT112A","Regione Lazio","IT1834A","TIBURTINA","SPO.IT1834A_9_chemi_2006-12-06_00:00:00","NOX as NO2","Nitrogen oxides (air)","P3Y","3 subsequent calendar years mean","2024","72.354","ug/m3","94.42","1","Traffic","Urban","12.5489","41.9103","26.0","Roma                                                                            ","IT001C1                                           ","2808293","E1a/validated data AQ e-Reporting","07/03/2026 23:01:54","https://eeadmz1batchservice02.blob.core.windows.net/airquality-p-e1a/IT/SPO.IT1834A_9_chemi_2006-12-06_00_00_00.parquet","hour"
"Italy","NET.IT112A","Regione Lazio","IT0953A","VILLA ADA","SPO.IT0953A_7_UV-P_1997-01-30_00:00:00","O3","Ozone (air)","AOT40cmeasured","AOT40c UNCORRECTED for data capture","2024","19234.752","ug/m3","95.92","1","Background","Urban","12.5069","41.9329","50.0","Roma                                                                            ","IT001C1                                           ","2808293","E1a/validated data AQ e-Reporting","07/03/2026 22:17:30","https://eeadmz1batchservice02.blob.core.windows.net/airquality-p-e1a/IT/SPO.IT0953A_7_UV-P_1997-01-30_00_00_00.parquet","hour"
"Italy","NET.IT112A","Regione Lazio","IT1834A","TIBURTINA","SPO.IT1834A_38_chemi_2006-12-06_00:00:00","NO","Nitrogen monoxide (air)","P1Y-hr-max","1 year hour max","2024","522.457","ug/m3","95.21","1","Traffic","Urban","12.5489","41.9103","26.0","Roma                                                                            ","IT001C1                                           ","2808293","E1a/validated data AQ e-Reporting","07/03/2026 23:00:20","https://eeadmz1batchservice02.blob.core.windows.net/airquality-p-e1a/IT/SPO.IT1834A_38_chemi_2006-12-06_00_00_00.parquet","hour"
"Italy","NET.IT112A","Regione Lazio","IT0825A","C.SO FRANCIA","SPO.IT0825A_20_GC-PID_2006-07-26_00:00:00","C6H6","Benzene (air)","P1Y-day-per50","1 year 50 %ile of daily values in a year","2024","1.030","ug/m3","96.17","1","Traffic","Urban","12.4696","41.9474","35.0","Roma                                                                            ","IT001C1                                           ","2808293","E1a/validated data AQ e-Reporting","07/03/2026 22:59:18","https://eeadmz1batchservice02.blob.core.windows.net/airquality-p-e1a/IT/SPO.IT0825A_20_GC-PID_2006-07-26_00_00_00.parquet","hour"
"Italy","NET.IT112A","Regione Lazio","IT1834A","TIBURTINA","SPO.IT1834A_8_chemi_2006-12-06_00:00:00","NO2","Nitrogen dioxide (air)","P1Y-day-max","1 year day max","2024","68.582","ug/m3","99.18","1","Traffic","Urban","12.5489","41.9103","26.0","Roma                                                                            ","IT001C1                                           ","2808293","E1a/validated data AQ e-Reporting","07/03/2026 22:58:50","https://eeadmz1batchservice02.blob.core.windows.net/airquality-p-e1a/IT/SPO.IT1834A_8_chemi_2006-12-06_00_00_00.parquet","hour"
"Italy","NET.IT112A","Regione Lazio","IT0825A","C.SO FRANCIA","SPO.IT0825A_21_other_2006-07-26_00:00:00","C6H5-CH3","Toluene (air)","P1Y-hr-max","1 year hour max","2024","240.557","ug/m3","92.76","1","Traffic","Urban","12.4696","41.9474","35.0","Roma                                                                            ","IT001C1                                           ","2808293","E1a/validated data AQ e-Reporting","07/03/2026 23:00:20","https://eeadmz1batchservice02.blob.core.windows.net/airquality-p-e1a/IT/SPO.IT0825A_21_other_2006-07-26_00_00_00.parquet","hour"
"Italy","NET.IT112A","Regione Lazio","IT0825A","C.SO FRANCIA","SPO.IT0825A_38_chemi_1997-10-01_00:00:00","NO","Nitrogen monoxide (air)","P1Y-day-min","1 year day min","2024","1.901","ug/m3","98.36","1","Traffic","Urban","12.4696","41.9474","35.0","Roma                                                                            ","IT001C1                                           ","2808293","E1a/validated data AQ e-Reporting","07/03/2026 22:59:10","https://eeadmz1batchservice02.blob.core.windows.net/airquality-p-e1a/IT/SPO.IT0825A_38_chemi_1997-10-01_00_00_00.parquet","hour"
"Italy","NET.IT112A","Regione Lazio","IT1834A","TIBURTINA","SPO.IT1834A_8_chemi_2006-12-06_00:00:00","NO2","Nitrogen dioxide (air)","P1Y-day-min","1 year day min","2024","10.823","ug/m3","99.18","1","Traffic","Urban","12.5489","41.9103","26.0","Roma                                                                            ","IT001C1                                           ","2808293","E1a/validated data AQ e-Reporting","07/03/2026 22:59:10","https://eeadmz1batchservice02.blob.core.windows.net/airquality-p-e1a/IT/SPO.IT1834A_8_chemi_2006-12-06_00_00_00.parquet","hour"
"Italy","NET.IT112A","Regione Lazio","IT1835A","BUFALOTTA","SPO.IT1835A_7_UV-P_2006-12-06_00:00:00","O3","Ozone (air)","P1Y-hr-max","1 year hour max","2024","156.222","ug/m3","97.39","1","Background","Urban","12.5337","41.9477","36.0","Roma                                                                            ","IT001C1                                           ","2808293","E1a/validated data AQ e-Reporting","07/03/2026 23:00:20","https://eeadmz1batchservice02.blob.core.windows.net/airquality-p-e1a/IT/SPO.IT1835A_7_UV-P_2006-12-06_00_00_00.parquet","hour"
"Italy","NET.IT112A","Regione Lazio","IT0956A","CINECITTA","SPO.IT0956A_7_UV-P_2006-06-01_00:00:00","O3","Ozone (air)","AOT40c-P5Y","AOT40 vegetation protection averaged over 5 years","2024","16127.713","ug/m3","97.61","1","Background","Urban","12.5687","41.8577","48.0","Roma                                                                            ","IT001C1                                           ","2808293","E1a/validated data AQ e-Reporting","07/03/2026 22:17:34","https://eeadmz1batchservice02.blob.core.windows.net/airquality-p-e1a/IT/SPO.IT0956A_7_UV-P_2006-06-01_00_00_00.parquet","hour"
"Italy","NET.IT112A","Regione Lazio","IT0956A","CINECITTA","SPO.IT0956A_7_UV-P_2006-06-01_00:00:00","O3","Ozone (air)","P1Y-day-per50","1 year 50 %ile of daily values in a year","2024","43.278","ug/m3","93.72","1","Background","Urban","12.5687","41.8577","48.0","Roma                                                                            ","IT001C1                                           ","2808293","E1a/validated data AQ e-Reporting","07/03/2026 22:59:18","https://eeadmz1batchservice02.blob.core.windows.net/airquality-p-e1a/IT/SPO.IT0956A_7_UV-P_2006-06-01_00_00_00.parquet","hour"
"Italy","NET.IT112A","Regione Lazio","IT0956A","CINECITTA","SPO.IT0956A_7_UV-P_2006-06-01_00:00:00","O3","Ozone (air)","P1Y-dmaxAbove100","1 year daymax exceed 100","2024","39.000","count","93.17","1","Background","Urban","12.5687","41.8577","48.0","Roma                                                                            ","IT001C1                                           ","2808293","E1a/validated data AQ e-Reporting","07/03/2026 22:59:50","https://eeadmz1batchservice02.blob.core.windows.net/airquality-p-e1a/IT/SPO.IT0956A_7_UV-P_2006-06-01_00_00_00.parquet","hour"
"Italy","NET.IT112A","Regione Lazio","IT1176A","L.GO PERESTRELLO","SPO.IT1176A_9_chemi_1998-03-17_00:00:00","NOX as NO2","Nitrogen oxides (air)","P1Y-day-min","1 year day min","2024","10.033","ug/m3","99.45","1","Background","Urban","12.5416","41.8860","28.0","Roma                                                                            ","IT001C1                                           ","2808293","E1a/validated data AQ e-Reporting","07/03/2026 22:59:10","https://eeadmz1batchservice02.blob.core.windows.net/airquality-p-e1a/IT/SPO.IT1176A_9_chemi_1998-03-17_00_00_00.parquet","hour"
"Italy","NET.IT112A","Regione Lazio","IT0953A","VILLA ADA","SPO.IT0953A_9_chemi_1997-01-01_00:00:00","NOX as NO2","Nitrogen oxides (air)","P1Y-hr-per50","1 year 50 percentile","2024","19.040","ug/m3","91.87","1","Background","Urban","12.5069","41.9329","50.0","Roma                                                                            ","IT001C1                                           ","2808293","E1a/validated data AQ e-Reporting","07/03/2026 23:00:56","https://eeadmz1batchservice02.blob.core.windows.net/airquality-p-e1a/IT/SPO.IT0953A_9_chemi_1997-01-01_00_00_00.parquet","hour"
"Italy","NET.IT112A","Regione Lazio","IT1836A","CIPRO","SPO.IT1836A_7_UV-P_2006-12-17_00:00:00","O3","Ozone (air)","P1Y-day-per50","1 year 50 %ile of daily values in a year","2024","39.285","ug/m3","98.91","1","Background","Urban","12.4476","41.9064","24.0","Roma                                                                            ","IT001C1                                           ","2808293","E1a/validated data AQ e-Reporting","07/03/2026 22:59:18","https://eeadmz1batchservice02.blob.core.windows.net/airquality-p-e1a/IT/SPO.IT1836A_7_UV-P_2006-12-17_00_00_00.parquet","hour"
"Italy","NET.IT112A","Regione Lazio","IT1836A","CIPRO","SPO.IT1836A_7_UV-P_2006-12-17_00:00:00","O3","Ozone (air)","P1Y-dx-max","1 year day max max","2024","101.305","ug/m3","98.63","1","Background","Urban","12.4476","41.9064","24.0","Roma                                                                            ","IT001C1                                           ","2808293","E1a/validated data AQ e-Reporting","07/03/2026 23:00:13","https://eeadmz1batchservice02.blob.core.windows.net/airquality-p-e1a/IT/SPO.IT1836A_7_UV-P_2006-12-17_00_00_00.parquet","hour"
"Italy","NET.IT112A","Regione Lazio","IT1835A","BUFALOTTA","SPO.IT1835A_9_chemi_2019-03-18_00:00:00","NOX as NO2","Nitrogen oxides (air)","P1Y-day-max","1 year day max","2024","227.398","ug/m3","95.08","1","Background","Urban","12.5337","41.9477","36.0","Roma                                                                            ","IT001C1                                           ","2808293","E1a/validated data AQ e-Reporting","07/03/2026 22:58:50","https://eeadmz1batchservice02.blob.core.windows.net/airquality-p-e1a/IT/SPO.IT1835A_9_chemi_2019-03-18_00_00_00.parquet","hour"
"Italy","NET.IT112A","Regione Lazio","IT1835A","BUFALOTTA","SPO.IT1835A_9_chemi_2019-03-18_00:00:00","NOX as NO2","Nitrogen oxides (air)","P1Y-hr-min","1 year hour min","2024","3.524","ug/m3","92.70","1","Background","Urban","12.5337","41.9477","36.0","Roma                                                                            ","IT001C1                                           ","2808293","E1a/validated data AQ e-Reporting","07/03/2026 23:00:48","https://eeadmz1batchservice02.blob.core.windows.net/airquality-p-e1a/IT/SPO.IT1835A_9_chemi_2019-03-18_00_00_00.parquet","hour"
"Italy","NET.IT112A","Regione Lazio","IT1836A","CIPRO","SPO.IT1836A_7_UV-P_2006-12-17_00:00:00","O3","Ozone (air)","P1Y-dmax-per95.07","1 year 95.07 percentile daily 8h maximum","2024","78.832","ug/m3","98.63","1","Background","Urban","12.4476","41.9064","24.0","Roma                                                                            ","IT001C1                                           ","2808293","E1a/validated data AQ e-Reporting","07/03/2026 23:00:01","https://eeadmz1batchservice02.blob.core.windows.net/airquality-p-e1a/IT/SPO.IT1836A_7_UV-P_2006-12-17_00_00_00.parquet","hour"
"Italy","NET.IT112A","Regione Lazio","IT1836A","CIPRO","SPO.IT1836A_7_UV-P_2006-12-17_00:00:00","O3","Ozone (air)","P1Y-dx-max26","1 year daymax max 26","2024","76.675","ug/m3","98.63","1","Background","Urban","12.4476","41.9064","24.0","Roma                                                                            ","IT001C1                                           ","2808293","E1a/validated data AQ e-Reporting","07/03/2026 23:00:17","https://eeadmz1batchservice02.blob.core.windows.net/airquality-p-e1a/IT/SPO.IT1836A_7_UV-P_2006-12-17_00_00_00.parquet","hour"
"Italy","NET.IT112A","Regione Lazio","IT0953A","VILLA ADA","SPO.IT0953A_7_UV-P_1997-01-30_00:00:00","O3","Ozone (air)","P1Y-day-min","1 year day min","2024","3.771","ug/m3","94.54","1","Background","Urban","12.5069","41.9329","50.0","Roma                                                                            ","IT001C1                                           ","2808293","E1a/validated data AQ e-Reporting","07/03/2026 22:59:10","https://eeadmz1batchservice02.blob.core.windows.net/airquality-p-e1a/IT/SPO.IT0953A_7_UV-P_1997-01-30_00_00_00.parquet","hour"
"Italy","NET.IT112A","Regione Lazio","IT1906A","ARENULA","SPO.IT1906A_9_chemi_2008-02-03_00:00:00","NOX as NO2","Nitrogen oxides (air)","P1Y-hr-max","1 year hour max","2024","512.948","ug/m3","95.32","1","Background","Urban","12.4754","41.8940","17.0","Roma                                                                            ","IT001C1                                           ","2808293","E1a/validated data AQ e-Reporting","07/03/2026 23:00:20","https://eeadmz1batchservice02.blob.core.windows.net/airquality-p-e1a/IT/SPO.IT1906A_9_chemi_2008-02-03_00_00_00.parquet","hour"
"Italy","NET.IT112A","Regione Lazio","IT0953A","VILLA ADA","SPO.IT0953A_7_UV-P_1997-01-30_00:00:00","O3","Ozone (air)","P1Y-dmax-per93.15","1 year 93.15 percentile daily 8h maximum","2024","120.323","ug/m3","93.99","1","Background","Urban","12.5069","41.9329","50.0","Roma                                                                            ","IT001C1                                           ","2808293","E1a/validated data AQ e-Reporting","07/03/2026 22:59:57","https://eeadmz1batchservice02.blob.core.windows.net/airquality-p-e1a/IT/SPO.IT0953A_7_UV-P_1997-01-30_00_00_00.parquet","hour"
"Italy","NET.IT112A","Regione Lazio","IT1906A","ARENULA","SPO.IT1906A_38_chemi_2008-02-03_00:00:00","NO","Nitrogen monoxide (air)","P1Y-day-per50","1 year 50 %ile of daily values in a year","2024","4.652","ug/m3","99.45","1","Background","Urban","12.4754","41.8940","17.0","Roma                                                                            ","IT001C1                                           ","2808293","E1a/validated data AQ e-Reporting","07/03/2026 22:59:18","https://eeadmz1batchservice02.blob.core.windows.net/airquality-p-e1a/IT/SPO.IT1906A_38_chemi_2008-02-03_00_00_00.parquet","hour"
"Italy","NET.IT112A","Regione Lazio","IT0953A","VILLA ADA","SPO.IT0953A_7_UV-P_1997-01-30_00:00:00","O3","Ozone (air)","P1Y-hr-min","1 year hour min","2024","-0.562","ug/m3","96.66","1","Background","Urban","12.5069","41.9329","50.0","Roma                                                                            ","IT001C1                                           ","2808293","E1a/validated data AQ e-Reporting","07/03/2026 23:00:48","https://eeadmz1batchservice02.blob.core.windows.net/airquality-p-e1a/IT/SPO.IT0953A_7_UV-P_1997-01-30_00_00_00.parquet","hour"
"Italy","NET.IT112A","Regione Lazio","IT0953A","VILLA ADA","SPO.IT0953A_7_UV-P_1997-01-30_00:00:00","O3","Ozone (air)","P1Y-P1D-per99","1 year 99 percentile of daily means (P1D) or .../aq/primaryObservation/day","2024","88.217","ug/m3","94.54","1","Background","Urban","12.5069","41.9329","50.0","Roma                                                                            ","IT001C1                                           ","2808293","E1a/validated data AQ e-Reporting","07/03/2026 23:01:47","https://eeadmz1batchservice02.blob.core.windows.net/airquality-p-e1a/IT/SPO.IT0953A_7_UV-P_1997-01-30_00_00_00.parquet","hour"
"Italy","NET.IT112A","Regione Lazio","IT0953A","VILLA ADA","SPO.IT0953A_8_chemi_1998-01-01_00:00:00","NO2","Nitrogen dioxide (air)","P1Y-day-per50","1 year 50 %ile of daily values in a year","2024","18.481","ug/m3","92.90","1","Background","Urban","12.5069","41.9329","50.0","Roma                                                                            ","IT001C1                                           ","2808293","E1a/validated data AQ e-Reporting","07/03/2026 22:59:18","https://eeadmz1batchservice02.blob.core.windows.net/airquality-p-e1a/IT/SPO.IT0953A_8_chemi_1998-01-01_00_00_00.parquet","hour"
"Italy","NET.IT112A","Regione Lazio","IT1906A","ARENULA","SPO.IT1906A_7_UV-P_2009-11-29_00:00:00","O3","Ozone (air)","AOT40c-P5Y","AOT40 vegetation protection averaged over 5 years","2024","542.937","ug/m3","98.24","1","Background","Urban","12.4754","41.8940","17.0","Roma                                                                            ","IT001C1                                           ","2808293","E1a/validated data AQ e-Reporting","07/03/2026 22:17:34","https://eeadmz1batchservice02.blob.core.windows.net/airquality-p-e1a/IT/SPO.IT1906A_7_UV-P_2009-11-29_00_00_00.parquet","hour"
"Italy","NET.IT112A","Regione Lazio","IT1906A","ARENULA","SPO.IT1906A_7_UV-P_2009-11-29_00:00:00","O3","Ozone (air)","P1Y-dx-avg","1 year daymax average","2024","51.085","ug/m3","97.81","1","Background","Urban","12.4754","41.8940","17.0","Roma                                                                            ","IT001C1                                           ","2808293","E1a/validated data AQ e-Reporting","07/03/2026 23:00:09","https://eeadmz1batchservice02.blob.core.windows.net/airquality-p-e1a/IT/SPO.IT1906A_7_UV-P_2009-11-29_00_00_00.parquet","hour"
"Italy","NET.IT112A","Regione Lazio","IT1906A","ARENULA","SPO.IT1906A_7_UV-P_2009-11-29_00:00:00","O3","Ozone (air)","P1Y-hr-max","1 year hour max","2024","99.423","ug/m3","98.01","1","Background","Urban","12.4754","41.8940","17.0","Roma                                                                            ","IT001C1                                           ","2808293","E1a/validated data AQ e-Reporting","07/03/2026 23:00:20","https://eeadmz1batchservice02.blob.core.windows.net/airquality-p-e1a/IT/SPO.IT1906A_7_UV-P_2009-11-29_00_00_00.parquet","hour"
"Italy","NET.IT112A","Regione Lazio","IT0953A","VILLA ADA","SPO.IT0953A_1_UV-FL_1997-01-01_00:00:00","SO2","Sulphur dioxide (air)","P1Y-hr-min","1 year hour min","2024","-1.979","ug/m3","91.42","1","Background","Urban","12.5069","41.9329","50.0","Roma                                                                            ","IT001C1                                           ","2808293","E1a/validated data AQ e-Reporting","07/03/2026 23:00:48","https://eeadmz1batchservice02.blob.core.windows.net/airquality-p-e1a/IT/SPO.IT0953A_1_UV-FL_1997-01-01_00_00_00.parquet","hour"
"Italy","NET.IT112A","Regione Lazio","IT0825A","C.SO FRANCIA","SPO.IT0825A_8_chemi_1997-10-01_00:00:00","NO2","Nitrogen dioxide (air)","P3Y","3 subsequent calendar years mean","2024","35.565","ug/m3","94.56","1","Traffic","Urban","12.4696","41.9474","35.0","Roma                                                                            ","IT001C1                                           ","2808293","E1a/validated data AQ e-Reporting","07/03/2026 23:01:54","https://eeadmz1batchservice02.blob.core.windows.net/airquality-p-e1a/IT/SPO.IT0825A_8_chemi_1997-10-01_00_00_00.parquet","hour"
"Italy","NET.IT112A","Regione Lazio","IT0825A","C.SO FRANCIA","SPO.IT0825A_464_other_2006-07-26_00:00:00","m,p-C6H4(CH3)2","m,p-Xylene (air)","P1Y-day-per50","1 year 50 %ile of daily values in a year","2024","2.151","ug/m3","96.17","1","Traffic","Urban","12.4696","41.9474","35.0","Roma                                                                            ","IT001C1                                           ","2808293","E1a/validated data AQ e-Reporting","07/03/2026 22:59:18","https://eeadmz1batchservice02.blob.core.windows.net/airquality-p-e1a/IT/SPO.IT0825A_464_other_2006-07-26_00_00_00.parquet","hour"
"Italy","NET.IT112A","Regione Lazio","IT0825A","C.SO FRANCIA","SPO.IT0825A_464_other_2006-07-26_00:00:00","m,p-C6H4(CH3)2","m,p-Xylene (air)","P1Y-hr-max","1 year hour max","2024","165.151","ug/m3","92.76","1","Traffic","Urban","12.4696","41.9474","35.0","Roma                                                                            ","IT001C1                                           ","2808293","E1a/validated data AQ e-Reporting","07/03/2026 23:00:20","https://eeadmz1batchservice02.blob.core.windows.net/airquality-p-e1a/IT/SPO.IT0825A_464_other_2006-07-26_00_00_00.parquet","hour"
"Italy","NET.IT112A","Regione Lazio","IT0825A","C.SO FRANCIA","SPO.IT0825A_482_other_2006-07-26_00:00:00","o-C6H4-(CH3)2","o-Xylene (air)","P1Y","Annual mean / 1 calendar year","2024","0.574","ug/m3","92.76","1","Traffic","Urban","12.4696","41.9474","35.0","Roma                                                                            ","IT001C1                                           ","2808293","E1a/validated data AQ e-Reporting","07/03/2026 22:58:16","https://eeadmz1batchservice02.blob.core.windows.net/airquality-p-e1a/IT/SPO.IT0825A_482_other_2006-07-26_00_00_00.parquet","hour"
"Italy","NET.IT112A","Regione Lazio","IT1836A","CIPRO","SPO.IT1836A_8_chemi_2006-12-17_00:00:00","NO2","Nitrogen dioxide (air)","P1Y-day-min","1 year day min","2024","8.577","ug/m3","99.73","1","Background","Urban","12.4476","41.9064","24.0","Roma                                                                            ","IT001C1                                           ","2808293","E1a/validated data AQ e-Reporting","07/03/2026 22:59:10","https://eeadmz1batchservice02.blob.core.windows.net/airquality-p-e1a/IT/SPO.IT1836A_8_chemi_2006-12-17_00_00_00.parquet","hour"
"Italy","NET.IT112A","Regione Lazio","IT0825A","C.SO FRANCIA","SPO.IT0825A_38_chemi_1997-10-01_00:00:00","NO","Nitrogen monoxide (air)","P1Y-hr-per50","1 year 50 percentile","2024","15.497","ug/m3","94.38","1","Traffic","Urban","12.4696","41.9474","35.0","Roma                                                                            ","IT001C1                                           ","2808293","E1a/validated data AQ e-Reporting","07/03/2026 23:00:56","https://eeadmz1batchservice02.blob.core.windows.net/airquality-p-e1a/IT/SPO.IT0825A_38_chemi_1997-10-01_00_00_00.parquet","hour"
"Italy","NET.IT112A","Regione Lazio","IT0825A","C.SO FRANCIA","SPO.IT0825A_431_other_2006-07-26_00:00:00","C6H5-C2H5","Ethyl benzene (air)","P1Y-hr-max","1 year hour max","2024","57.234","ug/m3","92.76","1","Traffic","Urban","12.4696","41.9474","35.0","Roma                                                                            ","IT001C1                                           ","2808293","E1a/validated data AQ e-Reporting","07/03/2026 23:00:20","https://eeadmz1batchservice02.blob.core.windows.net/airquality-p-e1a/IT/SPO.IT0825A_431_other_2006-07-26_00_00_00.parquet","hour"
"Italy","NET.IT112A","Regione Lazio","IT1906A","ARENULA","SPO.IT1906A_38_chemi_2008-02-03_00:00:00","NO","Nitrogen monoxide (air)","P1Y-hr-per50","1 year 50 percentile","2024","2.886","ug/m3","95.39","1","Background","Urban","12.4754","41.8940","17.0","Roma                                                                            ","IT001C1                                           ","2808293","E1a/validated data AQ e-Reporting","07/03/2026 23:00:56","https://eeadmz1batchservice02.blob.core.windows.net/airquality-p-e1a/IT/SPO.IT1906A_38_chemi_2008-02-03_00_00_00.parquet","hour"
"Italy","NET.IT112A","Regione Lazio","IT1836A","CIPRO","SPO.IT1836A_9_chemi_2006-12-17_00:00:00","NOX as NO2","Nitrogen oxides (air)","P1Y","Annual mean / 1 calendar year","2024","46.032","ug/m3","95.70","1","Background","Urban","12.4476","41.9064","24.0","Roma                                                                            ","IT001C1                                           ","2808293","E1a/validated data AQ e-Reporting","07/03/2026 22:58:16","https://eeadmz1batchservice02.blob.core.windows.net/airquality-p-e1a/IT/SPO.IT1836A_9_chemi_2006-12-17_00_00_00.parquet","hour"
"Italy","NET.IT112A","Regione Lazio","IT1836A","CIPRO","SPO.IT1836A_9_chemi_2006-12-17_00:00:00","NOX as NO2","Nitrogen oxides (air)","P1Y-hr-per50","1 year 50 percentile","2024","31.547","ug/m3","95.70","1","Background","Urban","12.4476","41.9064","24.0","Roma                                                                            ","IT001C1                                           ","2808293","E1a/validated data AQ e-Reporting","07/03/2026 23:00:56","https://eeadmz1batchservice02.blob.core.windows.net/airquality-p-e1a/IT/SPO.IT1836A_9_chemi_2006-12-17_00_00_00.parquet","hour"
"Italy","NET.IT112A","Regione Lazio","IT0956A","CINECITTA","SPO.IT0956A_9_chemi_1998-01-13_00:00:00","NOX as NO2","Nitrogen oxides (air)","P1Y","Annual mean / 1 calendar year","2024","43.469","ug/m3","93.35","1","Background","Urban","12.5687","41.8577","48.0","Roma                                                                            ","IT001C1                                           ","2808293","E1a/validated data AQ e-Reporting","07/03/2026 22:58:16","https://eeadmz1batchservice02.blob.core.windows.net/airquality-p-e1a/IT/SPO.IT0956A_9_chemi_1998-01-13_00_00_00.parquet","hour"
"Italy","NET.IT112A","Regione Lazio","IT0956A","CINECITTA","SPO.IT0956A_9_chemi_1998-01-13_00:00:00","NOX as NO2","Nitrogen oxides (air)","P1Y-day-max","1 year day max","2024","218.190","ug/m3","95.36","1","Background","Urban","12.5687","41.8577","48.0","Roma                                                                            ","IT001C1                                           ","2808293","E1a/validated data AQ e-Reporting","07/03/2026 22:58:50","https://eeadmz1batchservice02.blob.core.windows.net/airquality-p-e1a/IT/SPO.IT0956A_9_chemi_1998-01-13_00_00_00.parquet","hour"
"Italy","NET.IT112A","Regione Lazio","IT1837A","FERMI","SPO.IT1837A_10_NDIR_2006-12-17_00:00:00","CO","Carbon monoxide (air)","P1Y-hr-max","1 year hour max","2024","7.492","mg/m3","99.39","1","Traffic","Urban","12.4696","41.8640","17.0","Roma                                                                            ","IT001C1                                           ","2808293","E1a/validated data AQ e-Reporting","07/03/2026 23:00:20","https://eeadmz1batchservice02.blob.core.windows.net/airquality-p-e1a/IT/SPO.IT1837A_10_NDIR_2006-12-17_00_00_00.parquet","hour"
"Italy","NET.IT112A","Regione Lazio","IT0953A","VILLA ADA","SPO.IT0953A_38_chemi_1997-01-01_00:00:00","NO","Nitrogen monoxide (air)","P1Y-day-max","1 year day max","2024","58.303","ug/m3","92.35","1","Background","Urban","12.5069","41.9329","50.0","Roma                                                                            ","IT001C1                                           ","2808293","E1a/validated data AQ e-Reporting","07/03/2026 22:58:50","https://eeadmz1batchservice02.blob.core.windows.net/airquality-p-e1a/IT/SPO.IT0953A_38_chemi_1997-01-01_00_00_00.parquet","hour"
"Italy","NET.IT112A","Regione Lazio","IT0953A","VILLA ADA","SPO.IT0953A_431_other_1997-10-01_00:00:00","C6H5-C2H5","Ethyl benzene (air)","P1Y-day-max","1 year day max","2024","0.907","ug/m3","92.90","1","Background","Urban","12.5069","41.9329","50.0","Roma                                                                            ","IT001C1                                           ","2808293","E1a/validated data AQ e-Reporting","07/03/2026 22:58:50","https://eeadmz1batchservice02.blob.core.windows.net/airquality-p-e1a/IT/SPO.IT0953A_431_other_1997-10-01_00_00_00.parquet","hour"
"Italy","NET.IT112A","Regione Lazio","IT0953A","VILLA ADA","SPO.IT0953A_464_other_1997-10-01_00:00:00","m,p-C6H4(CH3)2","m,p-Xylene (air)","P1Y-day-max","1 year day max","2024","18.632","ug/m3","92.90","1","Background","Urban","12.5069","41.9329","50.0","Roma                                                                            ","IT001C1                                           ","2808293","E1a/validated data AQ e-Reporting","07/03/2026 22:58:50","https://eeadmz1batchservice02.blob.core.windows.net/airquality-p-e1a/IT/SPO.IT0953A_464_other_1997-10-01_00_00_00.parquet","hour"
"Italy","NET.IT112A","Regione Lazio","IT1835A","BUFALOTTA","SPO.IT1835A_7_UV-P_2006-12-06_00:00:00","O3","Ozone (air)","P1Y","Annual mean / 1 calendar year","2024","42.672","ug/m3","97.39","1","Background","Urban","12.5337","41.9477","36.0","Roma                                                                            ","IT001C1                                           ","2808293","E1a/validated data AQ e-Reporting","07/03/2026 22:58:16","https://eeadmz1batchservice02.blob.core.windows.net/airquality-p-e1a/IT/SPO.IT1835A_7_UV-P_2006-12-06_00_00_00.parquet","hour"
"Italy","NET.IT112A","Regione Lazio","IT1835A","BUFALOTTA","SPO.IT1835A_7_UV-P_2006-12-06_00:00:00","O3","Ozone (air)","P1Y-dx-max","1 year day max max","2024","124.347","ug/m3","95.90","1","Background","Urban","12.5337","41.9477","36.0","Roma                                                                            ","IT001C1                                           ","2808293","E1a/validated data AQ e-Reporting","07/03/2026 23:00:13","https://eeadmz1batchservice02.blob.core.windows.net/airquality-p-e1a/IT/SPO.IT1835A_7_UV-P_2006-12-06_00_00_00.parquet","hour"
"Italy","NET.IT112A","Regione Lazio","IT1834A","TIBURTINA","SPO.IT1834A_9_chemi_2006-12-06_00:00:00","NOX as NO2","Nitrogen oxides (air)","P1Y-day-min","1 year day min","2024","19.384","ug/m3","99.18","1","Traffic","Urban","12.5489","41.9103","26.0","Roma                                                                            ","IT001C1                                           ","2808293","E1a/validated data AQ e-Reporting","07/03/2026 22:59:10","https://eeadmz1batchservice02.blob.core.windows.net/airquality-p-e1a/IT/SPO.IT1834A_9_chemi_2006-12-06_00_00_00.parquet","hour"
"Italy","NET.IT112A","Regione Lazio","IT1836A","CIPRO","SPO.IT1836A_8_chemi_2006-12-17_00:00:00","NO2","Nitrogen dioxide (air)","P1Y-hr-min","1 year hour min","2024","0.319","ug/m3","95.69","1","Background","Urban","12.4476","41.9064","24.0","Roma                                                                            ","IT001C1                                           ","2808293","E1a/validated data AQ e-Reporting","07/03/2026 23:00:48","https://eeadmz1batchservice02.blob.core.windows.net/airquality-p-e1a/IT/SPO.IT1836A_8_chemi_2006-12-17_00_00_00.parquet","hour"
"Italy","NET.IT112A","Regione Lazio","IT0825A","C.SO FRANCIA","SPO.IT0825A_464_other_2006-07-26_00:00:00","m,p-C6H4(CH3)2","m,p-Xylene (air)","P1Y","Annual mean / 1 calendar year","2024","2.418","ug/m3","92.76","1","Traffic","Urban","12.4696","41.9474","35.0","Roma                                                                            ","IT001C1                                           ","2808293","E1a/validated data AQ e-Reporting","07/03/2026 22:58:16","https://eeadmz1batchservice02.blob.core.windows.net/airquality-p-e1a/IT/SPO.IT0825A_464_other_2006-07-26_00_00_00.parquet","hour"
"Italy","NET.IT112A","Regione Lazio","IT0956A","CINECITTA","SPO.IT0956A_8_chemi_1998-01-13_00:00:00","NO2","Nitrogen dioxide (air)","P1Y-daysAbove50","1 year day exceed 50","2024","16.000","count","95.36","1","Background","Urban","12.5687","41.8577","48.0","Roma                                                                            ","IT001C1                                           ","2808293","E1a/validated data AQ e-Reporting","07/03/2026 22:59:41","https://eeadmz1batchservice02.blob.core.windows.net/airquality-p-e1a/IT/SPO.IT0956A_8_chemi_1998-01-13_00_00_00.parquet","hour"
"Italy","NET.IT112A","Regione Lazio","IT1837A","FERMI","SPO.IT1837A_10_NDIR_2006-12-17_00:00:00","CO","Carbon monoxide (air)","P1Y-day-max","1 year day max","2024","1.931","mg/m3","99.18","1","Traffic","Urban","12.4696","41.8640","17.0","Roma                                                                            ","IT001C1                                           ","2808293","E1a/validated data AQ e-Reporting","07/03/2026 22:58:50","https://eeadmz1batchservice02.blob.core.windows.net/airquality-p-e1a/IT/SPO.IT1837A_10_NDIR_2006-12-17_00_00_00.parquet","hour"
"Italy","NET.IT112A","Regione Lazio","IT1837A","FERMI","SPO.IT1837A_21_other_2006-12-17_00:00:00","C6H5-CH3","Toluene (air)","P1Y-day-min","1 year day min","2024","0.572","ug/m3","97.81","1","Traffic","Urban","12.4696","41.8640","17.0","Roma                                                                            ","IT001C1                                           ","2808293","E1a/validated data AQ e-Reporting","07/03/2026 22:59:10","https://eeadmz1batchservice02.blob.core.windows.net/airquality-p-e1a/IT/SPO.IT1837A_21_other_2006-12-17_00_00_00.parquet","hour"
"Italy","NET.IT112A","Regione Lazio","IT1837A","FERMI","SPO.IT1837A_21_other_2006-12-17_00:00:00","C6H5-CH3","Toluene (air)","P1Y-hr-max","1 year hour max","2024","179.477","ug/m3","96.04","1","Traffic","Urban","12.4696","41.8640","17.0","Roma                                                                            ","IT001C1                                           ","2808293","E1a/validated data AQ e-Reporting","07/03/2026 23:00:20","https://eeadmz1batchservice02.blob.core.windows.net/airquality-p-e1a/IT/SPO.IT1837A_21_other_2006-12-17_00_00_00.parquet","hour"
"Italy","NET.IT112A","Regione Lazio","IT1837A","FERMI","SPO.IT1837A_20_GC-PID_2006-12-17_00:00:00","C6H6","Benzene (air)","P1Y-day-max","1 year day max","2024","7.650","ug/m3","96.99","1","Traffic","Urban","12.4696","41.8640","17.0","Roma                                                                            ","IT001C1                                           ","2808293","E1a/validated data AQ e-Reporting","07/03/2026 22:58:50","https://eeadmz1batchservice02.blob.core.windows.net/airquality-p-e1a/IT/SPO.IT1837A_20_GC-PID_2006-12-17_00_00_00.parquet","hour"
"Italy","NET.IT112A","Regione Lazio","IT1837A","FERMI","SPO.IT1837A_38_chemi_2006-12-17_00:00:00","NO","Nitrogen monoxide (air)","P1Y-hr-min","1 year hour min","2024","0.004","ug/m3","95.26","1","Traffic","Urban","12.4696","41.8640","17.0","Roma                                                                            ","IT001C1                                           ","2808293","E1a/validated data AQ e-Reporting","07/03/2026 23:00:48","https://eeadmz1batchservice02.blob.core.windows.net/airquality-p-e1a/IT/SPO.IT1837A_38_chemi_2006-12-17_00_00_00.parquet","hour"
"Italy","NET.IT112A","Regione Lazio","IT1834A","TIBURTINA","SPO.IT1834A_9_chemi_2006-12-06_00:00:00","NOX as NO2","Nitrogen oxides (air)","P1Y-day-max","1 year day max","2024","253.692","ug/m3","99.18","1","Traffic","Urban","12.5489","41.9103","26.0","Roma                                                                            ","IT001C1                                           ","2808293","E1a/validated data AQ e-Reporting","07/03/2026 22:58:50","https://eeadmz1batchservice02.blob.core.windows.net/airquality-p-e1a/IT/SPO.IT1834A_9_chemi_2006-12-06_00_00_00.parquet","hour"
"Italy","NET.IT112A","Regione Lazio","IT1837A","FERMI","SPO.IT1837A_431_other_2006-12-17_00:00:00","C6H5-C2H5","Ethyl benzene (air)","P1Y-day-per50","1 year 50 %ile of daily values in a year","2024","0.504","ug/m3","98.09","1","Traffic","Urban","12.4696","41.8640","17.0","Roma                                                                            ","IT001C1                                           ","2808293","E1a/validated data AQ e-Reporting","07/03/2026 22:59:18","https://eeadmz1batchservice02.blob.core.windows.net/airquality-p-e1a/IT/SPO.IT1837A_431_other_2006-12-17_00_00_00.parquet","hour"
"Italy","NET.IT112A","Regione Lazio","IT1835A","BUFALOTTA","SPO.IT1835A_7_UV-P_2006-12-06_00:00:00","O3","Ozone (air)","AOT40fmeasured","AOT40 vegetation protection","2024","16895.778","ug/m3","99.50","1","Background","Urban","12.5337","41.9477","36.0","Roma                                                                            ","IT001C1                                           ","2808293","E1a/validated data AQ e-Reporting","07/03/2026 22:17:41","https://eeadmz1batchservice02.blob.core.windows.net/airquality-p-e1a/IT/SPO.IT1835A_7_UV-P_2006-12-06_00_00_00.parquet","hour"
"Italy","NET.IT112A","Regione Lazio","IT1176A","L.GO PERESTRELLO","SPO.IT1176A_38_chemi_1998-03-17_00:00:00","NO","Nitrogen monoxide (air)","P1Y-hr-per50","1 year 50 percentile","2024","3.038","ug/m3","95.39","1","Background","Urban","12.5416","41.8860","28.0","Roma                                                                            ","IT001C1                                           ","2808293","E1a/validated data AQ e-Reporting","07/03/2026 23:00:56","https://eeadmz1batchservice02.blob.core.windows.net/airquality-p-e1a/IT/SPO.IT1176A_38_chemi_1998-03-17_00_00_00.parquet","hour"
"Italy","NET.IT112A","Regione Lazio","IT1834A","TIBURTINA","SPO.IT1834A_9_chemi_2006-12-06_00:00:00","NOX as NO2","Nitrogen oxides (air)","P1Y-hr-per50","1 year 50 percentile","2024","49.351","ug/m3","95.21","1","Traffic","Urban","12.5489","41.9103","26.0","Roma                                                                            ","IT001C1                                           ","2808293","E1a/validated data AQ e-Reporting","07/03/2026 23:00:56","https://eeadmz1batchservice02.blob.core.windows.net/airquality-p-e1a/IT/SPO.IT1834A_9_chemi_2006-12-06_00_00_00.parquet","hour"
"Italy","NET.IT112A","Regione Lazio","IT1835A","BUFALOTTA","SPO.IT1835A_9_chemi_2019-03-18_00:00:00","NOX as NO2","Nitrogen oxides (air)","P3Y","3 subsequent calendar years mean","2024","44.635","ug/m3","90.03","1","Background","Urban","12.5337","41.9477","36.0","Roma                                                                            ","IT001C1                                           ","2808293","E1a/validated data AQ e-Reporting","07/03/2026 23:01:54","https://eeadmz1batchservice02.blob.core.windows.net/airquality-p-e1a/IT/SPO.IT1835A_9_chemi_2019-03-18_00_00_00.parquet","hour"
"Italy","NET.IT112A","Regione Lazio","IT1906A","ARENULA","SPO.IT1906A_38_chemi_2008-02-03_00:00:00","NO","Nitrogen monoxide (air)","P1Y-day-min","1 year day min","2024","0.679","ug/m3","99.45","1","Background","Urban","12.4754","41.8940","17.0","Roma                                                                            ","IT001C1                                           ","2808293","E1a/validated data AQ e-Reporting","07/03/2026 22:59:10","https://eeadmz1batchservice02.blob.core.windows.net/airquality-p-e1a/IT/SPO.IT1906A_38_chemi_2008-02-03_00_00_00.parquet","hour"
"Italy","NET.IT112A","Regione Lazio","IT1906A","ARENULA","SPO.IT1906A_7_UV-P_2009-11-29_00:00:00","O3","Ozone (air)","summer-avg","Summer mean","2024","39.866","ug/m3","98.02","1","Background","Urban","12.4754","41.8940","17.0","Roma                                                                            ","IT001C1                                           ","2808293","E1a/validated data AQ e-Reporting","07/03/2026 23:07:29","https://eeadmz1batchservice02.blob.core.windows.net/airquality-p-e1a/IT/SPO.IT1906A_7_UV-P_2009-11-29_00_00_00.parquet","hour"
"Italy","NET.IT112A","Regione Lazio","IT1176A","L.GO PERESTRELLO","SPO.IT1176A_7_UV-P_1998-03-17_00:00:00","O3","Ozone (air)","AOT40c-P5Y","AOT40 vegetation protection averaged over 5 years","2024","16559.422","ug/m3","99.44","1","Background","Urban","12.5416","41.8860","28.0","Roma                                                                            ","IT001C1                                           ","2808293","E1a/validated data AQ e-Reporting","07/03/2026 22:17:34","https://eeadmz1batchservice02.blob.core.windows.net/airquality-p-e1a/IT/SPO.IT1176A_7_UV-P_1998-03-17_00_00_00.parquet","hour"
"Italy","NET.IT112A","Regione Lazio","IT1176A","L.GO PERESTRELLO","SPO.IT1176A_7_UV-P_1998-03-17_00:00:00","O3","Ozone (air)","P1Y-dmax-per95.07","1 year 95.07 percentile daily 8h maximum","2024","122.254","ug/m3","98.91","1","Background","Urban","12.5416","41.8860","28.0","Roma                                                                            ","IT001C1                                           ","2808293","E1a/validated data AQ e-Reporting","07/03/2026 23:00:01","https://eeadmz1batchservice02.blob.core.windows.net/airquality-p-e1a/IT/SPO.IT1176A_7_UV-P_1998-03-17_00_00_00.parquet","hour"
"Italy","NET.IT112A","Regione Lazio","IT1837A","FERMI","SPO.IT1837A_10_NDIR_2006-12-17_00:00:00","CO","Carbon monoxide (air)","P1Y-P1D-per99","1 year 99 percentile of daily means (P1D) or .../aq/primaryObservation/day","2024","1.636","mg/m3","99.18","1","Traffic","Urban","12.4696","41.8640","17.0","Roma                                                                            ","IT001C1                                           ","2808293","E1a/validated data AQ e-Reporting","07/03/2026 23:01:47","https://eeadmz1batchservice02.blob.core.windows.net/airquality-p-e1a/IT/SPO.IT1837A_10_NDIR_2006-12-17_00_00_00.parquet","hour"
"Italy","NET.IT112A","Regione Lazio","IT1837A","FERMI","SPO.IT1837A_38_chemi_2006-12-17_00:00:00","NO","Nitrogen monoxide (air)","P1Y-day-max","1 year day max","2024","147.761","ug/m3","98.91","1","Traffic","Urban","12.4696","41.8640","17.0","Roma                                                                            ","IT001C1                                           ","2808293","E1a/validated data AQ e-Reporting","07/03/2026 22:58:50","https://eeadmz1batchservice02.blob.core.windows.net/airquality-p-e1a/IT/SPO.IT1837A_38_chemi_2006-12-17_00_00_00.parquet","hour"
"Italy","NET.IT112A","Regione Lazio","IT0825A","C.SO FRANCIA","SPO.IT0825A_38_chemi_1997-10-01_00:00:00","NO","Nitrogen monoxide (air)","P1Y-hr-min","1 year hour min","2024","-1.925","ug/m3","94.38","1","Traffic","Urban","12.4696","41.9474","35.0","Roma                                                                            ","IT001C1                                           ","2808293","E1a/validated data AQ e-Reporting","07/03/2026 23:00:48","https://eeadmz1batchservice02.blob.core.windows.net/airquality-p-e1a/IT/SPO.IT0825A_38_chemi_1997-10-01_00_00_00.parquet","hour"
"Italy","NET.IT112A","Regione Lazio","IT1837A","FERMI","SPO.IT1837A_464_other_2006-12-17_00:00:00","m,p-C6H4(CH3)2","m,p-Xylene (air)","P1Y-day-per50","1 year 50 %ile of daily values in a year","2024","4.819","ug/m3","98.09","1","Traffic","Urban","12.4696","41.8640","17.0","Roma                                                                            ","IT001C1                                           ","2808293","E1a/validated data AQ e-Reporting","07/03/2026 22:59:18","https://eeadmz1batchservice02.blob.core.windows.net/airquality-p-e1a/IT/SPO.IT1837A_464_other_2006-12-17_00_00_00.parquet","hour"
"Italy","NET.IT112A","Regione Lazio","IT1834A","TIBURTINA","SPO.IT1834A_8_chemi_2006-12-06_00:00:00","NO2","Nitrogen dioxide (air)","P1Y-hr-max-per99.97","1 year 99.97 %ile of hourly values in a given year","2024","118.549","ug/m3","95.22","1","Traffic","Urban","12.5489","41.9103","26.0","Roma                                                                            ","IT001C1                                           ","2808293","E1a/validated data AQ e-Reporting","07/03/2026 23:00:44","https://eeadmz1batchservice02.blob.core.windows.net/airquality-p-e1a/IT/SPO.IT1834A_8_chemi_2006-12-06_00_00_00.parquet","hour"
"Italy","NET.IT112A","Regione Lazio","IT1834A","TIBURTINA","SPO.IT1834A_8_chemi_2006-12-06_00:00:00","NO2","Nitrogen dioxide (air)","P1Y-hr-min","1 year hour min","2024","1.948","ug/m3","95.22","1","Traffic","Urban","12.5489","41.9103","26.0","Roma                                                                            ","IT001C1                                           ","2808293","E1a/validated data AQ e-Reporting","07/03/2026 23:00:48","https://eeadmz1batchservice02.blob.core.windows.net/airquality-p-e1a/IT/SPO.IT1834A_8_chemi_2006-12-06_00_00_00.parquet","hour"
"Italy","NET.IT112A","Regione Lazio","IT1176A","L.GO PERESTRELLO","SPO.IT1176A_7_UV-P_1998-03-17_00:00:00","O3","Ozone (air)","P1Y-dmax-per99","1 year 99 percentile daily 8h maximum","2024","134.970","ug/m3","98.91","1","Background","Urban","12.5416","41.8860","28.0","Roma                                                                            ","IT001C1                                           ","2808293","E1a/validated data AQ e-Reporting","07/03/2026 23:00:05","https://eeadmz1batchservice02.blob.core.windows.net/airquality-p-e1a/IT/SPO.IT1176A_7_UV-P_1998-03-17_00_00_00.parquet","hour"
"Italy","NET.IT112A","Regione Lazio","IT1176A","L.GO PERESTRELLO","SPO.IT1176A_7_UV-P_1998-03-17_00:00:00","O3","Ozone (air)","P1Y-dx-max","1 year day max max","2024","144.660","ug/m3","98.91","1","Background","Urban","12.5416","41.8860","28.0","Roma                                                                            ","IT001C1                                           ","2808293","E1a/validated data AQ e-Reporting","07/03/2026 23:00:13","https://eeadmz1batchservice02.blob.core.windows.net/airquality-p-e1a/IT/SPO.IT1176A_7_UV-P_1998-03-17_00_00_00.parquet","hour"
"Italy","NET.IT112A","Regione Lazio","IT0953A","VILLA ADA","SPO.IT0953A_9_chemi_1997-01-01_00:00:00","NOX as NO2","Nitrogen oxides (air)","P1Y-day-per50","1 year 50 %ile of daily values in a year","2024","22.917","ug/m3","92.90","1","Background","Urban","12.5069","41.9329","50.0","Roma                                                                            ","IT001C1                                           ","2808293","E1a/validated data AQ e-Reporting","07/03/2026 22:59:18","https://eeadmz1batchservice02.blob.core.windows.net/airquality-p-e1a/IT/SPO.IT0953A_9_chemi_1997-01-01_00_00_00.parquet","hour"
"Italy","NET.IT112A","Regione Lazio","IT1906A","ARENULA","SPO.IT1906A_9_chemi_2008-02-03_00:00:00","NOX as NO2","Nitrogen oxides (air)","P1Y-hr-min","1 year hour min","2024","3.137","ug/m3","95.32","1","Background","Urban","12.4754","41.8940","17.0","Roma                                                                            ","IT001C1                                           ","2808293","E1a/validated data AQ e-Reporting","07/03/2026 23:00:48","https://eeadmz1batchservice02.blob.core.windows.net/airquality-p-e1a/IT/SPO.IT1906A_9_chemi_2008-02-03_00_00_00.parquet","hour"
"Italy","NET.IT112A","Regione Lazio","IT1835A","BUFALOTTA","SPO.IT1835A_7_UV-P_2006-12-06_00:00:00","O3","Ozone (air)","P1Y-dmax-per99","1 year 99 percentile daily 8h maximum","2024","116.305","ug/m3","95.90","1","Background","Urban","12.5337","41.9477","36.0","Roma                                                                            ","IT001C1                                           ","2808293","E1a/validated data AQ e-Reporting","07/03/2026 23:00:05","https://eeadmz1batchservice02.blob.core.windows.net/airquality-p-e1a/IT/SPO.IT1835A_7_UV-P_2006-12-06_00_00_00.parquet","hour"
"Italy","NET.IT112A","Regione Lazio","IT1176A","L.GO PERESTRELLO","SPO.IT1176A_8_chemi_1998-03-17_00:00:00","NO2","Nitrogen dioxide (air)","P1Y-hr-max-per99.79","1 year 99.79 %ile of hourly values in a given year","2024","73.293","ug/m3","95.38","1","Background","Urban","12.5416","41.8860","28.0","Roma                                                                            ","IT001C1                                           ","2808293","E1a/validated data AQ e-Reporting","07/03/2026 23:00:40","https://eeadmz1batchservice02.blob.core.windows.net/airquality-p-e1a/IT/SPO.IT1176A_8_chemi_1998-03-17_00_00_00.parquet","hour"
"Italy","NET.IT112A","Regione Lazio","IT1834A","TIBURTINA","SPO.IT1834A_8_chemi_2006-12-06_00:00:00","NO2","Nitrogen dioxide (air)","P1Y-hr-per50","1 year 50 percentile","2024","28.915","ug/m3","95.22","1","Traffic","Urban","12.5489","41.9103","26.0","Roma                                                                            ","IT001C1                                           ","2808293","E1a/validated data AQ e-Reporting","07/03/2026 23:00:56","https://eeadmz1batchservice02.blob.core.windows.net/airquality-p-e1a/IT/SPO.IT1834A_8_chemi_2006-12-06_00_00_00.parquet","hour"
"Italy","NET.IT112A","Regione Lazio","IT1834A","TIBURTINA","SPO.IT1834A_8_chemi_2006-12-06_00:00:00","NO2","Nitrogen dioxide (air)","P1Y-P1D-per99","1 year 99 percentile of daily means (P1D) or .../aq/primaryObservation/day","2024","62.228","ug/m3","99.18","1","Traffic","Urban","12.5489","41.9103","26.0","Roma                                                                            ","IT001C1                                           ","2808293","E1a/validated data AQ e-Reporting","07/03/2026 23:01:47","https://eeadmz1batchservice02.blob.core.windows.net/airquality-p-e1a/IT/SPO.IT1834A_8_chemi_2006-12-06_00_00_00.parquet","hour"
"Italy","NET.IT112A","Regione Lazio","IT1834A","TIBURTINA","SPO.IT1834A_9_chemi_2006-12-06_00:00:00","NOX as NO2","Nitrogen oxides (air)","P1Y","Annual mean / 1 calendar year","2024","68.803","ug/m3","95.21","1","Traffic","Urban","12.5489","41.9103","26.0","Roma                                                                            ","IT001C1                                           ","2808293","E1a/validated data AQ e-Reporting","07/03/2026 22:58:16","https://eeadmz1batchservice02.blob.core.windows.net/airquality-p-e1a/IT/SPO.IT1834A_9_chemi_2006-12-06_00_00_00.parquet","hour"
"Italy","NET.IT112A","Regione Lazio","IT1835A","BUFALOTTA","SPO.IT1835A_38_chemi_2019-03-18_00:00:00","NO","Nitrogen monoxide (air)","P1Y","Annual mean / 1 calendar year","2024","9.512","ug/m3","92.47","1","Background","Urban","12.5337","41.9477","36.0","Roma                                                                            ","IT001C1                                           ","2808293","E1a/validated data AQ e-Reporting","07/03/2026 22:58:16","https://eeadmz1batchservice02.blob.core.windows.net/airquality-p-e1a/IT/SPO.IT1835A_38_chemi_2019-03-18_00_00_00.parquet","hour"
"Italy","NET.IT112A","Regione Lazio","IT0825A","C.SO FRANCIA","SPO.IT0825A_9_chemi_1997-10-01_00:00:00","NOX as NO2","Nitrogen oxides (air)","P1Y-hr-max","1 year hour max","2024","458.190","ug/m3","94.57","1","Traffic","Urban","12.4696","41.9474","35.0","Roma                                                                            ","IT001C1                                           ","2808293","E1a/validated data AQ e-Reporting","07/03/2026 23:00:20","https://eeadmz1batchservice02.blob.core.windows.net/airquality-p-e1a/IT/SPO.IT0825A_9_chemi_1997-10-01_00_00_00.parquet","hour"
"Italy","NET.IT112A","Regione Lazio","IT1835A","BUFALOTTA","SPO.IT1835A_7_UV-P_2006-12-06_00:00:00","O3","Ozone (air)","AOT40c","AOT40 vegetation protection","2024","8740.546","ug/m3","100.00","1","Background","Urban","12.5337","41.9477","36.0","Roma                                                                            ","IT001C1                                           ","2808293","E1a/validated data AQ e-Reporting","07/03/2026 22:17:26","https://eeadmz1batchservice02.blob.core.windows.net/airquality-p-e1a/IT/SPO.IT1835A_7_UV-P_2006-12-06_00_00_00.parquet","hour"
"Italy","NET.IT112A","Regione Lazio","IT1176A","L.GO PERESTRELLO","SPO.IT1176A_8_chemi_1998-03-17_00:00:00","NO2","Nitrogen dioxide (air)","P1Y-hr-max-per99.97","1 year 99.97 %ile of hourly values in a given year","2024","92.927","ug/m3","95.38","1","Background","Urban","12.5416","41.8860","28.0","Roma                                                                            ","IT001C1                                           ","2808293","E1a/validated data AQ e-Reporting","07/03/2026 23:00:44","https://eeadmz1batchservice02.blob.core.windows.net/airquality-p-e1a/IT/SPO.IT1176A_8_chemi_1998-03-17_00_00_00.parquet","hour"
"Italy","NET.IT112A","Regione Lazio","IT0953A","VILLA ADA","SPO.IT0953A_9_chemi_1997-01-01_00:00:00","NOX as NO2","Nitrogen oxides (air)","P3Y","3 subsequent calendar years mean","2024","33.724","ug/m3","91.52","1","Background","Urban","12.5069","41.9329","50.0","Roma                                                                            ","IT001C1                                           ","2808293","E1a/validated data AQ e-Reporting","07/03/2026 23:01:54","https://eeadmz1batchservice02.blob.core.windows.net/airquality-p-e1a/IT/SPO.IT0953A_9_chemi_1997-01-01_00_00_00.parquet","hour"
"Italy","NET.IT112A","Regione Lazio","IT1176A","L.GO PERESTRELLO","SPO.IT1176A_8_chemi_1998-03-17_00:00:00","NO2","Nitrogen dioxide (air)","P1Y-hr-min","1 year hour min","2024","2.477","ug/m3","95.38","1","Background","Urban","12.5416","41.8860","28.0","Roma                                                                            ","IT001C1                                           ","2808293","E1a/validated data AQ e-Reporting","07/03/2026 23:00:48","https://eeadmz1batchservice02.blob.core.windows.net/airquality-p-e1a/IT/SPO.IT1176A_8_chemi_1998-03-17_00_00_00.parquet","hour"
"Italy","NET.IT112A","Regione Lazio","IT0956A","CINECITTA","SPO.IT0956A_38_chemi_1998-01-13_00:00:00","NO","Nitrogen monoxide (air)","P1Y-day-max","1 year day max","2024","100.652","ug/m3","95.36","1","Background","Urban","12.5687","41.8577","48.0","Roma                                                                            ","IT001C1                                           ","2808293","E1a/validated data AQ e-Reporting","07/03/2026 22:58:50","https://eeadmz1batchservice02.blob.core.windows.net/airquality-p-e1a/IT/SPO.IT0956A_38_chemi_1998-01-13_00_00_00.parquet","hour"
"Italy","NET.IT112A","Regione Lazio","IT1176A","L.GO PERESTRELLO","SPO.IT1176A_8_chemi_1998-03-17_00:00:00","NO2","Nitrogen dioxide (air)","P1Y-P1D-per95.07","1 year 95.07 percentile of daily means (P1D) or .../aq/primaryObservation/day","2024","42.154","ug/m3","99.45","1","Background","Urban","12.5416","41.8860","28.0","Roma                                                                            ","IT001C1                                           ","2808293","E1a/validated data AQ e-Reporting","07/03/2026 23:01:41","https://eeadmz1batchservice02.blob.core.windows.net/airquality-p-e1a/IT/SPO.IT1176A_8_chemi_1998-03-17_00_00_00.parquet","hour"
"Italy","NET.IT112A","Regione Lazio","IT1835A","BUFALOTTA","SPO.IT1835A_8_chemi_2019-03-18_00:00:00","NO2","Nitrogen dioxide (air)","P1Y-hr-max19","1 year hour max19","2024","95.217","ug/m3","93.28","1","Background","Urban","12.5337","41.9477","36.0","Roma                                                                            ","IT001C1                                           ","2808293","E1a/validated data AQ e-Reporting","07/03/2026 23:00:28","https://eeadmz1batchservice02.blob.core.windows.net/airquality-p-e1a/IT/SPO.IT1835A_8_chemi_2019-03-18_00_00_00.parquet","hour"
"Italy","NET.IT112A","Regione Lazio","IT0953A","VILLA ADA","SPO.IT0953A_7_UV-P_1997-01-30_00:00:00","O3","Ozone (air)","AOT40fmeasured","AOT40 vegetation protection","2024","35459.586","ug/m3","96.81","1","Background","Urban","12.5069","41.9329","50.0","Roma                                                                            ","IT001C1                                           ","2808293","E1a/validated data AQ e-Reporting","07/03/2026 22:17:41","https://eeadmz1batchservice02.blob.core.windows.net/airquality-p-e1a/IT/SPO.IT0953A_7_UV-P_1997-01-30_00_00_00.parquet","hour"
"Italy","NET.IT112A","Regione Lazio","IT0953A","VILLA ADA","SPO.IT0953A_7_UV-P_1997-01-30_00:00:00","O3","Ozone (air)","P1Y-day-max","1 year day max","2024","94.283","ug/m3","94.54","1","Background","Urban","12.5069","41.9329","50.0","Roma                                                                            ","IT001C1                                           ","2808293","E1a/validated data AQ e-Reporting","07/03/2026 22:58:50","https://eeadmz1batchservice02.blob.core.windows.net/airquality-p-e1a/IT/SPO.IT0953A_7_UV-P_1997-01-30_00_00_00.parquet","hour"
"Italy","NET.IT112A","Regione Lazio","IT0953A","VILLA ADA","SPO.IT0953A_7_UV-P_1997-01-30_00:00:00","O3","Ozone (air)","P1Y-day-per50","1 year 50 %ile of daily values in a year","2024","50.920","ug/m3","94.54","1","Background","Urban","12.5069","41.9329","50.0","Roma                                                                            ","IT001C1                                           ","2808293","E1a/validated data AQ e-Reporting","07/03/2026 22:59:18","https://eeadmz1batchservice02.blob.core.windows.net/airquality-p-e1a/IT/SPO.IT0953A_7_UV-P_1997-01-30_00_00_00.parquet","hour"
"Italy","NET.IT112A","Regione Lazio","IT1837A","FERMI","SPO.IT1837A_431_other_2006-12-17_00:00:00","C6H5-C2H5","Ethyl benzene (air)","P1Y-hr-max","1 year hour max","2024","50.279","ug/m3","96.33","1","Traffic","Urban","12.4696","41.8640","17.0","Roma                                                                            ","IT001C1                                           ","2808293","E1a/validated data AQ e-Reporting","07/03/2026 23:00:20","https://eeadmz1batchservice02.blob.core.windows.net/airquality-p-e1a/IT/SPO.IT1837A_431_other_2006-12-17_00_00_00.parquet","hour"
"Italy","NET.IT112A","Regione Lazio","IT0953A","VILLA ADA","SPO.IT0953A_7_UV-P_1997-01-30_00:00:00","O3","Ozone (air)","P1Y-maxP6M-P8H-dmax","Yearly highest six monthly average of daily maximum 8-hour mean concentration","2024","101.371","ug/m3","100.00","1","Background","Urban","12.5069","41.9329","50.0","Roma                                                                            ","IT001C1                                           ","2808293","E1a/validated data AQ e-Reporting","07/03/2026 23:01:29","https://eeadmz1batchservice02.blob.core.windows.net/airquality-p-e1a/IT/SPO.IT0953A_7_UV-P_1997-01-30_00_00_00.parquet","hour"
"Italy","NET.IT112A","Regione Lazio","IT1837A","FERMI","SPO.IT1837A_482_other_2006-12-17_00:00:00","o-C6H4-(CH3)2","o-Xylene (air)","P1Y-hr-per50","1 year 50 percentile","2024","0.864","ug/m3","96.33","1","Traffic","Urban","12.4696","41.8640","17.0","Roma                                                                            ","IT001C1                                           ","2808293","E1a/validated data AQ e-Reporting","07/03/2026 23:00:56","https://eeadmz1batchservice02.blob.core.windows.net/airquality-p-e1a/IT/SPO.IT1837A_482_other_2006-12-17_00_00_00.parquet","hour"
"Italy","NET.IT112A","Regione Lazio","IT1176A","L.GO PERESTRELLO","SPO.IT1176A_8_chemi_1998-03-17_00:00:00","NO2","Nitrogen dioxide (air)","P1Y-P1D-per99","1 year 99 percentile of daily means (P1D) or .../aq/primaryObservation/day","2024","47.020","ug/m3","99.45","1","Background","Urban","12.5416","41.8860","28.0","Roma                                                                            ","IT001C1                                           ","2808293","E1a/validated data AQ e-Reporting","07/03/2026 23:01:47","https://eeadmz1batchservice02.blob.core.windows.net/airquality-p-e1a/IT/SPO.IT1176A_8_chemi_1998-03-17_00_00_00.parquet","hour"
"Italy","NET.IT112A","Regione Lazio","IT1176A","L.GO PERESTRELLO","SPO.IT1176A_9_chemi_1998-03-17_00:00:00","NOX as NO2","Nitrogen oxides (air)","P1Y","Annual mean / 1 calendar year","2024","44.893","ug/m3","95.42","1","Background","Urban","12.5416","41.8860","28.0","Roma                                                                            ","IT001C1                                           ","2808293","E1a/validated data AQ e-Reporting","07/03/2026 22:58:16","https://eeadmz1batchservice02.blob.core.windows.net/airquality-p-e1a/IT/SPO.IT1176A_9_chemi_1998-03-17_00_00_00.parquet","hour"
"Italy","NET.IT112A","Regione Lazio","IT1835A","BUFALOTTA","SPO.IT1835A_8_chemi_2019-03-18_00:00:00","NO2","Nitrogen dioxide (air)","P1Y-hr-max-per99.97","1 year 99.97 %ile of hourly values in a given year","2024","107.613","ug/m3","93.28","1","Background","Urban","12.5337","41.9477","36.0","Roma                                                                            ","IT001C1                                           ","2808293","E1a/validated data AQ e-Reporting","07/03/2026 23:00:44","https://eeadmz1batchservice02.blob.core.windows.net/airquality-p-e1a/IT/SPO.IT1835A_8_chemi_2019-03-18_00_00_00.parquet","hour"
"Italy","NET.IT112A","Regione Lazio","IT0828A","L.GO MAGNA GRECIA","SPO.IT0828A_9_chemi_1993-01-01_00:00:00","NOX as NO2","Nitrogen oxides (air)","P3Y","3 subsequent calendar years mean","2024","67.587","ug/m3","92.60","1","Traffic","Urban","12.5090","41.8831","37.0","Roma                                                                            ","IT001C1                                           ","2808293","E1a/validated data AQ e-Reporting","07/03/2026 23:01:54","https://eeadmz1batchservice02.blob.core.windows.net/airquality-p-e1a/IT/SPO.IT0828A_9_chemi_1993-01-01_00_00_00.parquet","hour"
"Italy","NET.IT112A","Regione Lazio","IT1835A","BUFALOTTA","SPO.IT1835A_9_chemi_2019-03-18_00:00:00","NOX as NO2","Nitrogen oxides (air)","P1Y-day-min","1 year day min","2024","11.246","ug/m3","95.08","1","Background","Urban","12.5337","41.9477","36.0","Roma                                                                            ","IT001C1                                           ","2808293","E1a/validated data AQ e-Reporting","07/03/2026 22:59:10","https://eeadmz1batchservice02.blob.core.windows.net/airquality-p-e1a/IT/SPO.IT1835A_9_chemi_2019-03-18_00_00_00.parquet","hour"
"Italy","NET.IT112A","Regione Lazio","IT1906A","ARENULA","SPO.IT1906A_7_UV-P_2009-11-29_00:00:00","O3","Ozone (air)","P1Y-day-per50","1 year 50 %ile of daily values in a year","2024","35.001","ug/m3","97.81","1","Background","Urban","12.4754","41.8940","17.0","Roma                                                                            ","IT001C1                                           ","2808293","E1a/validated data AQ e-Reporting","07/03/2026 22:59:18","https://eeadmz1batchservice02.blob.core.windows.net/airquality-p-e1a/IT/SPO.IT1906A_7_UV-P_2009-11-29_00_00_00.parquet","hour"
"Italy","NET.IT112A","Regione Lazio","IT0825A","C.SO FRANCIA","SPO.IT0825A_8_chemi_1997-10-01_00:00:00","NO2","Nitrogen dioxide (air)","P1Y-P1D-per95.07","1 year 95.07 percentile of daily means (P1D) or .../aq/primaryObservation/day","2024","43.496","ug/m3","98.36","1","Traffic","Urban","12.4696","41.9474","35.0","Roma                                                                            ","IT001C1                                           ","2808293","E1a/validated data AQ e-Reporting","07/03/2026 23:01:41","https://eeadmz1batchservice02.blob.core.windows.net/airquality-p-e1a/IT/SPO.IT0825A_8_chemi_1997-10-01_00_00_00.parquet","hour"
"Italy","NET.IT112A","Regione Lazio","IT0825A","C.SO FRANCIA","SPO.IT0825A_8_chemi_1997-10-01_00:00:00","NO2","Nitrogen dioxide (air)","P1Y-day-max","1 year day max","2024","54.462","ug/m3","98.36","1","Traffic","Urban","12.4696","41.9474","35.0","Roma                                                                            ","IT001C1                                           ","2808293","E1a/validated data AQ e-Reporting","07/03/2026 22:58:50","https://eeadmz1batchservice02.blob.core.windows.net/airquality-p-e1a/IT/SPO.IT0825A_8_chemi_1997-10-01_00_00_00.parquet","hour"
"Italy","NET.IT112A","Regione Lazio","IT0825A","C.SO FRANCIA","SPO.IT0825A_9_chemi_1997-10-01_00:00:00","NOX as NO2","Nitrogen oxides (air)","P1Y-hr-per50","1 year 50 percentile","2024","59.687","ug/m3","94.57","1","Traffic","Urban","12.4696","41.9474","35.0","Roma                                                                            ","IT001C1                                           ","2808293","E1a/validated data AQ e-Reporting","07/03/2026 23:00:56","https://eeadmz1batchservice02.blob.core.windows.net/airquality-p-e1a/IT/SPO.IT0825A_9_chemi_1997-10-01_00_00_00.parquet","hour"
"Italy","NET.IT112A","Regione Lazio","IT0828A","L.GO MAGNA GRECIA","SPO.IT0828A_38_chemi_1993-01-01_00:00:00","NO","Nitrogen monoxide (air)","P1Y-hr-per50","1 year 50 percentile","2024","9.865","ug/m3","91.72","1","Traffic","Urban","12.5090","41.8831","37.0","Roma                                                                            ","IT001C1                                           ","2808293","E1a/validated data AQ e-Reporting","07/03/2026 23:00:56","https://eeadmz1batchservice02.blob.core.windows.net/airquality-p-e1a/IT/SPO.IT0828A_38_chemi_1993-01-01_00_00_00.parquet","hour"
"Italy","NET.IT112A","Regione Lazio","IT1835A","BUFALOTTA","SPO.IT1835A_7_UV-P_2006-12-06_00:00:00","O3","Ozone (air)","P1Y-dx-max26","1 year daymax max 26","2024","105.934","ug/m3","95.90","1","Background","Urban","12.5337","41.9477","36.0","Roma                                                                            ","IT001C1                                           ","2808293","E1a/validated data AQ e-Reporting","07/03/2026 23:00:17","https://eeadmz1batchservice02.blob.core.windows.net/airquality-p-e1a/IT/SPO.IT1835A_7_UV-P_2006-12-06_00_00_00.parquet","hour"
"Italy","NET.IT112A","Regione Lazio","IT1835A","BUFALOTTA","SPO.IT1835A_7_UV-P_2006-12-06_00:00:00","O3","Ozone (air)","P1Y-hr-min","1 year hour min","2024","0.000","ug/m3","97.39","1","Background","Urban","12.5337","41.9477","36.0","Roma                                                                            ","IT001C1                                           ","2808293","E1a/validated data AQ e-Reporting","07/03/2026 23:00:48","https://eeadmz1batchservice02.blob.core.windows.net/airquality-p-e1a/IT/SPO.IT1835A_7_UV-P_2006-12-06_00_00_00.parquet","hour"
"Italy","NET.IT112A","Regione Lazio","IT1836A","CIPRO","SPO.IT1836A_38_chemi_2006-12-17_00:00:00","NO","Nitrogen monoxide (air)","P1Y-day-max","1 year day max","2024","81.106","ug/m3","99.73","1","Background","Urban","12.4476","41.9064","24.0","Roma                                                                            ","IT001C1                                           ","2808293","E1a/validated data AQ e-Reporting","07/03/2026 22:58:50","https://eeadmz1batchservice02.blob.core.windows.net/airquality-p-e1a/IT/SPO.IT1836A_38_chemi_2006-12-17_00_00_00.parquet","hour"
"Italy","NET.IT112A","Regione Lazio","IT1906A","ARENULA","SPO.IT1906A_8_chemi_2008-02-03_00:00:00","NO2","Nitrogen dioxide (air)","P3Y","3 subsequent calendar years mean","2024","31.968","ug/m3","94.59","1","Background","Urban","12.4754","41.8940","17.0","Roma                                                                            ","IT001C1                                           ","2808293","E1a/validated data AQ e-Reporting","07/03/2026 23:01:54","https://eeadmz1batchservice02.blob.core.windows.net/airquality-p-e1a/IT/SPO.IT1906A_8_chemi_2008-02-03_00_00_00.parquet","hour"
"Italy","NET.IT112A","Regione Lazio","IT1836A","CIPRO","SPO.IT1836A_38_chemi_2006-12-17_00:00:00","NO","Nitrogen monoxide (air)","P1Y-day-per50","1 year 50 %ile of daily values in a year","2024","6.034","ug/m3","99.73","1","Background","Urban","12.4476","41.9064","24.0","Roma                                                                            ","IT001C1                                           ","2808293","E1a/validated data AQ e-Reporting","07/03/2026 22:59:18","https://eeadmz1batchservice02.blob.core.windows.net/airquality-p-e1a/IT/SPO.IT1836A_38_chemi_2006-12-17_00_00_00.parquet","hour"
"Italy","NET.IT112A","Regione Lazio","IT1836A","CIPRO","SPO.IT1836A_7_UV-P_2006-12-17_00:00:00","O3","Ozone (air)","AOT40c","AOT40 vegetation protection","2024","295.407","ug/m3","97.92","1","Background","Urban","12.4476","41.9064","24.0","Roma                                                                            ","IT001C1                                           ","2808293","E1a/validated data AQ e-Reporting","07/03/2026 22:17:26","https://eeadmz1batchservice02.blob.core.windows.net/airquality-p-e1a/IT/SPO.IT1836A_7_UV-P_2006-12-17_00_00_00.parquet","hour"
"Italy","NET.IT112A","Regione Lazio","IT1176A","L.GO PERESTRELLO","SPO.IT1176A_38_chemi_1998-03-17_00:00:00","NO","Nitrogen monoxide (air)","P1Y-hr-max","1 year hour max","2024","548.565","ug/m3","95.39","1","Background","Urban","12.5416","41.8860","28.0","Roma                                                                            ","IT001C1                                           ","2808293","E1a/validated data AQ e-Reporting","07/03/2026 23:00:20","https://eeadmz1batchservice02.blob.core.windows.net/airquality-p-e1a/IT/SPO.IT1176A_38_chemi_1998-03-17_00_00_00.parquet","hour"
"Italy","NET.IT112A","Regione Lazio","IT1176A","L.GO PERESTRELLO","SPO.IT1176A_38_chemi_1998-03-17_00:00:00","NO","Nitrogen monoxide (air)","P1Y-hr-min","1 year hour min","2024","-0.646","ug/m3","95.39","1","Background","Urban","12.5416","41.8860","28.0","Roma                                                                            ","IT001C1                                           ","2808293","E1a/validated data AQ e-Reporting","07/03/2026 23:00:48","https://eeadmz1batchservice02.blob.core.windows.net/airquality-p-e1a/IT/SPO.IT1176A_38_chemi_1998-03-17_00_00_00.parquet","hour"
"Italy","NET.IT112A","Regione Lazio","IT1835A","BUFALOTTA","SPO.IT1835A_7_UV-P_2006-12-06_00:00:00","O3","Ozone (air)","P1Y-hrsAbove180","1 year hour exceed 180","2024","0.000","count","97.39","1","Background","Urban","12.5337","41.9477","36.0","Roma                                                                            ","IT001C1                                           ","2808293","E1a/validated data AQ e-Reporting","07/03/2026 23:01:07","https://eeadmz1batchservice02.blob.core.windows.net/airquality-p-e1a/IT/SPO.IT1835A_7_UV-P_2006-12-06_00_00_00.parquet","hour"
"Italy","NET.IT112A","Regione Lazio","IT1837A","FERMI","SPO.IT1837A_8_chemi_2006-12-17_00:00:00","NO2","Nitrogen dioxide (air)","P1Y-day-per50","1 year 50 %ile of daily values in a year","2024","38.833","ug/m3","98.63","1","Traffic","Urban","12.4696","41.8640","17.0","Roma                                                                            ","IT001C1                                           ","2808293","E1a/validated data AQ e-Reporting","07/03/2026 22:59:18","https://eeadmz1batchservice02.blob.core.windows.net/airquality-p-e1a/IT/SPO.IT1837A_8_chemi_2006-12-17_00_00_00.parquet","hour"
"Italy","NET.IT112A","Regione Lazio","IT1837A","FERMI","SPO.IT1837A_8_chemi_2006-12-17_00:00:00","NO2","Nitrogen dioxide (air)","P1Y-hr-min","1 year hour min","2024","0.439","ug/m3","95.06","1","Traffic","Urban","12.4696","41.8640","17.0","Roma                                                                            ","IT001C1                                           ","2808293","E1a/validated data AQ e-Reporting","07/03/2026 23:00:48","https://eeadmz1batchservice02.blob.core.windows.net/airquality-p-e1a/IT/SPO.IT1837A_8_chemi_2006-12-17_00_00_00.parquet","hour"
"Italy","NET.IT112A","Regione Lazio","IT1837A","FERMI","SPO.IT1837A_9_chemi_2006-12-17_00:00:00","NOX as NO2","Nitrogen oxides (air)","P1Y-hr-min","1 year hour min","2024","0.446","ug/m3","95.31","1","Traffic","Urban","12.4696","41.8640","17.0","Roma                                                                            ","IT001C1                                           ","2808293","E1a/validated data AQ e-Reporting","07/03/2026 23:00:48","https://eeadmz1batchservice02.blob.core.windows.net/airquality-p-e1a/IT/SPO.IT1837A_9_chemi_2006-12-17_00_00_00.parquet","hour"
"Italy","NET.IT112A","Regione Lazio","IT1837A","FERMI","SPO.IT1837A_9_chemi_2006-12-17_00:00:00","NOX as NO2","Nitrogen oxides (air)","P1Y-hr-per50","1 year 50 percentile","2024","82.309","ug/m3","95.31","1","Traffic","Urban","12.4696","41.8640","17.0","Roma                                                                            ","IT001C1                                           ","2808293","E1a/validated data AQ e-Reporting","07/03/2026 23:00:56","https://eeadmz1batchservice02.blob.core.windows.net/airquality-p-e1a/IT/SPO.IT1837A_9_chemi_2006-12-17_00_00_00.parquet","hour"
"Italy","NET.IT112A","Regione Lazio","IT1835A","BUFALOTTA","SPO.IT1835A_8_chemi_2019-03-18_00:00:00","NO2","Nitrogen dioxide (air)","P1Y-day-min","1 year day min","2024","5.597","ug/m3","95.63","1","Background","Urban","12.5337","41.9477","36.0","Roma                                                                            ","IT001C1                                           ","2808293","E1a/validated data AQ e-Reporting","07/03/2026 22:59:10","https://eeadmz1batchservice02.blob.core.windows.net/airquality-p-e1a/IT/SPO.IT1835A_8_chemi_2019-03-18_00_00_00.parquet","hour"
"Italy","NET.IT112A","Regione Lazio","IT1835A","BUFALOTTA","SPO.IT1835A_7_UV-P_2006-12-06_00:00:00","O3","Ozone (air)","P1Y-day-max","1 year day max","2024","87.048","ug/m3","95.90","1","Background","Urban","12.5337","41.9477","36.0","Roma                                                                            ","IT001C1                                           ","2808293","E1a/validated data AQ e-Reporting","07/03/2026 22:58:50","https://eeadmz1batchservice02.blob.core.windows.net/airquality-p-e1a/IT/SPO.IT1835A_7_UV-P_2006-12-06_00_00_00.parquet","hour"
"Italy","NET.IT112A","Regione Lazio","IT1835A","BUFALOTTA","SPO.IT1835A_7_UV-P_2006-12-06_00:00:00","O3","Ozone (air)","P1Y-dmaxAbove120","1 year daymax exceed 120","2024","2.000","count","95.90","1","Background","Urban","12.5337","41.9477","36.0","Roma                                                                            ","IT001C1                                           ","2808293","E1a/validated data AQ e-Reporting","07/03/2026 22:59:53","https://eeadmz1batchservice02.blob.core.windows.net/airquality-p-e1a/IT/SPO.IT1835A_7_UV-P_2006-12-06_00_00_00.parquet","hour"
"Italy","NET.IT112A","Regione Lazio","IT1835A","BUFALOTTA","SPO.IT1835A_7_UV-P_2006-12-06_00:00:00","O3","Ozone (air)","P1Y-dmax-per93.15","1 year 93.15 percentile daily 8h maximum","2024","105.952","ug/m3","95.90","1","Background","Urban","12.5337","41.9477","36.0","Roma                                                                            ","IT001C1                                           ","2808293","E1a/validated data AQ e-Reporting","07/03/2026 22:59:57","https://eeadmz1batchservice02.blob.core.windows.net/airquality-p-e1a/IT/SPO.IT1835A_7_UV-P_2006-12-06_00_00_00.parquet","hour"
"Italy","NET.IT112A","Regione Lazio","IT1836A","CIPRO","SPO.IT1836A_7_UV-P_2006-12-17_00:00:00","O3","Ozone (air)","summer-avg","Summer mean","2024","45.947","ug/m3","99.34","1","Background","Urban","12.4476","41.9064","24.0","Roma                                                                            ","IT001C1                                           ","2808293","E1a/validated data AQ e-Reporting","07/03/2026 23:07:29","https://eeadmz1batchservice02.blob.core.windows.net/airquality-p-e1a/IT/SPO.IT1836A_7_UV-P_2006-12-17_00_00_00.parquet","hour"
"Italy","NET.IT112A","Regione Lazio","IT1836A","CIPRO","SPO.IT1836A_9_chemi_2006-12-17_00:00:00","NOX as NO2","Nitrogen oxides (air)","P1Y-day-per50","1 year 50 %ile of daily values in a year","2024","36.061","ug/m3","99.73","1","Background","Urban","12.4476","41.9064","24.0","Roma                                                                            ","IT001C1                                           ","2808293","E1a/validated data AQ e-Reporting","07/03/2026 22:59:18","https://eeadmz1batchservice02.blob.core.windows.net/airquality-p-e1a/IT/SPO.IT1836A_9_chemi_2006-12-17_00_00_00.parquet","hour"
"Italy","NET.IT112A","Regione Lazio","IT1837A","FERMI","SPO.IT1837A_10_NDIR_2006-12-17_00:00:00","CO","Carbon monoxide (air)","P1Y-day-min","1 year day min","2024","0.297","mg/m3","99.18","1","Traffic","Urban","12.4696","41.8640","17.0","Roma                                                                            ","IT001C1                                           ","2808293","E1a/validated data AQ e-Reporting","07/03/2026 22:59:10","https://eeadmz1batchservice02.blob.core.windows.net/airquality-p-e1a/IT/SPO.IT1837A_10_NDIR_2006-12-17_00_00_00.parquet","hour"
"Italy","NET.IT112A","Regione Lazio","IT1837A","FERMI","SPO.IT1837A_10_NDIR_2006-12-17_00:00:00","CO","Carbon monoxide (air)","P1Y-dx-avg","1 year daymax average","2024","1.115","mg/m3","98.36","1","Traffic","Urban","12.4696","41.8640","17.0","Roma                                                                            ","IT001C1                                           ","2808293","E1a/validated data AQ e-Reporting","07/03/2026 23:00:09","https://eeadmz1batchservice02.blob.core.windows.net/airquality-p-e1a/IT/SPO.IT1837A_10_NDIR_2006-12-17_00_00_00.parquet","hour"
"Italy","NET.IT112A","Regione Lazio","IT1835A","BUFALOTTA","SPO.IT1835A_8_chemi_2019-03-18_00:00:00","NO2","Nitrogen dioxide (air)","P1Y-day-per50","1 year 50 %ile of daily values in a year","2024","28.570","ug/m3","95.63","1","Background","Urban","12.5337","41.9477","36.0","Roma                                                                            ","IT001C1                                           ","2808293","E1a/validated data AQ e-Reporting","07/03/2026 22:59:18","https://eeadmz1batchservice02.blob.core.windows.net/airquality-p-e1a/IT/SPO.IT1835A_8_chemi_2019-03-18_00_00_00.parquet","hour"
"Italy","NET.IT112A","Regione Lazio","IT0953A","VILLA ADA","SPO.IT0953A_7_UV-P_1997-01-30_00:00:00","O3","Ozone (air)","P3Y-dmaxAbove120","Daymax exceed 120 averaged over 3 consecutive years","2024","16.667","count","100.00","1","Background","Urban","12.5069","41.9329","50.0","Roma                                                                            ","IT001C1                                           ","2808293","E1a/validated data AQ e-Reporting","07/03/2026 23:02:02","https://eeadmz1batchservice02.blob.core.windows.net/airquality-p-e1a/IT/SPO.IT0953A_7_UV-P_1997-01-30_00_00_00.parquet","hour"
"Italy","NET.IT112A","Regione Lazio","IT0953A","VILLA ADA","SPO.IT0953A_8_chemi_1998-01-01_00:00:00","NO2","Nitrogen dioxide (air)","P1Y-day-max","1 year day max","2024","43.714","ug/m3","92.90","1","Background","Urban","12.5069","41.9329","50.0","Roma                                                                            ","IT001C1                                           ","2808293","E1a/validated data AQ e-Reporting","07/03/2026 22:58:50","https://eeadmz1batchservice02.blob.core.windows.net/airquality-p-e1a/IT/SPO.IT0953A_8_chemi_1998-01-01_00_00_00.parquet","hour"
"Italy","NET.IT112A","Regione Lazio","IT0953A","VILLA ADA","SPO.IT0953A_8_chemi_1998-01-01_00:00:00","NO2","Nitrogen dioxide (air)","P1Y-hr-max","1 year hour max","2024","101.889","ug/m3","91.89","1","Background","Urban","12.5069","41.9329","50.0","Roma                                                                            ","IT001C1                                           ","2808293","E1a/validated data AQ e-Reporting","07/03/2026 23:00:20","https://eeadmz1batchservice02.blob.core.windows.net/airquality-p-e1a/IT/SPO.IT0953A_8_chemi_1998-01-01_00_00_00.parquet","hour"
"Italy","NET.IT112A","Regione Lazio","IT0953A","VILLA ADA","SPO.IT0953A_8_chemi_1998-01-01_00:00:00","NO2","Nitrogen dioxide (air)","P1Y-hr-max-per99.79","1 year 99.79 %ile of hourly values in a given year","2024","75.218","ug/m3","91.89","1","Background","Urban","12.5069","41.9329","50.0","Roma                                                                            ","IT001C1                                           ","2808293","E1a/validated data AQ e-Reporting","07/03/2026 23:00:40","https://eeadmz1batchservice02.blob.core.windows.net/airquality-p-e1a/IT/SPO.IT0953A_8_chemi_1998-01-01_00_00_00.parquet","hour"
"Italy","NET.IT112A","Regione Lazio","IT0953A","VILLA ADA","SPO.IT0953A_8_chemi_1998-01-01_00:00:00","NO2","Nitrogen dioxide (air)","P1Y-hr-per50","1 year 50 percentile","2024","16.337","ug/m3","91.89","1","Background","Urban","12.5069","41.9329","50.0","Roma                                                                            ","IT001C1                                           ","2808293","E1a/validated data AQ e-Reporting","07/03/2026 23:00:56","https://eeadmz1batchservice02.blob.core.windows.net/airquality-p-e1a/IT/SPO.IT0953A_8_chemi_1998-01-01_00_00_00.parquet","hour"
"Italy","NET.IT112A","Regione Lazio","IT1836A","CIPRO","SPO.IT1836A_7_UV-P_2006-12-17_00:00:00","O3","Ozone (air)","P1Y","Annual mean / 1 calendar year","2024","37.086","ug/m3","99.49","1","Background","Urban","12.4476","41.9064","24.0","Roma                                                                            ","IT001C1                                           ","2808293","E1a/validated data AQ e-Reporting","07/03/2026 22:58:16","https://eeadmz1batchservice02.blob.core.windows.net/airquality-p-e1a/IT/SPO.IT1836A_7_UV-P_2006-12-17_00_00_00.parquet","hour"
"Italy","NET.IT112A","Regione Lazio","IT1835A","BUFALOTTA","SPO.IT1835A_38_chemi_2019-03-18_00:00:00","NO","Nitrogen monoxide (air)","P1Y-hr-min","1 year hour min","2024","-1.687","ug/m3","92.47","1","Background","Urban","12.5337","41.9477","36.0","Roma                                                                            ","IT001C1                                           ","2808293","E1a/validated data AQ e-Reporting","07/03/2026 23:00:48","https://eeadmz1batchservice02.blob.core.windows.net/airquality-p-e1a/IT/SPO.IT1835A_38_chemi_2019-03-18_00_00_00.parquet","hour"
"Italy","NET.IT112A","Regione Lazio","IT0956A","CINECITTA","SPO.IT0956A_7_UV-P_2006-06-01_00:00:00","O3","Ozone (air)","AOT40cmeasured","AOT40c UNCORRECTED for data capture","2024","9188.955","ug/m3","97.37","1","Background","Urban","12.5687","41.8577","48.0","Roma                                                                            ","IT001C1                                           ","2808293","E1a/validated data AQ e-Reporting","07/03/2026 22:17:30","https://eeadmz1batchservice02.blob.core.windows.net/airquality-p-e1a/IT/SPO.IT0956A_7_UV-P_2006-06-01_00_00_00.parquet","hour"
"Italy","NET.IT112A","Regione Lazio","IT1835A","BUFALOTTA","SPO.IT1835A_7_UV-P_2006-12-06_00:00:00","O3","Ozone (air)","AOT40cmeasured","AOT40c UNCORRECTED for data capture","2024","8740.546","ug/m3","100.00","1","Background","Urban","12.5337","41.9477","36.0","Roma                                                                            ","IT001C1                                           ","2808293","E1a/validated data AQ e-Reporting","07/03/2026 22:17:30","https://eeadmz1batchservice02.blob.core.windows.net/airquality-p-e1a/IT/SPO.IT1835A_7_UV-P_2006-12-06_00_00_00.parquet","hour"
"Italy","NET.IT112A","Regione Lazio","IT0956A","CINECITTA","SPO.IT0956A_7_UV-P_2006-06-01_00:00:00","O3","Ozone (air)","P1Y-dmax-per93.15","1 year 93.15 percentile daily 8h maximum","2024","106.443","ug/m3","93.17","1","Background","Urban","12.5687","41.8577","48.0","Roma                                                                            ","IT001C1                                           ","2808293","E1a/validated data AQ e-Reporting","07/03/2026 22:59:57","https://eeadmz1batchservice02.blob.core.windows.net/airquality-p-e1a/IT/SPO.IT0956A_7_UV-P_2006-06-01_00_00_00.parquet","hour"
"Italy","NET.IT112A","Regione Lazio","IT1835A","BUFALOTTA","SPO.IT1835A_7_UV-P_2006-12-06_00:00:00","O3","Ozone (air)","P3Y","3 subsequent calendar years mean","2024","43.667","ug/m3","97.76","1","Background","Urban","12.5337","41.9477","36.0","Roma                                                                            ","IT001C1                                           ","2808293","E1a/validated data AQ e-Reporting","07/03/2026 23:01:54","https://eeadmz1batchservice02.blob.core.windows.net/airquality-p-e1a/IT/SPO.IT1835A_7_UV-P_2006-12-06_00_00_00.parquet","hour"
"Italy","NET.IT112A","Regione Lazio","IT0953A","VILLA ADA","SPO.IT0953A_8_chemi_1998-01-01_00:00:00","NO2","Nitrogen dioxide (air)","P1Y-P1D-per95.07","1 year 95.07 percentile of daily means (P1D) or .../aq/primaryObservation/day","2024","35.048","ug/m3","92.90","1","Background","Urban","12.5069","41.9329","50.0","Roma                                                                            ","IT001C1                                           ","2808293","E1a/validated data AQ e-Reporting","07/03/2026 23:01:41","https://eeadmz1batchservice02.blob.core.windows.net/airquality-p-e1a/IT/SPO.IT0953A_8_chemi_1998-01-01_00_00_00.parquet","hour"
"Italy","NET.IT112A","Regione Lazio","IT0953A","VILLA ADA","SPO.IT0953A_9_chemi_1997-01-01_00:00:00","NOX as NO2","Nitrogen oxides (air)","P1Y-hr-max","1 year hour max","2024","267.508","ug/m3","91.87","1","Background","Urban","12.5069","41.9329","50.0","Roma                                                                            ","IT001C1                                           ","2808293","E1a/validated data AQ e-Reporting","07/03/2026 23:00:20","https://eeadmz1batchservice02.blob.core.windows.net/airquality-p-e1a/IT/SPO.IT0953A_9_chemi_1997-01-01_00_00_00.parquet","hour"
"Italy","NET.IT112A","Regione Lazio","IT0825A","C.SO FRANCIA","SPO.IT0825A_21_other_2006-07-26_00:00:00","C6H5-CH3","Toluene (air)","P1Y","Annual mean / 1 calendar year","2024","4.250","ug/m3","92.76","1","Traffic","Urban","12.4696","41.9474","35.0","Roma                                                                            ","IT001C1                                           ","2808293","E1a/validated data AQ e-Reporting","07/03/2026 22:58:16","https://eeadmz1batchservice02.blob.core.windows.net/airquality-p-e1a/IT/SPO.IT0825A_21_other_2006-07-26_00_00_00.parquet","hour"
"Italy","NET.IT112A","Regione Lazio","IT0825A","C.SO FRANCIA","SPO.IT0825A_21_other_2006-07-26_00:00:00","C6H5-CH3","Toluene (air)","P1Y-hr-per50","1 year 50 percentile","2024","3.147","ug/m3","92.76","1","Traffic","Urban","12.4696","41.9474","35.0","Roma                                                                            ","IT001C1                                           ","2808293","E1a/validated data AQ e-Reporting","07/03/2026 23:00:56","https://eeadmz1batchservice02.blob.core.windows.net/airquality-p-e1a/IT/SPO.IT0825A_21_other_2006-07-26_00_00_00.parquet","hour"
"Italy","NET.IT112A","Regione Lazio","IT0825A","C.SO FRANCIA","SPO.IT0825A_482_other_2006-07-26_00:00:00","o-C6H4-(CH3)2","o-Xylene (air)","P1Y-day-per50","1 year 50 %ile of daily values in a year","2024","0.535","ug/m3","96.17","1","Traffic","Urban","12.4696","41.9474","35.0","Roma                                                                            ","IT001C1                                           ","2808293","E1a/validated data AQ e-Reporting","07/03/2026 22:59:18","https://eeadmz1batchservice02.blob.core.windows.net/airquality-p-e1a/IT/SPO.IT0825A_482_other_2006-07-26_00_00_00.parquet","hour"
"Italy","NET.IT112A","Regione Lazio","IT0828A","L.GO MAGNA GRECIA","SPO.IT0828A_8_chemi_1993-01-01_00:00:00","NO2","Nitrogen dioxide (air)","P1Y-P1D-per95.07","1 year 95.07 percentile of daily means (P1D) or .../aq/primaryObservation/day","2024","68.870","ug/m3","95.08","1","Traffic","Urban","12.5090","41.8831","37.0","Roma                                                                            ","IT001C1                                           ","2808293","E1a/validated data AQ e-Reporting","07/03/2026 23:01:41","https://eeadmz1batchservice02.blob.core.windows.net/airquality-p-e1a/IT/SPO.IT0828A_8_chemi_1993-01-01_00_00_00.parquet","hour"
"Italy","NET.IT112A","Regione Lazio","IT1836A","CIPRO","SPO.IT1836A_8_chemi_2006-12-17_00:00:00","NO2","Nitrogen dioxide (air)","P1Y-day-max","1 year day max","2024","53.264","ug/m3","99.73","1","Background","Urban","12.4476","41.9064","24.0","Roma                                                                            ","IT001C1                                           ","2808293","E1a/validated data AQ e-Reporting","07/03/2026 22:58:50","https://eeadmz1batchservice02.blob.core.windows.net/airquality-p-e1a/IT/SPO.IT1836A_8_chemi_2006-12-17_00_00_00.parquet","hour"
"Italy","NET.IT112A","Regione Lazio","IT1836A","CIPRO","SPO.IT1836A_8_chemi_2006-12-17_00:00:00","NO2","Nitrogen dioxide (air)","P1Y-hr-per50","1 year 50 percentile","2024","24.500","ug/m3","95.69","1","Background","Urban","12.4476","41.9064","24.0","Roma                                                                            ","IT001C1                                           ","2808293","E1a/validated data AQ e-Reporting","07/03/2026 23:00:56","https://eeadmz1batchservice02.blob.core.windows.net/airquality-p-e1a/IT/SPO.IT1836A_8_chemi_2006-12-17_00_00_00.parquet","hour"
"Italy","NET.IT112A","Regione Lazio","IT1836A","CIPRO","SPO.IT1836A_8_chemi_2006-12-17_00:00:00","NO2","Nitrogen dioxide (air)","P3Y","3 subsequent calendar years mean","2024","30.214","ug/m3","95.36","1","Background","Urban","12.4476","41.9064","24.0","Roma                                                                            ","IT001C1                                           ","2808293","E1a/validated data AQ e-Reporting","07/03/2026 23:01:54","https://eeadmz1batchservice02.blob.core.windows.net/airquality-p-e1a/IT/SPO.IT1836A_8_chemi_2006-12-17_00_00_00.parquet","hour"
"Italy","NET.IT112A","Regione Lazio","IT0956A","CINECITTA","SPO.IT0956A_7_UV-P_2006-06-01_00:00:00","O3","Ozone (air)","P1Y-hr-max","1 year hour max","2024","167.285","ug/m3","95.65","1","Background","Urban","12.5687","41.8577","48.0","Roma                                                                            ","IT001C1                                           ","2808293","E1a/validated data AQ e-Reporting","07/03/2026 23:00:20","https://eeadmz1batchservice02.blob.core.windows.net/airquality-p-e1a/IT/SPO.IT0956A_7_UV-P_2006-06-01_00_00_00.parquet","hour"
"Italy","NET.IT112A","Regione Lazio","IT1836A","CIPRO","SPO.IT1836A_9_chemi_2006-12-17_00:00:00","NOX as NO2","Nitrogen oxides (air)","P3Y","3 subsequent calendar years mean","2024","49.723","ug/m3","95.56","1","Background","Urban","12.4476","41.9064","24.0","Roma                                                                            ","IT001C1                                           ","2808293","E1a/validated data AQ e-Reporting","07/03/2026 23:01:54","https://eeadmz1batchservice02.blob.core.windows.net/airquality-p-e1a/IT/SPO.IT1836A_9_chemi_2006-12-17_00_00_00.parquet","hour"
"Italy","NET.IT112A","Regione Lazio","IT0956A","CINECITTA","SPO.IT0956A_7_UV-P_2006-06-01_00:00:00","O3","Ozone (air)","P3Y-dmaxAbove120","Daymax exceed 120 averaged over 3 consecutive years","2024","20.000","count","100.00","1","Background","Urban","12.5687","41.8577","48.0","Roma                                                                            ","IT001C1                                           ","2808293","E1a/validated data AQ e-Reporting","07/03/2026 23:02:02","https://eeadmz1batchservice02.blob.core.windows.net/airquality-p-e1a/IT/SPO.IT0956A_7_UV-P_2006-06-01_00_00_00.parquet","hour"
"Italy","NET.IT112A","Regione Lazio","IT0828A","L.GO MAGNA GRECIA","SPO.IT0828A_9_chemi_1993-01-01_00:00:00","NOX as NO2","Nitrogen oxides (air)","P1Y","Annual mean / 1 calendar year","2024","66.560","ug/m3","91.72","1","Traffic","Urban","12.5090","41.8831","37.0","Roma                                                                            ","IT001C1                                           ","2808293","E1a/validated data AQ e-Reporting","07/03/2026 22:58:16","https://eeadmz1batchservice02.blob.core.windows.net/airquality-p-e1a/IT/SPO.IT0828A_9_chemi_1993-01-01_00_00_00.parquet","hour"
"Italy","NET.IT112A","Regione Lazio","IT0828A","L.GO MAGNA GRECIA","SPO.IT0828A_9_chemi_1993-01-01_00:00:00","NOX as NO2","Nitrogen oxides (air)","P1Y-day-per50","1 year 50 %ile of daily values in a year","2024","57.882","ug/m3","94.81","1","Traffic","Urban","12.5090","41.8831","37.0","Roma                                                                            ","IT001C1                                           ","2808293","E1a/validated data AQ e-Reporting","07/03/2026 22:59:18","https://eeadmz1batchservice02.blob.core.windows.net/airquality-p-e1a/IT/SPO.IT0828A_9_chemi_1993-01-01_00_00_00.parquet","hour"
"Italy","NET.IT112A","Regione Lazio","IT0828A","L.GO MAGNA GRECIA","SPO.IT0828A_9_chemi_1993-01-01_00:00:00","NOX as NO2","Nitrogen oxides (air)","P1Y-hr-max","1 year hour max","2024","574.317","ug/m3","91.72","1","Traffic","Urban","12.5090","41.8831","37.0","Roma                                                                            ","IT001C1                                           ","2808293","E1a/validated data AQ e-Reporting","07/03/2026 23:00:20","https://eeadmz1batchservice02.blob.core.windows.net/airquality-p-e1a/IT/SPO.IT0828A_9_chemi_1993-01-01_00_00_00.parquet","hour"
"Italy","NET.IT112A","Regione Lazio","IT0828A","L.GO MAGNA GRECIA","SPO.IT0828A_8_chemi_1993-01-01_00:00:00","NO2","Nitrogen dioxide (air)","P1Y-hr-per50","1 year 50 percentile","2024","35.642","ug/m3","91.77","1","Traffic","Urban","12.5090","41.8831","37.0","Roma                                                                            ","IT001C1                                           ","2808293","E1a/validated data AQ e-Reporting","07/03/2026 23:00:56","https://eeadmz1batchservice02.blob.core.windows.net/airquality-p-e1a/IT/SPO.IT0828A_8_chemi_1993-01-01_00_00_00.parquet","hour"
"Italy","NET.IT112A","Regione Lazio","IT0828A","L.GO MAGNA GRECIA","SPO.IT0828A_9_chemi_1993-01-01_00:00:00","NOX as NO2","Nitrogen oxides (air)","P1Y-hr-per50","1 year 50 percentile","2024","53.279","ug/m3","91.72","1","Traffic","Urban","12.5090","41.8831","37.0","Roma                                                                            ","IT001C1                                           ","2808293","E1a/validated data AQ e-Reporting","07/03/2026 23:00:56","https://eeadmz1batchservice02.blob.core.windows.net/airquality-p-e1a/IT/SPO.IT0828A_9_chemi_1993-01-01_00_00_00.parquet","hour"
"Italy","NET.IT112A","Regione Lazio","IT1836A","CIPRO","SPO.IT1836A_7_UV-P_2006-12-17_00:00:00","O3","Ozone (air)","AOT40cmeasured","AOT40c UNCORRECTED for data capture","2024","289.253","ug/m3","97.92","1","Background","Urban","12.4476","41.9064","24.0","Roma                                                                            ","IT001C1                                           ","2808293","E1a/validated data AQ e-Reporting","07/03/2026 22:17:30","https://eeadmz1batchservice02.blob.core.windows.net/airquality-p-e1a/IT/SPO.IT1836A_7_UV-P_2006-12-17_00_00_00.parquet","hour"
"Italy","NET.IT112A","Regione Lazio","IT1837A","FERMI","SPO.IT1837A_20_GC-PID_2006-12-17_00:00:00","C6H6","Benzene (air)","P1Y","Annual mean / 1 calendar year","2024","1.515","ug/m3","95.61","1","Traffic","Urban","12.4696","41.8640","17.0","Roma                                                                            ","IT001C1                                           ","2808293","E1a/validated data AQ e-Reporting","07/03/2026 22:58:16","https://eeadmz1batchservice02.blob.core.windows.net/airquality-p-e1a/IT/SPO.IT1837A_20_GC-PID_2006-12-17_00_00_00.parquet","hour"
"Italy","NET.IT112A","Regione Lazio","IT0956A","CINECITTA","SPO.IT0956A_8_chemi_1998-01-13_00:00:00","NO2","Nitrogen dioxide (air)","P1Y","Annual mean / 1 calendar year","2024","27.690","ug/m3","93.35","1","Background","Urban","12.5687","41.8577","48.0","Roma                                                                            ","IT001C1                                           ","2808293","E1a/validated data AQ e-Reporting","07/03/2026 22:58:16","https://eeadmz1batchservice02.blob.core.windows.net/airquality-p-e1a/IT/SPO.IT0956A_8_chemi_1998-01-13_00_00_00.parquet","hour"
"Italy","NET.IT112A","Regione Lazio","IT0956A","CINECITTA","SPO.IT0956A_7_UV-P_2006-06-01_00:00:00","O3","Ozone (air)","P1Y-dx-max26","1 year daymax max 26","2024","105.599","ug/m3","93.17","1","Background","Urban","12.5687","41.8577","48.0","Roma                                                                            ","IT001C1                                           ","2808293","E1a/validated data AQ e-Reporting","07/03/2026 23:00:17","https://eeadmz1batchservice02.blob.core.windows.net/airquality-p-e1a/IT/SPO.IT0956A_7_UV-P_2006-06-01_00_00_00.parquet","hour"
"Italy","NET.IT112A","Regione Lazio","IT0956A","CINECITTA","SPO.IT0956A_8_chemi_1998-01-13_00:00:00","NO2","Nitrogen dioxide (air)","P1Y-hr-max19","1 year hour max19","2024","89.023","ug/m3","93.35","1","Background","Urban","12.5687","41.8577","48.0","Roma                                                                            ","IT001C1                                           ","2808293","E1a/validated data AQ e-Reporting","07/03/2026 23:00:28","https://eeadmz1batchservice02.blob.core.windows.net/airquality-p-e1a/IT/SPO.IT0956A_8_chemi_1998-01-13_00_00_00.parquet","hour"
"Italy","NET.IT112A","Regione Lazio","IT1176A","L.GO PERESTRELLO","SPO.IT1176A_7_UV-P_1998-03-17_00:00:00","O3","Ozone (air)","P1Y-day-max","1 year day max","2024","98.093","ug/m3","99.18","1","Background","Urban","12.5416","41.8860","28.0","Roma                                                                            ","IT001C1                                           ","2808293","E1a/validated data AQ e-Reporting","07/03/2026 22:58:50","https://eeadmz1batchservice02.blob.core.windows.net/airquality-p-e1a/IT/SPO.IT1176A_7_UV-P_1998-03-17_00_00_00.parquet","hour"
"Italy","NET.IT112A","Regione Lazio","IT1176A","L.GO PERESTRELLO","SPO.IT1176A_7_UV-P_1998-03-17_00:00:00","O3","Ozone (air)","P1Y-day-min","1 year day min","2024","1.347","ug/m3","99.18","1","Background","Urban","12.5416","41.8860","28.0","Roma                                                                            ","IT001C1                                           ","2808293","E1a/validated data AQ e-Reporting","07/03/2026 22:59:10","https://eeadmz1batchservice02.blob.core.windows.net/airquality-p-e1a/IT/SPO.IT1176A_7_UV-P_1998-03-17_00_00_00.parquet","hour"
"Italy","NET.IT112A","Regione Lazio","IT1176A","L.GO PERESTRELLO","SPO.IT1176A_7_UV-P_1998-03-17_00:00:00","O3","Ozone (air)","P1Y-dmaxAbove120","1 year daymax exceed 120","2024","21.000","count","98.91","1","Background","Urban","12.5416","41.8860","28.0","Roma                                                                            ","IT001C1                                           ","2808293","E1a/validated data AQ e-Reporting","07/03/2026 22:59:53","https://eeadmz1batchservice02.blob.core.windows.net/airquality-p-e1a/IT/SPO.IT1176A_7_UV-P_1998-03-17_00_00_00.parquet","hour"
"Italy","NET.IT112A","Regione Lazio","IT1176A","L.GO PERESTRELLO","SPO.IT1176A_7_UV-P_1998-03-17_00:00:00","O3","Ozone (air)","SOMO10","Sum of Ozone Means Over 10 ppb","2024","19142.870","ug/m3","98.91","1","Background","Urban","12.5416","41.8860","28.0","Roma                                                                            ","IT001C1                                           ","2808293","E1a/validated data AQ e-Reporting","07/03/2026 23:07:21","https://eeadmz1batchservice02.blob.core.windows.net/airquality-p-e1a/IT/SPO.IT1176A_7_UV-P_1998-03-17_00_00_00.parquet","hour"
"Italy","NET.IT112A","Regione Lazio","IT1176A","L.GO PERESTRELLO","SPO.IT1176A_8_chemi_1998-03-17_00:00:00","NO2","Nitrogen dioxide (air)","P1Y","Annual mean / 1 calendar year","2024","24.463","ug/m3","95.38","1","Background","Urban","12.5416","41.8860","28.0","Roma                                                                            ","IT001C1                                           ","2808293","E1a/validated data AQ e-Reporting","07/03/2026 22:58:16","https://eeadmz1batchservice02.blob.core.windows.net/airquality-p-e1a/IT/SPO.IT1176A_8_chemi_1998-03-17_00_00_00.parquet","hour"
"Italy","NET.IT112A","Regione Lazio","IT1836A","CIPRO","SPO.IT1836A_38_chemi_2006-12-17_00:00:00","NO","Nitrogen monoxide (air)","P1Y-day-min","1 year day min","2024","0.487","ug/m3","99.73","1","Background","Urban","12.4476","41.9064","24.0","Roma                                                                            ","IT001C1                                           ","2808293","E1a/validated data AQ e-Reporting","07/03/2026 22:59:10","https://eeadmz1batchservice02.blob.core.windows.net/airquality-p-e1a/IT/SPO.IT1836A_38_chemi_2006-12-17_00_00_00.parquet","hour"
"Italy","NET.IT112A","Regione Lazio","IT1836A","CIPRO","SPO.IT1836A_7_UV-P_2006-12-17_00:00:00","O3","Ozone (air)","AOT40f","AOT40 for forest protection","2024","749.278","ug/m3","98.86","1","Background","Urban","12.4476","41.9064","24.0","Roma                                                                            ","IT001C1                                           ","2808293","E1a/validated data AQ e-Reporting","07/03/2026 22:17:37","https://eeadmz1batchservice02.blob.core.windows.net/airquality-p-e1a/IT/SPO.IT1836A_7_UV-P_2006-12-17_00_00_00.parquet","hour"
"Italy","NET.IT112A","Regione Lazio","IT1836A","CIPRO","SPO.IT1836A_7_UV-P_2006-12-17_00:00:00","O3","Ozone (air)","P1Y-dmaxAbove100","1 year daymax exceed 100","2024","1.000","count","98.63","1","Background","Urban","12.4476","41.9064","24.0","Roma                                                                            ","IT001C1                                           ","2808293","E1a/validated data AQ e-Reporting","07/03/2026 22:59:50","https://eeadmz1batchservice02.blob.core.windows.net/airquality-p-e1a/IT/SPO.IT1836A_7_UV-P_2006-12-17_00_00_00.parquet","hour"
"Italy","NET.IT112A","Regione Lazio","IT0828A","L.GO MAGNA GRECIA","SPO.IT0828A_9_chemi_1993-01-01_00:00:00","NOX as NO2","Nitrogen oxides (air)","P1Y-day-min","1 year day min","2024","14.402","ug/m3","94.81","1","Traffic","Urban","12.5090","41.8831","37.0","Roma                                                                            ","IT001C1                                           ","2808293","E1a/validated data AQ e-Reporting","07/03/2026 22:59:10","https://eeadmz1batchservice02.blob.core.windows.net/airquality-p-e1a/IT/SPO.IT0828A_9_chemi_1993-01-01_00_00_00.parquet","hour"
"Italy","NET.IT112A","Regione Lazio","IT1906A","ARENULA","SPO.IT1906A_38_chemi_2008-02-03_00:00:00","NO","Nitrogen monoxide (air)","P1Y-hr-min","1 year hour min","2024","-0.325","ug/m3","95.39","1","Background","Urban","12.4754","41.8940","17.0","Roma                                                                            ","IT001C1                                           ","2808293","E1a/validated data AQ e-Reporting","07/03/2026 23:00:48","https://eeadmz1batchservice02.blob.core.windows.net/airquality-p-e1a/IT/SPO.IT1906A_38_chemi_2008-02-03_00_00_00.parquet","hour"
"Italy","NET.IT112A","Regione Lazio","IT1836A","CIPRO","SPO.IT1836A_7_UV-P_2006-12-17_00:00:00","O3","Ozone (air)","P1Y-hr-per50","1 year 50 percentile","2024","36.533","ug/m3","99.49","1","Background","Urban","12.4476","41.9064","24.0","Roma                                                                            ","IT001C1                                           ","2808293","E1a/validated data AQ e-Reporting","07/03/2026 23:00:56","https://eeadmz1batchservice02.blob.core.windows.net/airquality-p-e1a/IT/SPO.IT1836A_7_UV-P_2006-12-17_00_00_00.parquet","hour"
"Italy","NET.IT112A","Regione Lazio","IT1835A","BUFALOTTA","SPO.IT1835A_9_chemi_2019-03-18_00:00:00","NOX as NO2","Nitrogen oxides (air)","P1Y","Annual mean / 1 calendar year","2024","44.976","ug/m3","92.70","1","Background","Urban","12.5337","41.9477","36.0","Roma                                                                            ","IT001C1                                           ","2808293","E1a/validated data AQ e-Reporting","07/03/2026 22:58:16","https://eeadmz1batchservice02.blob.core.windows.net/airquality-p-e1a/IT/SPO.IT1835A_9_chemi_2019-03-18_00_00_00.parquet","hour"
"Italy","NET.IT112A","Regione Lazio","IT1836A","CIPRO","SPO.IT1836A_7_UV-P_2006-12-17_00:00:00","O3","Ozone (air)","SOMO35","Sum of Ozone Means Over 35 ppb","2024","500.575","ug/m3","98.63","1","Background","Urban","12.4476","41.9064","24.0","Roma                                                                            ","IT001C1                                           ","2808293","E1a/validated data AQ e-Reporting","07/03/2026 23:07:25","https://eeadmz1batchservice02.blob.core.windows.net/airquality-p-e1a/IT/SPO.IT1836A_7_UV-P_2006-12-17_00_00_00.parquet","hour"
"Italy","NET.IT112A","Regione Lazio","IT1836A","CIPRO","SPO.IT1836A_7_UV-P_2006-12-17_00:00:00","O3","Ozone (air)","AOT40c-P5Y","AOT40 vegetation protection averaged over 5 years","2024","4490.894","ug/m3","97.43","1","Background","Urban","12.4476","41.9064","24.0","Roma                                                                            ","IT001C1                                           ","2808293","E1a/validated data AQ e-Reporting","07/03/2026 22:17:34","https://eeadmz1batchservice02.blob.core.windows.net/airquality-p-e1a/IT/SPO.IT1836A_7_UV-P_2006-12-17_00_00_00.parquet","hour"
"Italy","NET.IT112A","Regione Lazio","IT1837A","FERMI","SPO.IT1837A_38_chemi_2006-12-17_00:00:00","NO","Nitrogen monoxide (air)","P1Y","Annual mean / 1 calendar year","2024","38.311","ug/m3","95.26","1","Traffic","Urban","12.4696","41.8640","17.0","Roma                                                                            ","IT001C1                                           ","2808293","E1a/validated data AQ e-Reporting","07/03/2026 22:58:16","https://eeadmz1batchservice02.blob.core.windows.net/airquality-p-e1a/IT/SPO.IT1837A_38_chemi_2006-12-17_00_00_00.parquet","hour"
"Italy","NET.IT112A","Regione Lazio","IT1837A","FERMI","SPO.IT1837A_464_other_2006-12-17_00:00:00","m,p-C6H4(CH3)2","m,p-Xylene (air)","P1Y-day-max","1 year day max","2024","33.482","ug/m3","98.09","1","Traffic","Urban","12.4696","41.8640","17.0","Roma                                                                            ","IT001C1                                           ","2808293","E1a/validated data AQ e-Reporting","07/03/2026 22:58:50","https://eeadmz1batchservice02.blob.core.windows.net/airquality-p-e1a/IT/SPO.IT1837A_464_other_2006-12-17_00_00_00.parquet","hour"
"Italy","NET.IT112A","Regione Lazio","IT1837A","FERMI","SPO.IT1837A_464_other_2006-12-17_00:00:00","m,p-C6H4(CH3)2","m,p-Xylene (air)","P1Y-hr-max","1 year hour max","2024","148.585","ug/m3","96.33","1","Traffic","Urban","12.4696","41.8640","17.0","Roma                                                                            ","IT001C1                                           ","2808293","E1a/validated data AQ e-Reporting","07/03/2026 23:00:20","https://eeadmz1batchservice02.blob.core.windows.net/airquality-p-e1a/IT/SPO.IT1837A_464_other_2006-12-17_00_00_00.parquet","hour"
"Italy","NET.IT112A","Regione Lazio","IT1176A","L.GO PERESTRELLO","SPO.IT1176A_9_chemi_1998-03-17_00:00:00","NOX as NO2","Nitrogen oxides (air)","P1Y-hr-min","1 year hour min","2024","1.837","ug/m3","95.42","1","Background","Urban","12.5416","41.8860","28.0","Roma                                                                            ","IT001C1                                           ","2808293","E1a/validated data AQ e-Reporting","07/03/2026 23:00:48","https://eeadmz1batchservice02.blob.core.windows.net/airquality-p-e1a/IT/SPO.IT1176A_9_chemi_1998-03-17_00_00_00.parquet","hour"
"Italy","NET.IT112A","Regione Lazio","IT1837A","FERMI","SPO.IT1837A_8_chemi_2006-12-17_00:00:00","NO2","Nitrogen dioxide (air)","P1Y-P1D-per95.07","1 year 95.07 percentile of daily means (P1D) or .../aq/primaryObservation/day","2024","76.519","ug/m3","98.63","1","Traffic","Urban","12.4696","41.8640","17.0","Roma                                                                            ","IT001C1                                           ","2808293","E1a/validated data AQ e-Reporting","07/03/2026 23:01:41","https://eeadmz1batchservice02.blob.core.windows.net/airquality-p-e1a/IT/SPO.IT1837A_8_chemi_2006-12-17_00_00_00.parquet","hour"
"Italy","NET.IT112A","Regione Lazio","IT1837A","FERMI","SPO.IT1837A_8_chemi_2006-12-17_00:00:00","NO2","Nitrogen dioxide (air)","P1Y-P1D-per99","1 year 99 percentile of daily means (P1D) or .../aq/primaryObservation/day","2024","82.449","ug/m3","98.63","1","Traffic","Urban","12.4696","41.8640","17.0","Roma                                                                            ","IT001C1                                           ","2808293","E1a/validated data AQ e-Reporting","07/03/2026 23:01:47","https://eeadmz1batchservice02.blob.core.windows.net/airquality-p-e1a/IT/SPO.IT1837A_8_chemi_2006-12-17_00_00_00.parquet","hour"
"Italy","NET.IT112A","Regione Lazio","IT1837A","FERMI","SPO.IT1837A_9_chemi_2006-12-17_00:00:00","NOX as NO2","Nitrogen oxides (air)","P1Y","Annual mean / 1 calendar year","2024","102.232","ug/m3","95.31","1","Traffic","Urban","12.4696","41.8640","17.0","Roma                                                                            ","IT001C1                                           ","2808293","E1a/validated data AQ e-Reporting","07/03/2026 22:58:16","https://eeadmz1batchservice02.blob.core.windows.net/airquality-p-e1a/IT/SPO.IT1837A_9_chemi_2006-12-17_00_00_00.parquet","hour"
"Italy","NET.IT112A","Regione Lazio","IT1836A","CIPRO","SPO.IT1836A_7_UV-P_2006-12-17_00:00:00","O3","Ozone (air)","P1Y-day-min","1 year day min","2024","3.521","ug/m3","98.91","1","Background","Urban","12.4476","41.9064","24.0","Roma                                                                            ","IT001C1                                           ","2808293","E1a/validated data AQ e-Reporting","07/03/2026 22:59:10","https://eeadmz1batchservice02.blob.core.windows.net/airquality-p-e1a/IT/SPO.IT1836A_7_UV-P_2006-12-17_00_00_00.parquet","hour"
"Italy","NET.IT112A","Regione Lazio","IT1836A","CIPRO","SPO.IT1836A_9_chemi_2006-12-17_00:00:00","NOX as NO2","Nitrogen oxides (air)","P1Y-day-max","1 year day max","2024","174.772","ug/m3","99.73","1","Background","Urban","12.4476","41.9064","24.0","Roma                                                                            ","IT001C1                                           ","2808293","E1a/validated data AQ e-Reporting","07/03/2026 22:58:50","https://eeadmz1batchservice02.blob.core.windows.net/airquality-p-e1a/IT/SPO.IT1836A_9_chemi_2006-12-17_00_00_00.parquet","hour"
"Italy","NET.IT112A","Regione Lazio","IT1836A","CIPRO","SPO.IT1836A_7_UV-P_2006-12-17_00:00:00","O3","Ozone (air)","P1Y-hr-min","1 year hour min","2024","0.187","ug/m3","99.49","1","Background","Urban","12.4476","41.9064","24.0","Roma                                                                            ","IT001C1                                           ","2808293","E1a/validated data AQ e-Reporting","07/03/2026 23:00:48","https://eeadmz1batchservice02.blob.core.windows.net/airquality-p-e1a/IT/SPO.IT1836A_7_UV-P_2006-12-17_00_00_00.parquet","hour"
"Italy","NET.IT112A","Regione Lazio","IT1836A","CIPRO","SPO.IT1836A_7_UV-P_2006-12-17_00:00:00","O3","Ozone (air)","P1Y-maxP6M-P8H-dmax","Yearly highest six monthly average of daily maximum 8-hour mean concentration","2024","66.615","ug/m3","100.00","1","Background","Urban","12.4476","41.9064","24.0","Roma                                                                            ","IT001C1                                           ","2808293","E1a/validated data AQ e-Reporting","07/03/2026 23:01:29","https://eeadmz1batchservice02.blob.core.windows.net/airquality-p-e1a/IT/SPO.IT1836A_7_UV-P_2006-12-17_00_00_00.parquet","hour"
"Italy","NET.IT112A","Regione Lazio","IT1837A","FERMI","SPO.IT1837A_10_NDIR_2006-12-17_00:00:00","CO","Carbon monoxide (air)","P1Y-P1D-per95.07","1 year 95.07 percentile of daily means (P1D) or .../aq/primaryObservation/day","2024","1.493","mg/m3","99.18","1","Traffic","Urban","12.4696","41.8640","17.0","Roma                                                                            ","IT001C1                                           ","2808293","E1a/validated data AQ e-Reporting","07/03/2026 23:01:41","https://eeadmz1batchservice02.blob.core.windows.net/airquality-p-e1a/IT/SPO.IT1837A_10_NDIR_2006-12-17_00_00_00.parquet","hour"
"Italy","NET.IT112A","Regione Lazio","IT1836A","CIPRO","SPO.IT1836A_7_UV-P_2006-12-17_00:00:00","O3","Ozone (air)","SOMO10","Sum of Ozone Means Over 10 ppb","2024","12529.741","ug/m3","98.63","1","Background","Urban","12.4476","41.9064","24.0","Roma                                                                            ","IT001C1                                           ","2808293","E1a/validated data AQ e-Reporting","07/03/2026 23:07:21","https://eeadmz1batchservice02.blob.core.windows.net/airquality-p-e1a/IT/SPO.IT1836A_7_UV-P_2006-12-17_00_00_00.parquet","hour"
"Italy","NET.IT112A","Regione Lazio","IT1837A","FERMI","SPO.IT1837A_20_GC-PID_2006-12-17_00:00:00","C6H6","Benzene (air)","P1Y-day-min","1 year day min","2024","0.095","ug/m3","96.99","1","Traffic","Urban","12.4696","41.8640","17.0","Roma                                                                            ","IT001C1                                           ","2808293","E1a/validated data AQ e-Reporting","07/03/2026 22:59:10","https://eeadmz1batchservice02.blob.core.windows.net/airquality-p-e1a/IT/SPO.IT1837A_20_GC-PID_2006-12-17_00_00_00.parquet","hour"
"Italy","NET.IT112A","Regione Lazio","IT1837A","FERMI","SPO.IT1837A_20_GC-PID_2006-12-17_00:00:00","C6H6","Benzene (air)","P1Y-hr-per50","1 year 50 percentile","2024","0.924","ug/m3","95.61","1","Traffic","Urban","12.4696","41.8640","17.0","Roma                                                                            ","IT001C1                                           ","2808293","E1a/validated data AQ e-Reporting","07/03/2026 23:00:56","https://eeadmz1batchservice02.blob.core.windows.net/airquality-p-e1a/IT/SPO.IT1837A_20_GC-PID_2006-12-17_00_00_00.parquet","hour"
"Italy","NET.IT112A","Regione Lazio","IT1837A","FERMI","SPO.IT1837A_10_NDIR_2006-12-17_00:00:00","CO","Carbon monoxide (air)","P1Y-day-per50","1 year 50 %ile of daily values in a year","2024","0.731","mg/m3","99.18","1","Traffic","Urban","12.4696","41.8640","17.0","Roma                                                                            ","IT001C1                                           ","2808293","E1a/validated data AQ e-Reporting","07/03/2026 22:59:18","https://eeadmz1batchservice02.blob.core.windows.net/airquality-p-e1a/IT/SPO.IT1837A_10_NDIR_2006-12-17_00_00_00.parquet","hour"
"Italy","NET.IT112A","Regione Lazio","IT0953A","VILLA ADA","SPO.IT0953A_1_UV-FL_1997-01-01_00:00:00","SO2","Sulphur dioxide (air)","P1Y-day-max-per99.18","1 year 99.18 percentile of daily maximum","2024","5.362","ug/m3","93.44","1","Background","Urban","12.5069","41.9329","50.0","Roma                                                                            ","IT001C1                                           ","2808293","E1a/validated data AQ e-Reporting","07/03/2026 22:59:06","https://eeadmz1batchservice02.blob.core.windows.net/airquality-p-e1a/IT/SPO.IT0953A_1_UV-FL_1997-01-01_00_00_00.parquet","hour"
"Italy","NET.IT112A","Regione Lazio","IT0953A","VILLA ADA","SPO.IT0953A_1_UV-FL_1997-01-01_00:00:00","SO2","Sulphur dioxide (air)","P1Y-hr-per50","1 year 50 percentile","2024","1.351","ug/m3","91.42","1","Background","Urban","12.5069","41.9329","50.0","Roma                                                                            ","IT001C1                                           ","2808293","E1a/validated data AQ e-Reporting","07/03/2026 23:00:56","https://eeadmz1batchservice02.blob.core.windows.net/airquality-p-e1a/IT/SPO.IT0953A_1_UV-FL_1997-01-01_00_00_00.parquet","hour"
"Italy","NET.IT112A","Regione Lazio","IT1837A","FERMI","SPO.IT1837A_9_chemi_2006-12-17_00:00:00","NOX as NO2","Nitrogen oxides (air)","P1Y-day-min","1 year day min","2024","25.771","ug/m3","98.91","1","Traffic","Urban","12.4696","41.8640","17.0","Roma                                                                            ","IT001C1                                           ","2808293","E1a/validated data AQ e-Reporting","07/03/2026 22:59:10","https://eeadmz1batchservice02.blob.core.windows.net/airquality-p-e1a/IT/SPO.IT1837A_9_chemi_2006-12-17_00_00_00.parquet","hour"
"Italy","NET.IT112A","Regione Lazio","IT1837A","FERMI","SPO.IT1837A_9_chemi_2006-12-17_00:00:00","NOX as NO2","Nitrogen oxides (air)","P1Y-hr-max","1 year hour max","2024","541.262","ug/m3","95.31","1","Traffic","Urban","12.4696","41.8640","17.0","Roma                                                                            ","IT001C1                                           ","2808293","E1a/validated data AQ e-Reporting","07/03/2026 23:00:20","https://eeadmz1batchservice02.blob.core.windows.net/airquality-p-e1a/IT/SPO.IT1837A_9_chemi_2006-12-17_00_00_00.parquet","hour"
"Italy","NET.IT112A","Regione Lazio","IT0953A","VILLA ADA","SPO.IT0953A_20_GC-FID_1997-10-01_00:00:00","C6H6","Benzene (air)","P1Y-hr-per50","1 year 50 percentile","2024","0.294","ug/m3","93.47","1","Background","Urban","12.5069","41.9329","50.0","Roma                                                                            ","IT001C1                                           ","2808293","E1a/validated data AQ e-Reporting","07/03/2026 23:00:56","https://eeadmz1batchservice02.blob.core.windows.net/airquality-p-e1a/IT/SPO.IT0953A_20_GC-FID_1997-10-01_00_00_00.parquet","hour"
"Italy","NET.IT112A","Regione Lazio","IT0953A","VILLA ADA","SPO.IT0953A_21_GC-FID_1997-10-01_00:00:00","C6H5-CH3","Toluene (air)","P1Y-hr-per50","1 year 50 percentile","2024","0.938","ug/m3","93.84","1","Background","Urban","12.5069","41.9329","50.0","Roma                                                                            ","IT001C1                                           ","2808293","E1a/validated data AQ e-Reporting","07/03/2026 23:00:56","https://eeadmz1batchservice02.blob.core.windows.net/airquality-p-e1a/IT/SPO.IT0953A_21_GC-FID_1997-10-01_00_00_00.parquet","hour"
"Italy","NET.IT112A","Regione Lazio","IT0953A","VILLA ADA","SPO.IT0953A_38_chemi_1997-01-01_00:00:00","NO","Nitrogen monoxide (air)","P1Y-hr-max","1 year hour max","2024","136.489","ug/m3","90.99","1","Background","Urban","12.5069","41.9329","50.0","Roma                                                                            ","IT001C1                                           ","2808293","E1a/validated data AQ e-Reporting","07/03/2026 23:00:20","https://eeadmz1batchservice02.blob.core.windows.net/airquality-p-e1a/IT/SPO.IT0953A_38_chemi_1997-01-01_00_00_00.parquet","hour"
"Italy","NET.IT112A","Regione Lazio","IT0953A","VILLA ADA","SPO.IT0953A_38_chemi_1997-01-01_00:00:00","NO","Nitrogen monoxide (air)","P1Y-hr-per50","1 year 50 percentile","2024","0.923","ug/m3","90.99","1","Background","Urban","12.5069","41.9329","50.0","Roma                                                                            ","IT001C1                                           ","2808293","E1a/validated data AQ e-Reporting","07/03/2026 23:00:56","https://eeadmz1batchservice02.blob.core.windows.net/airquality-p-e1a/IT/SPO.IT0953A_38_chemi_1997-01-01_00_00_00.parquet","hour"
"Italy","NET.IT112A","Regione Lazio","IT0953A","VILLA ADA","SPO.IT0953A_431_other_1997-10-01_00:00:00","C6H5-C2H5","Ethyl benzene (air)","P1Y-day-per50","1 year 50 %ile of daily values in a year","2024","0.036","ug/m3","92.90","1","Background","Urban","12.5069","41.9329","50.0","Roma                                                                            ","IT001C1                                           ","2808293","E1a/validated data AQ e-Reporting","07/03/2026 22:59:18","https://eeadmz1batchservice02.blob.core.windows.net/airquality-p-e1a/IT/SPO.IT0953A_431_other_1997-10-01_00_00_00.parquet","hour"
"Italy","NET.IT112A","Regione Lazio","IT1837A","FERMI","SPO.IT1837A_38_chemi_2006-12-17_00:00:00","NO","Nitrogen monoxide (air)","P1Y-hr-per50","1 year 50 percentile","2024","26.860","ug/m3","95.26","1","Traffic","Urban","12.4696","41.8640","17.0","Roma                                                                            ","IT001C1                                           ","2808293","E1a/validated data AQ e-Reporting","07/03/2026 23:00:56","https://eeadmz1batchservice02.blob.core.windows.net/airquality-p-e1a/IT/SPO.IT1837A_38_chemi_2006-12-17_00_00_00.parquet","hour"
"Italy","NET.IT112A","Regione Lazio","IT1837A","FERMI","SPO.IT1837A_482_other_2006-12-17_00:00:00","o-C6H4-(CH3)2","o-Xylene (air)","P1Y-hr-min","1 year hour min","2024","0.000","ug/m3","96.33","1","Traffic","Urban","12.4696","41.8640","17.0","Roma                                                                            ","IT001C1                                           ","2808293","E1a/validated data AQ e-Reporting","07/03/2026 23:00:48","https://eeadmz1batchservice02.blob.core.windows.net/airquality-p-e1a/IT/SPO.IT1837A_482_other_2006-12-17_00_00_00.parquet","hour"
"Italy","NET.IT112A","Regione Lazio","IT1837A","FERMI","SPO.IT1837A_8_chemi_2006-12-17_00:00:00","NO2","Nitrogen dioxide (air)","P1Y-hr-max19","1 year hour max19","2024","116.890","ug/m3","95.06","1","Traffic","Urban","12.4696","41.8640","17.0","Roma                                                                            ","IT001C1                                           ","2808293","E1a/validated data AQ e-Reporting","07/03/2026 23:00:28","https://eeadmz1batchservice02.blob.core.windows.net/airquality-p-e1a/IT/SPO.IT1837A_8_chemi_2006-12-17_00_00_00.parquet","hour"
"Italy","NET.IT112A","Regione Lazio","IT1837A","FERMI","SPO.IT1837A_8_chemi_2006-12-17_00:00:00","NO2","Nitrogen dioxide (air)","P1Y-hr-max-per99.97","1 year 99.97 %ile of hourly values in a given year","2024","124.855","ug/m3","95.06","1","Traffic","Urban","12.4696","41.8640","17.0","Roma                                                                            ","IT001C1                                           ","2808293","E1a/validated data AQ e-Reporting","07/03/2026 23:00:44","https://eeadmz1batchservice02.blob.core.windows.net/airquality-p-e1a/IT/SPO.IT1837A_8_chemi_2006-12-17_00_00_00.parquet","hour"
"Italy","NET.IT112A","Regione Lazio","IT1837A","FERMI","SPO.IT1837A_8_chemi_2006-12-17_00:00:00","NO2","Nitrogen dioxide (air)","P3Y","3 subsequent calendar years mean","2024","45.310","ug/m3","92.80","1","Traffic","Urban","12.4696","41.8640","17.0","Roma                                                                            ","IT001C1                                           ","2808293","E1a/validated data AQ e-Reporting","07/03/2026 23:01:54","https://eeadmz1batchservice02.blob.core.windows.net/airquality-p-e1a/IT/SPO.IT1837A_8_chemi_2006-12-17_00_00_00.parquet","hour"
"Italy","NET.IT112A","Regione Lazio","IT1837A","FERMI","SPO.IT1837A_20_GC-PID_2006-12-17_00:00:00","C6H6","Benzene (air)","P1Y-hr-min","1 year hour min","2024","0.000","ug/m3","95.61","1","Traffic","Urban","12.4696","41.8640","17.0","Roma                                                                            ","IT001C1                                           ","2808293","E1a/validated data AQ e-Reporting","07/03/2026 23:00:48","https://eeadmz1batchservice02.blob.core.windows.net/airquality-p-e1a/IT/SPO.IT1837A_20_GC-PID_2006-12-17_00_00_00.parquet","hour"
"Italy","NET.IT112A","Regione Lazio","IT1837A","FERMI","SPO.IT1837A_21_other_2006-12-17_00:00:00","C6H5-CH3","Toluene (air)","P1Y","Annual mean / 1 calendar year","2024","6.522","ug/m3","96.04","1","Traffic","Urban","12.4696","41.8640","17.0","Roma                                                                            ","IT001C1                                           ","2808293","E1a/validated data AQ e-Reporting","07/03/2026 22:58:16","https://eeadmz1batchservice02.blob.core.windows.net/airquality-p-e1a/IT/SPO.IT1837A_21_other_2006-12-17_00_00_00.parquet","hour"
"Italy","NET.IT112A","Regione Lazio","IT1837A","FERMI","SPO.IT1837A_482_other_2006-12-17_00:00:00","o-C6H4-(CH3)2","o-Xylene (air)","P1Y","Annual mean / 1 calendar year","2024","1.381","ug/m3","96.33","1","Traffic","Urban","12.4696","41.8640","17.0","Roma                                                                            ","IT001C1                                           ","2808293","E1a/validated data AQ e-Reporting","07/03/2026 22:58:16","https://eeadmz1batchservice02.blob.core.windows.net/airquality-p-e1a/IT/SPO.IT1837A_482_other_2006-12-17_00_00_00.parquet","hour"
"Italy","NET.IT112A","Regione Lazio","IT1837A","FERMI","SPO.IT1837A_482_other_2006-12-17_00:00:00","o-C6H4-(CH3)2","o-Xylene (air)","P1Y-day-max","1 year day max","2024","16.204","ug/m3","98.09","1","Traffic","Urban","12.4696","41.8640","17.0","Roma                                                                            ","IT001C1                                           ","2808293","E1a/validated data AQ e-Reporting","07/03/2026 22:58:50","https://eeadmz1batchservice02.blob.core.windows.net/airquality-p-e1a/IT/SPO.IT1837A_482_other_2006-12-17_00_00_00.parquet","hour"
"Italy","NET.IT112A","Regione Lazio","IT1834A","TIBURTINA","SPO.IT1834A_8_chemi_2006-12-06_00:00:00","NO2","Nitrogen dioxide (air)","P1Y-hr-max-per99.79","1 year 99.79 %ile of hourly values in a given year","2024","108.277","ug/m3","95.22","1","Traffic","Urban","12.5489","41.9103","26.0","Roma                                                                            ","IT001C1                                           ","2808293","E1a/validated data AQ e-Reporting","07/03/2026 23:00:40","https://eeadmz1batchservice02.blob.core.windows.net/airquality-p-e1a/IT/SPO.IT1834A_8_chemi_2006-12-06_00_00_00.parquet","hour"
"Italy","NET.IT112A","Regione Lazio","IT0953A","VILLA ADA","SPO.IT0953A_7_UV-P_1997-01-30_00:00:00","O3","Ozone (air)","AOT40c-P5Y","AOT40 vegetation protection averaged over 5 years","2024","12000.533","ug/m3","97.43","1","Background","Urban","12.5069","41.9329","50.0","Roma                                                                            ","IT001C1                                           ","2808293","E1a/validated data AQ e-Reporting","07/03/2026 22:17:34","https://eeadmz1batchservice02.blob.core.windows.net/airquality-p-e1a/IT/SPO.IT0953A_7_UV-P_1997-01-30_00_00_00.parquet","hour"
"Italy","NET.IT112A","Regione Lazio","IT0953A","VILLA ADA","SPO.IT0953A_7_UV-P_1997-01-30_00:00:00","O3","Ozone (air)","P1Y-dmaxAbove120","1 year daymax exceed 120","2024","24.000","count","93.99","1","Background","Urban","12.5069","41.9329","50.0","Roma                                                                            ","IT001C1                                           ","2808293","E1a/validated data AQ e-Reporting","07/03/2026 22:59:53","https://eeadmz1batchservice02.blob.core.windows.net/airquality-p-e1a/IT/SPO.IT0953A_7_UV-P_1997-01-30_00_00_00.parquet","hour"
"Italy","NET.IT112A","Regione Lazio","IT0953A","VILLA ADA","SPO.IT0953A_7_UV-P_1997-01-30_00:00:00","O3","Ozone (air)","summer-avg","Summer mean","2024","63.674","ug/m3","96.52","1","Background","Urban","12.5069","41.9329","50.0","Roma                                                                            ","IT001C1                                           ","2808293","E1a/validated data AQ e-Reporting","07/03/2026 23:07:29","https://eeadmz1batchservice02.blob.core.windows.net/airquality-p-e1a/IT/SPO.IT0953A_7_UV-P_1997-01-30_00_00_00.parquet","hour"
"Italy","NET.IT112A","Regione Lazio","IT0953A","VILLA ADA","SPO.IT0953A_8_chemi_1998-01-01_00:00:00","NO2","Nitrogen dioxide (air)","P1Y-hrsAbove400","1 year hour exceed 400","2024","0.000","count","91.89","1","Background","Urban","12.5069","41.9329","50.0","Roma                                                                            ","IT001C1                                           ","2808293","E1a/validated data AQ e-Reporting","07/03/2026 23:01:25","https://eeadmz1batchservice02.blob.core.windows.net/airquality-p-e1a/IT/SPO.IT0953A_8_chemi_1998-01-01_00_00_00.parquet","hour"
"Italy","NET.IT112A","Regione Lazio","IT1906A","ARENULA","SPO.IT1906A_38_chemi_2008-02-03_00:00:00","NO","Nitrogen monoxide (air)","P1Y-day-max","1 year day max","2024","89.710","ug/m3","99.45","1","Background","Urban","12.4754","41.8940","17.0","Roma                                                                            ","IT001C1                                           ","2808293","E1a/validated data AQ e-Reporting","07/03/2026 22:58:50","https://eeadmz1batchservice02.blob.core.windows.net/airquality-p-e1a/IT/SPO.IT1906A_38_chemi_2008-02-03_00_00_00.parquet","hour"
"Italy","NET.IT112A","Regione Lazio","IT1906A","ARENULA","SPO.IT1906A_38_chemi_2008-02-03_00:00:00","NO","Nitrogen monoxide (air)","P1Y-hr-max","1 year hour max","2024","268.256","ug/m3","95.39","1","Background","Urban","12.4754","41.8940","17.0","Roma                                                                            ","IT001C1                                           ","2808293","E1a/validated data AQ e-Reporting","07/03/2026 23:00:20","https://eeadmz1batchservice02.blob.core.windows.net/airquality-p-e1a/IT/SPO.IT1906A_38_chemi_2008-02-03_00_00_00.parquet","hour"
"Italy","NET.IT112A","Regione Lazio","IT1906A","ARENULA","SPO.IT1906A_7_UV-P_2009-11-29_00:00:00","O3","Ozone (air)","AOT40c","AOT40 vegetation protection","2024","188.618","ug/m3","97.74","1","Background","Urban","12.4754","41.8940","17.0","Roma                                                                            ","IT001C1                                           ","2808293","E1a/validated data AQ e-Reporting","07/03/2026 22:17:26","https://eeadmz1batchservice02.blob.core.windows.net/airquality-p-e1a/IT/SPO.IT1906A_7_UV-P_2009-11-29_00_00_00.parquet","hour"
"Italy","NET.IT112A","Regione Lazio","IT1906A","ARENULA","SPO.IT1906A_7_UV-P_2009-11-29_00:00:00","O3","Ozone (air)","P1Y-dmaxAbove100","1 year daymax exceed 100","2024","0.000","count","97.81","1","Background","Urban","12.4754","41.8940","17.0","Roma                                                                            ","IT001C1                                           ","2808293","E1a/validated data AQ e-Reporting","07/03/2026 22:59:50","https://eeadmz1batchservice02.blob.core.windows.net/airquality-p-e1a/IT/SPO.IT1906A_7_UV-P_2009-11-29_00_00_00.parquet","hour"
"Italy","NET.IT112A","Regione Lazio","IT0825A","C.SO FRANCIA","SPO.IT0825A_21_other_2006-07-26_00:00:00","C6H5-CH3","Toluene (air)","P1Y-day-min","1 year day min","2024","0.352","ug/m3","96.17","1","Traffic","Urban","12.4696","41.9474","35.0","Roma                                                                            ","IT001C1                                           ","2808293","E1a/validated data AQ e-Reporting","07/03/2026 22:59:10","https://eeadmz1batchservice02.blob.core.windows.net/airquality-p-e1a/IT/SPO.IT0825A_21_other_2006-07-26_00_00_00.parquet","hour"
"Italy","NET.IT112A","Regione Lazio","IT1906A","ARENULA","SPO.IT1906A_7_UV-P_2009-11-29_00:00:00","O3","Ozone (air)","P1Y-dx-max","1 year day max max","2024","91.241","ug/m3","97.81","1","Background","Urban","12.4754","41.8940","17.0","Roma                                                                            ","IT001C1                                           ","2808293","E1a/validated data AQ e-Reporting","07/03/2026 23:00:13","https://eeadmz1batchservice02.blob.core.windows.net/airquality-p-e1a/IT/SPO.IT1906A_7_UV-P_2009-11-29_00_00_00.parquet","hour"
"Italy","NET.IT112A","Regione Lazio","IT0825A","C.SO FRANCIA","SPO.IT0825A_431_other_2006-07-26_00:00:00","C6H5-C2H5","Ethyl benzene (air)","P1Y-day-min","1 year day min","2024","0.000","ug/m3","96.17","1","Traffic","Urban","12.4696","41.9474","35.0","Roma                                                                            ","IT001C1                                           ","2808293","E1a/validated data AQ e-Reporting","07/03/2026 22:59:10","https://eeadmz1batchservice02.blob.core.windows.net/airquality-p-e1a/IT/SPO.IT0825A_431_other_2006-07-26_00_00_00.parquet","hour"
"Italy","NET.IT112A","Regione Lazio","IT1906A","ARENULA","SPO.IT1906A_7_UV-P_2009-11-29_00:00:00","O3","Ozone (air)","P1Y-hrsAbove180","1 year hour exceed 180","2024","0.000","count","98.01","1","Background","Urban","12.4754","41.8940","17.0","Roma                                                                            ","IT001C1                                           ","2808293","E1a/validated data AQ e-Reporting","07/03/2026 23:01:07","https://eeadmz1batchservice02.blob.core.windows.net/airquality-p-e1a/IT/SPO.IT1906A_7_UV-P_2009-11-29_00_00_00.parquet","hour"
"Italy","NET.IT112A","Regione Lazio","IT1906A","ARENULA","SPO.IT1906A_7_UV-P_2009-11-29_00:00:00","O3","Ozone (air)","P1Y-hrsAbove240","1 year hour exceed 240","2024","0.000","count","98.01","1","Background","Urban","12.4754","41.8940","17.0","Roma                                                                            ","IT001C1                                           ","2808293","E1a/validated data AQ e-Reporting","07/03/2026 23:01:14","https://eeadmz1batchservice02.blob.core.windows.net/airquality-p-e1a/IT/SPO.IT1906A_7_UV-P_2009-11-29_00_00_00.parquet","hour"
"Italy","NET.IT112A","Regione Lazio","IT1906A","ARENULA","SPO.IT1906A_7_UV-P_2009-11-29_00:00:00","O3","Ozone (air)","P3Y-dmaxAbove120","Daymax exceed 120 averaged over 3 consecutive years","2024","0.000","count","100.00","1","Background","Urban","12.4754","41.8940","17.0","Roma                                                                            ","IT001C1                                           ","2808293","E1a/validated data AQ e-Reporting","07/03/2026 23:02:02","https://eeadmz1batchservice02.blob.core.windows.net/airquality-p-e1a/IT/SPO.IT1906A_7_UV-P_2009-11-29_00_00_00.parquet","hour"
"Italy","NET.IT112A","Regione Lazio","IT1906A","ARENULA","SPO.IT1906A_8_chemi_2008-02-03_00:00:00","NO2","Nitrogen dioxide (air)","P1Y-hr-max19","1 year hour max19","2024","101.635","ug/m3","95.39","1","Background","Urban","12.4754","41.8940","17.0","Roma                                                                            ","IT001C1                                           ","2808293","E1a/validated data AQ e-Reporting","07/03/2026 23:00:28","https://eeadmz1batchservice02.blob.core.windows.net/airquality-p-e1a/IT/SPO.IT1906A_8_chemi_2008-02-03_00_00_00.parquet","hour"
"Italy","NET.IT112A","Regione Lazio","IT1906A","ARENULA","SPO.IT1906A_8_chemi_2008-02-03_00:00:00","NO2","Nitrogen dioxide (air)","P1Y-hrsAbove150","1 year hour exceed 150","2024","0.000","count","95.39","1","Background","Urban","12.4754","41.8940","17.0","Roma                                                                            ","IT001C1                                           ","2808293","E1a/validated data AQ e-Reporting","07/03/2026 23:01:03","https://eeadmz1batchservice02.blob.core.windows.net/airquality-p-e1a/IT/SPO.IT1906A_8_chemi_2008-02-03_00_00_00.parquet","hour"
"Italy","NET.IT112A","Regione Lazio","IT1906A","ARENULA","SPO.IT1906A_9_chemi_2008-02-03_00:00:00","NOX as NO2","Nitrogen oxides (air)","P1Y-day-per50","1 year 50 %ile of daily values in a year","2024","35.974","ug/m3","99.45","1","Background","Urban","12.4754","41.8940","17.0","Roma                                                                            ","IT001C1                                           ","2808293","E1a/validated data AQ e-Reporting","07/03/2026 22:59:18","https://eeadmz1batchservice02.blob.core.windows.net/airquality-p-e1a/IT/SPO.IT1906A_9_chemi_2008-02-03_00_00_00.parquet","hour"
"Italy","NET.IT112A","Regione Lazio","IT1906A","ARENULA","SPO.IT1906A_9_chemi_2008-02-03_00:00:00","NOX as NO2","Nitrogen oxides (air)","P3Y","3 subsequent calendar years mean","2024","50.014","ug/m3","94.43","1","Background","Urban","12.4754","41.8940","17.0","Roma                                                                            ","IT001C1                                           ","2808293","E1a/validated data AQ e-Reporting","07/03/2026 23:01:54","https://eeadmz1batchservice02.blob.core.windows.net/airquality-p-e1a/IT/SPO.IT1906A_9_chemi_2008-02-03_00_00_00.parquet","hour"
"Italy","NET.IT112A","Regione Lazio","IT1176A","L.GO PERESTRELLO","SPO.IT1176A_8_chemi_1998-03-17_00:00:00","NO2","Nitrogen dioxide (air)","P3Y","3 subsequent calendar years mean","2024","26.911","ug/m3","94.30","1","Background","Urban","12.5416","41.8860","28.0","Roma                                                                            ","IT001C1                                           ","2808293","E1a/validated data AQ e-Reporting","07/03/2026 23:01:54","https://eeadmz1batchservice02.blob.core.windows.net/airquality-p-e1a/IT/SPO.IT1176A_8_chemi_1998-03-17_00_00_00.parquet","hour"
"Italy","NET.IT112A","Regione Lazio","IT1176A","L.GO PERESTRELLO","SPO.IT1176A_9_chemi_1998-03-17_00:00:00","NOX as NO2","Nitrogen oxides (air)","P1Y-day-max","1 year day max","2024","239.915","ug/m3","99.45","1","Background","Urban","12.5416","41.8860","28.0","Roma                                                                            ","IT001C1                                           ","2808293","E1a/validated data AQ e-Reporting","07/03/2026 22:58:50","https://eeadmz1batchservice02.blob.core.windows.net/airquality-p-e1a/IT/SPO.IT1176A_9_chemi_1998-03-17_00_00_00.parquet","hour"
"Italy","NET.IT112A","Regione Lazio","IT1906A","ARENULA","SPO.IT1906A_7_UV-P_2009-11-29_00:00:00","O3","Ozone (air)","P1Y-day-min","1 year day min","2024","2.928","ug/m3","97.81","1","Background","Urban","12.4754","41.8940","17.0","Roma                                                                            ","IT001C1                                           ","2808293","E1a/validated data AQ e-Reporting","07/03/2026 22:59:10","https://eeadmz1batchservice02.blob.core.windows.net/airquality-p-e1a/IT/SPO.IT1906A_7_UV-P_2009-11-29_00_00_00.parquet","hour"
"Italy","NET.IT112A","Regione Lazio","IT1906A","ARENULA","SPO.IT1906A_7_UV-P_2009-11-29_00:00:00","O3","Ozone (air)","P1Y-dmax-per93.15","1 year 93.15 percentile daily 8h maximum","2024","75.405","ug/m3","97.81","1","Background","Urban","12.4754","41.8940","17.0","Roma                                                                            ","IT001C1                                           ","2808293","E1a/validated data AQ e-Reporting","07/03/2026 22:59:57","https://eeadmz1batchservice02.blob.core.windows.net/airquality-p-e1a/IT/SPO.IT1906A_7_UV-P_2009-11-29_00_00_00.parquet","hour"
"Italy","NET.IT112A","Regione Lazio","IT1906A","ARENULA","SPO.IT1906A_7_UV-P_2009-11-29_00:00:00","O3","Ozone (air)","P1Y-P1D-per99","1 year 99 percentile of daily means (P1D) or .../aq/primaryObservation/day","2024","63.534","ug/m3","97.81","1","Background","Urban","12.4754","41.8940","17.0","Roma                                                                            ","IT001C1                                           ","2808293","E1a/validated data AQ e-Reporting","07/03/2026 23:01:47","https://eeadmz1batchservice02.blob.core.windows.net/airquality-p-e1a/IT/SPO.IT1906A_7_UV-P_2009-11-29_00_00_00.parquet","hour"
"Italy","NET.IT112A","Regione Lazio","IT1906A","ARENULA","SPO.IT1906A_8_chemi_2008-02-03_00:00:00","NO2","Nitrogen dioxide (air)","P1Y-hr-max","1 year hour max","2024","116.235","ug/m3","95.39","1","Background","Urban","12.4754","41.8940","17.0","Roma                                                                            ","IT001C1                                           ","2808293","E1a/validated data AQ e-Reporting","07/03/2026 23:00:20","https://eeadmz1batchservice02.blob.core.windows.net/airquality-p-e1a/IT/SPO.IT1906A_8_chemi_2008-02-03_00_00_00.parquet","hour"
"Italy","NET.IT112A","Regione Lazio","IT1906A","ARENULA","SPO.IT1906A_9_chemi_2008-02-03_00:00:00","NOX as NO2","Nitrogen oxides (air)","P1Y","Annual mean / 1 calendar year","2024","45.560","ug/m3","95.32","1","Background","Urban","12.4754","41.8940","17.0","Roma                                                                            ","IT001C1                                           ","2808293","E1a/validated data AQ e-Reporting","07/03/2026 22:58:16","https://eeadmz1batchservice02.blob.core.windows.net/airquality-p-e1a/IT/SPO.IT1906A_9_chemi_2008-02-03_00_00_00.parquet","hour"
