Day,Geothermal,Hydro,Photovoltaic,Self-consumption,Thermal,Wind,Total,Media
2021-01-01,14.51,89.63,16.05,50.382,330.61,72.98,574.162,95.69366666666667
2021-01-02,14.85,104.73,12.13,50.145,321.78,108.78,612.415,102.06916666666666
2021-01-03,14.879999999999999,95.89,17.11,52.486,324.12,77.58,582.066,97.01100000000001
2021-01-04,14.879999999999999,137.4,20.19,71.885,467.7,43.230000000000004,755.2850000000001,125.88083333333334
2021-01-05,14.87,137.5,14.65,72.799,496.40999999999997,79.59,815.8190000000001,135.96983333333336
2021-01-06,14.879999999999999,115.39,15.58,67.891,453.59000000000003,74.25,741.5810000000001,123.59683333333335
2021-01-07,14.879999999999999,153.27,12.75,85.866,582.35,31.89,881.006,146.83433333333332
2021-01-08,14.879999999999999,143.29,20.69,91.34,580.36,48.35,898.91,149.81833333333333
2021-01-09,14.879999999999999,110.42,8.77,67.326,459.17,61.92,722.486,120.41433333333333
2021-01-10,14.89,89.58,7.93,65.088,436.17,52.23,665.888,110.98133333333334
2021-01-11,15.01,127.41,23.44,96.721,607.71,34.93,905.221,150.87016666666668
2021-01-12,14.98,119.93,30.169999999999998,89.199,553.28,48.64,856.199,142.69983333333332
2021-01-13,14.719999999999999,138.92,37.64,84.759,488.68,86.31,851.029,141.83816666666667
2021-01-14,14.76,138.95,32.66,89.924,534.09,110.07,920.454,153.409
2021-01-15,14.879999999999999,135.39,16.57,92.744,595.83,61.17,916.584,152.76399999999998
2021-01-16,15.07,106.63,34.1,69.519,393.15,94.59,713.059,118.84316666666666
2021-01-17,15.1,90.17,15.75,60.492,390.24,62.81,634.5619999999999,105.76033333333332
2021-01-18,15.09,127.48,33.14,96.463,564.2,65.8,902.173,150.36216666666667
2021-01-19,14.98,117.15,30.68,97.068,592.61,47.53,900.018,150.00300000000001
2021-01-20,14.89,105.92,23.04,91.524,571.21,81.07,887.654,147.94233333333332
2021-01-21,14.81,111.5,14.34,77.633,497.91,94.5,810.693,135.1155
2021-01-22,15.14,124.76,11.44,66.198,433.37,136.09,786.998,131.16633333333334
2021-01-23,15.31,106.5,21.92,46.484,290.91,158.85,639.974,106.66233333333334
2021-01-24,15.36,103.39,13.08,40.95,263.85,139.99,576.6200000000001,96.10333333333335
2021-01-25,15.26,141.02,22.05,73.351,436.04,132.59,820.311,136.7185
2021-01-26,14.84,139.05,44.25,86.597,458.45,128.09,871.277,145.21283333333335
2021-01-27,15.1,132.59,32.74,92.81400000000001,539.72,52.57,865.5340000000001,144.25566666666668
2021-01-28,15.19,130.56,32.59,84.42999999999999,490.40999999999997,70.12,823.3,137.21666666666667
2021-01-29,15.31,132.85999999999999,19.58,64.585,393.5,136.49,762.325,127.05416666666667
2021-01-30,15.280000000000001,100.3,35.38,54.528,305.96,105.33,616.778,102.79633333333334
2021-01-31,15.47,94.4,16.88,47.931,296.66,116.74,588.081,98.01350000000001
2021-02-01,15.600000000000001,140.98,22.84,87.047,456.8,66.83,790.0970000000001,131.68283333333335
2021-02-02,15.46,123.64,36.37,101.571,513.52,33.75,824.3109999999999,137.38516666666666
2021-02-03,15.33,134.16,28.39,91.361,471.59000000000003,77.01,817.841,136.30683333333334
2021-02-04,15.33,134.05,25.9,90.209,458.33,56.79,780.6089999999999,130.1015
2021-02-05,15.49,151.42000000000002,30.2,87.687,455.73,41.28,781.807,130.30116666666666
2021-02-06,15.450000000000001,109.5,30.34,58.569,301.43,55.9,571.189,95.19816666666667
2021-02-07,15.440000000000001,83.44,11.969999999999999,44.521,246.0,101.23,502.601,83.76683333333334
2021-02-08,15.26,135.77,37.49,70.638,339.12,141.53,739.808,123.30133333333333
2021-02-09,15.120000000000001,151.76,27.61,78.032,403.27,142.88,818.6719999999999,136.4453333333333
2021-02-10,15.41,162.95,22.69,88.859,469.95,134.46,894.319,149.05316666666667
2021-02-11,15.32,179.51,48.13,105.277,519.94,89.6,957.777,159.6295
2021-02-12,15.450000000000001,154.05,21.79,99.312,533.32,26.83,850.7520000000001,141.792
2021-02-13,15.2,126.11,25.509999999999998,70.98,351.9,81.75,671.45,111.90833333333335
2021-02-14,14.79,99.91,51.63,65.813,284.45,132.64000000000001,649.233,108.20549999999999
2021-02-15,14.97,142.18,56.44,91.55199999999999,411.58,98.72,815.442,135.907
2021-02-16,14.879999999999999,142.19,44.22,101.941,480.5,46.24,829.971,138.3285
2021-02-17,14.87,144.73,38.74,100.111,484.76,35.79,819.001,136.50016666666667
2021-02-18,14.86,134.23,42.51,96.873,483.76,10.89,783.1229999999999,130.5205
2021-02-19,15.120000000000001,133.84,39.71,91.282,470.52,27.04,777.512,129.58533333333332
2021-02-20,15.13,102.49,45.78,72.177,341.61,17.04,594.227,99.03783333333332
2021-02-21,15.16,82.68,45.14,57.257,269.52,33.9,503.657,83.94283333333333
2021-02-22,15.23,115.71,40.63,88.392,453.83,32.43,746.2219999999999,124.3703333333333
2021-02-23,15.35,118.82,52.31,97.891,475.45,31.62,791.4409999999999,131.9068333333333
2021-02-24,15.2,112.52,59.919999999999995,95.842,447.77,52.49,783.742,130.62366666666665
2021-02-25,15.36,131.68,60.22,98.186,456.94,15.45,777.836,129.63933333333333
2021-02-26,15.26,129.21,59.47,94.334,454.40999999999997,5.24,757.924,126.32066666666667
2021-02-27,15.450000000000001,101.44,52.96,75.083,341.35,30.53,616.813,102.80216666666666
2021-02-28,15.36,80.25,62.56,63.57,257.14,79.41,558.29,93.04833333333333
2021-03-01,15.23,124.44,66.60000000000001,92.407,422.24,46.95,767.867,127.97783333333332
2021-03-02,15.16,122.04,65.42999999999999,94.062,439.49,39.51,775.692,129.282
2021-03-03,15.33,122.64,61.67,97.666,482.15999999999997,12.030000000000001,791.4959999999999,131.91599999999997
2021-03-04,15.34,114.03999999999999,58.400000000000006,99.317,486.34000000000003,34.6,808.037,134.67283333333333
2021-03-05,15.36,111.05,43.699999999999996,93.41,470.4,35.16,769.0799999999999,128.17999999999998
2021-03-06,15.47,102.9,44.54,75.321,351.3,31.91,621.4409999999999,103.57349999999998
2021-03-07,15.5,91.38,49.72,74.396,326.5,21.45,578.946,96.491
2021-03-08,15.27,122.92,37.27,100.99499999999999,505.43,19.51,801.395,133.56583333333333
2021-03-09,15.34,124.04,40.87,110.331,543.3,31.31,865.1909999999999,144.1985
2021-03-10,15.370000000000001,103.67,59.51,98.856,455.78,103.29,836.4759999999999,139.41266666666664
2021-03-11,15.450000000000001,117.87,53.22,90.769,429.64,90.03,796.9789999999999,132.8298333333333
2021-03-12,15.36,117.98,38.54,86.291,403.32,119.60000000000001,781.091,130.18183333333334
2021-03-13,15.36,97.19,62.1,64.723,259.92,87.73,587.023,97.83716666666668
2021-03-14,15.440000000000001,80.65,50.910000000000004,57.225,246.15,123.25,573.625,95.60416666666667
2021-03-15,15.370000000000001,101.8,63.58,77.763,336.53000000000003,117.1,712.1430000000001,118.69050000000003
2021-03-16,15.15,113.45,60.46,89.663,396.09,62.11,736.923,122.8205
2021-03-17,15.36,107.86,66.24000000000001,92.9,415.09,57.24,754.69,125.78166666666668
2021-03-18,15.51,110.96,54.31,103.28,497.37,30.61,812.0400000000001,135.34
2021-03-19,15.58,108.28,58.980000000000004,104.591,508.82,20.91,817.161,136.1935
2021-03-20,15.600000000000001,90.75,46.95,83.583,362.18,56.34,655.403,109.23383333333334
2021-03-21,15.600000000000001,76.02,52.5,65.984,282.85,115.95,608.904,101.484
2021-03-22,15.5,99.37,64.14,86.885,409.73,127.57,803.1949999999999,133.8658333333333
2021-03-23,15.440000000000001,98.25,68.42,90.535,436.26,132.7,841.605,140.2675
2021-03-24,15.36,96.1,72.18,92.612,430.54,85.12,791.9119999999999,131.98533333333333
2021-03-25,15.120000000000001,98.73,75.61,96.443,430.43,41.910000000000004,758.243,126.37383333333334
2021-03-26,15.120000000000001,98.7,73.09,94.996,425.2,27.17,734.276,122.37933333333332
2021-03-27,15.120000000000001,85.12,52.53,67.778,330.48,47.96,598.988,99.83133333333335
2021-03-28,14.49,80.09,71.1,66.92,280.45,9.0,522.05,87.00833333333333
2021-03-29,15.120000000000001,96.8,74.33,90.637,395.3,22.61,694.797,115.79950000000001
2021-03-30,15.17,100.12,79.31,84.619,368.3,56.589999999999996,704.109,117.3515
2021-03-31,15.34,108.37,78.17,88.551,378.61,29.45,698.491,116.41516666666666
2021-04-01,15.35,121.53,78.67,83.448,378.14,20.71,697.848,116.30799999999999
2021-04-02,15.22,132.38,80.41,69.14,292.9,47.48,637.53,106.255
2021-04-03,15.120000000000001,130.6,57.56,56.43,255.89,69.12,584.7199999999999,97.45333333333332
2021-04-04,15.530000000000001,109.66,69.46,55.729,228.38,84.66,563.419,93.90316666666666
2021-04-05,15.540000000000001,111.17999999999999,72.69,62.955,263.06,35.03,560.4549999999999,93.40916666666665
2021-04-06,15.31,119.58,57.7,68.901,326.18,146.05,733.721,122.28683333333333
2021-04-07,15.5,126.92,63.52,92.024,436.62,105.34,839.9240000000001,139.98733333333334
2021-04-08,15.43,117.69,91.56,99.101,447.23,66.53,837.5409999999999,139.59016666666665
2021-04-09,15.39,113.14999999999999,80.27,98.889,462.35,26.77,796.819,132.80316666666667
2021-04-10,15.46,87.56,48.51,72.962,361.52,50.06,636.0719999999999,106.01199999999999
2021-04-11,15.27,83.81,30.22,53.491,279.86,58.2,520.851,86.8085
2021-04-12,14.92,136.42,31.67,87.512,467.81,64.57,802.902,133.817
2021-04-13,14.94,138.53,59.62,96.407,476.07,97.93,883.4970000000001,147.2495
2021-04-14,15.36,124.35,74.82,98.459,473.47,50.79,837.249,139.5415
2021-04-15,15.280000000000001,117.23,59.44,99.541,502.77,20.58,814.841,135.80683333333334
2021-04-16,15.23,109.06,54.77,95.255,464.52,59.43,798.265,133.04416666666665
2021-04-17,15.36,88.73,67.28,75.969,334.55,65.81,647.6990000000001,107.94983333333334
2021-04-18,15.36,88.35000000000001,63.96,76.038,357.65,18.66,620.0179999999999,103.33633333333331
2021-04-19,15.36,112.16,63.15,108.284,517.02,42.57,858.544,143.09066666666666
2021-04-20,15.18,108.21,77.04,118.244,553.27,27.27,899.2139999999999,149.869
2021-04-21,15.36,97.06,71.79,108.655,516.95,36.21,846.0250000000001,141.0041666666667
2021-04-22,15.18,81.86,53.33,102.85300000000001,510.23,39.72,803.173,133.86216666666667
2021-04-23,15.31,81.95,63.88,92.489,436.79,55.1,745.5190000000001,124.25316666666669
2021-04-24,15.36,87.43,83.5,68.715,285.23,81.44,621.675,103.6125
2021-04-25,15.33,91.63,90.42,67.25,271.44,22.16,558.2299999999999,93.03833333333331
2021-04-26,15.32,110.49,55.29,80.416,397.59,43.78,702.886,117.14766666666667
2021-04-27,15.25,116.39,39.53,84.401,437.11,36.29,728.971,121.49516666666666
2021-04-28,15.11,110.97,59.08,93.986,455.06,23.65,757.856,126.30933333333333
2021-04-29,15.36,120.6,42.56,85.91799999999999,447.06,34.8,746.298,124.383
2021-04-30,15.35,132.38,66.8,92.806,446.72,23.74,777.796,129.63266666666667
2021-05-01,15.46,117.52,35.27,80.951,293.73,88.92,631.851,105.3085
2021-05-02,15.620000000000001,131.55,81.75,77.031,243.41,74.17,623.531,103.92183333333332
2021-05-03,15.65,146.85,77.9,103.416,355.86,40.879999999999995,740.556,123.426
2021-05-04,15.55,150.85,70.12,115.71600000000001,417.24,21.89,791.366,131.89433333333332
2021-05-05,15.38,143.26,74.12,102.02,356.94,77.93,769.6500000000001,128.275
2021-05-06,15.450000000000001,142.61,82.55,108.678,375.49,84.29,809.068,134.84466666666665
2021-05-07,15.52,147.43,77.38,100.114,341.28000000000003,97.42,779.144,129.85733333333334
2021-05-08,15.56,125.98,91.01,82.997,265.73,56.61,637.8870000000001,106.31450000000001
2021-05-09,15.47,114.99000000000001,93.54,81.43599999999999,259.79,25.48,590.706,98.45100000000001
2021-05-10,14.74,155.7,87.83,97.306,334.68,28.74,718.996,119.83266666666667
2021-05-11,14.59,184.7,48.08,96.53,373.96,51.74,769.5999999999999,128.26666666666665
2021-05-12,14.64,173.27,77.49,94.655,311.83,112.05,783.935,130.65583333333333
2021-05-13,14.64,189.74,71.64,78.624,264.35,114.91,733.904,122.31733333333334
2021-05-14,14.67,204.67,60.36,76.671,278.09,76.95,711.4110000000001,118.56850000000001
2021-05-15,14.77,163.65,72.67,61.129,204.63,80.17,597.019,99.50316666666667
2021-05-16,14.75,155.5,49.69,54.813,208.48,80.95,564.183,94.0305
2021-05-17,14.65,180.19,86.96,86.925,281.71,109.79,760.2249999999999,126.70416666666665
2021-05-18,14.879999999999999,184.71,90.44,93.01,302.46,67.45,752.95,125.49166666666667
2021-05-19,14.85,180.67,83.42999999999999,87.298,285.97,109.86,762.0780000000001,127.01300000000002
2021-05-20,14.719999999999999,174.73,91.41,88.391,280.35,92.03,741.6310000000001,123.60516666666668
2021-05-21,14.66,170.63,90.67,90.708,323.37,44.25,734.288,122.38133333333333
2021-05-22,14.629999999999999,154.46,68.14,60.236,207.21,88.7,593.3760000000001,98.89600000000002
2021-05-23,14.64,134.63,75.33,66.943,226.33,56.0,573.8729999999999,95.64549999999998
2021-05-24,14.64,170.79,49.15,90.167,347.15000000000003,57.94,729.837,121.6395
2021-05-25,14.82,164.99,90.83,94.823,315.93,66.32,747.713,124.61883333333333
2021-05-26,14.7,174.73,91.5,100.33,364.64,29.36,775.2599999999999,129.20999999999998
2021-05-27,14.59,171.47,88.13,102.348,378.79,29.15,784.478,130.74633333333333
2021-05-28,14.65,161.09,93.48,93.169,334.65,34.98,732.019,122.00316666666667
2021-05-29,15.700000000000001,144.42,85.41,74.75,257.18,10.86,588.32,98.05333333333334
2021-05-30,15.84,139.62,76.2,69.493,234.76,43.99,579.903,96.65050000000001
2021-05-31,14.74,171.57,88.13,83.55499999999999,289.99,46.04,694.025,115.67083333333333
2021-06-01,14.41,162.84,91.62,74.503,305.14,36.18,684.6929999999999,114.11549999999998
2021-06-02,15.440000000000001,156.69,77.39,70.011,297.03,14.47,631.031,105.17183333333332
2021-06-03,15.780000000000001,160.87,89.86,85.97800000000001,356.86,11.23,720.578,120.09633333333333
2021-06-04,15.71,175.15,90.63,91.891,380.95,14.040000000000001,768.371,128.06183333333334
2021-06-05,15.700000000000001,169.26,63.18,66.953,278.19,43.56,636.8429999999998,106.14049999999997
2021-06-06,15.67,165.68,63.18,58.204,241.69,45.6,590.024,98.33733333333333
2021-06-07,15.04,196.17000000000002,64.51,86.21,368.92,28.05,758.9,126.48333333333333
2021-06-08,14.9,204.16,63.63,90.861,389.37,33.28,796.201,132.70016666666666
2021-06-09,15.07,194.74,83.26,92.64699999999999,379.53000000000003,46.69,811.9370000000001,135.32283333333336
2021-06-10,15.11,207.53,80.34,86.145,349.47,46.55,785.145,130.8575
2021-06-11,15.22,210.14000000000001,77.88,86.044,351.59,33.79,774.664,129.11066666666667
2021-06-12,15.2,184.51,86.11,65.899,255.43,37.32,644.469,107.4115
2021-06-13,15.120000000000001,181.85,89.62,63.647,227.3,26.28,603.817,100.63616666666667
2021-06-14,15.01,213.10999999999999,88.18,90.393,371.92,37.83,816.4430000000001,136.07383333333334
2021-06-15,14.97,205.37,90.58,97.97200000000001,428.95,39.53,877.3720000000001,146.22866666666667
2021-06-16,14.97,211.64000000000001,79.86,107.768,484.5,13.64,912.378,152.06300000000002
2021-06-17,14.9,209.68,87.57,111.417,485.02,13.5,922.087,153.68116666666666
2021-06-18,15.05,203.22,78.78,110.499,481.98,14.99,904.519,150.75316666666666
2021-06-19,15.04,184.36,75.88,74.483,315.5,29.86,695.1229999999999,115.85383333333333
2021-06-20,15.02,181.14,65.47,68.765,289.52,30.36,650.275,108.37916666666666
2021-06-21,14.91,197.2,74.18,98.233,441.32,45.89,871.733,145.28883333333332
2021-06-22,14.87,214.56,83.53,113.333,496.96,38.37,961.6229999999999,160.2705
2021-06-23,15.41,217.16,72.81,122.96300000000001,560.41,18.71,1007.463,167.91049999999998
2021-06-24,15.27,206.95,71.23,117.56099999999999,536.18,48.48,995.6709999999999,165.94516666666667
2021-06-25,15.25,198.64,76.48,110.736,494.67,46.230000000000004,942.0060000000001,157.001
2021-06-26,15.5,170.12,82.23,84.706,370.33,23.44,746.326,124.38766666666668
2021-06-27,15.59,152.73,83.51,80.133,343.62,12.370000000000001,687.953,114.65883333333333
2021-06-28,15.19,188.86,81.91,112.041,503.57,25.94,927.5110000000001,154.58516666666668
2021-06-29,15.0,191.86,77.55,115.449,525.04,42.86,967.759,161.29316666666668
2021-06-30,15.13,171.97,80.06,114.349,519.37,59.01,959.8889999999999,159.98149999999998
2021-07-01,15.27,161.96,84.26,99.86,467.04,84.65,913.0400000000001,152.17333333333335
2021-07-02,15.49,186.91,83.60000000000001,98.983,456.63,47.99,889.6030000000001,148.26716666666667
2021-07-03,15.56,154.85,77.36,77.974,352.96,29.13,707.834,117.97233333333332
2021-07-04,15.46,122.98,55.49,61.784,299.36,58.7,613.7740000000001,102.29566666666669
2021-07-05,15.23,151.76,81.44,95.106,429.49,68.47,841.496,140.24933333333334
2021-07-06,15.280000000000001,168.69,82.14,108.337,497.91,20.56,892.9169999999999,148.81949999999998
2021-07-07,15.26,180.36,81.45,113.95400000000001,541.5600000000001,9.9,942.484,157.08066666666667
2021-07-08,15.22,172.2,62.37,110.995,573.1800000000001,17.75,951.715,158.61916666666667
2021-07-09,15.36,169.13,85.49,102.199,481.03000000000003,41.4,894.609,149.10150000000002
2021-07-10,15.26,158.58,86.47,82.998,350.84,33.35,727.4979999999999,121.24966666666666
2021-07-11,15.21,134.8,85.81,68.473,269.75,42.58,616.623,102.77050000000001
2021-07-12,15.18,178.64,79.85000000000001,102.669,490.46,24.1,890.899,148.48316666666668
2021-07-13,15.18,168.72,55.78,101.162,520.2,60.04,921.082,153.51366666666667
2021-07-14,15.31,161.83,76.79,91.381,414.32,104.6,864.2310000000001,144.03850000000003
2021-07-15,15.35,168.22,75.57,89.827,414.62,90.35,853.937,142.32283333333334
2021-07-16,15.27,172.39,58.32,90.12,448.99,67.86,852.95,142.15833333333333
2021-07-17,15.25,147.72,51.5,71.475,345.29,40.5,671.735,111.95583333333333
2021-07-18,15.21,138.18,62.4,58.614,252.18,65.46,592.0440000000001,98.67400000000002
2021-07-19,14.85,165.6,71.12,94.31,438.64,58.5,843.02,140.50333333333333
2021-07-20,15.24,178.85,81.27,106.51599999999999,498.12,46.260000000000005,926.256,154.376
2021-07-21,15.11,161.41,81.72,111.066,537.3,29.72,936.326,156.05433333333335
2021-07-22,15.15,162.8,80.99,107.952,524.24,43.92,935.052,155.842
2021-07-23,15.120000000000001,176.34,80.51,112.874,547.3100000000001,15.02,947.1740000000001,157.86233333333334
2021-07-24,15.08,162.71,75.62,86.166,403.55,20.669999999999998,763.7959999999999,127.29933333333332
2021-07-25,15.0,123.06,57.08,69.924,332.74,48.52,646.324,107.72066666666666
2021-07-26,14.73,184.77,53.3,95.505,498.39,44.76,891.4549999999999,148.57583333333332
2021-07-27,14.96,194.17,62.32,104.479,557.09,22.49,955.509,159.2515
2021-07-28,15.1,184.81,72.49,107.392,551.72,33.25,964.762,160.79366666666667
2021-07-29,15.03,168.14,80.24000000000001,107.673,542.3,53.02,966.4029999999999,161.06716666666665
2021-07-30,15.02,185.09,76.75,108.415,545.56,37.7,968.5350000000001,161.4225
2021-07-31,14.68,157.66,73.47,88.6,422.42,39.67,796.4999999999999,132.74999999999997
2021-08-01,14.879999999999999,140.82,63.49,59.369,283.76,90.92999999999999,653.2489999999999,108.87483333333331
2021-08-02,14.879999999999999,170.85999999999999,75.15,88.005,436.27,61.28,846.4449999999999,141.07416666666666
2021-08-03,14.86,185.47,69.96,91.336,468.21,62.97,892.806,148.80100000000002
2021-08-04,14.78,174.87,57.77,92.657,488.0,64.12,892.197,148.6995
2021-08-05,14.81,173.72,72.81,84.009,385.84000000000003,122.28,853.469,142.24483333333333
2021-08-06,14.84,180.72,82.67,80.92999999999999,361.53,75.51,796.2,132.70000000000002
2021-08-07,14.73,162.99,79.07000000000001,70.656,314.63,31.38,673.456,112.24266666666666
2021-08-08,14.61,158.57,75.19,61.598,257.31,63.03,630.308,105.05133333333333
2021-08-09,14.49,172.04,76.76,79.789,360.8,39.54,743.419,123.90316666666666
2021-08-10,15.06,178.37,71.41,82.652,395.72,38.23,781.442,130.24033333333333
2021-08-11,15.09,181.91,72.28,88.483,429.85,43.07,830.6830000000001,138.44716666666667
2021-08-12,15.11,179.62,78.81,91.409,445.88,34.35,845.179,140.86316666666667
2021-08-13,15.120000000000001,175.72,73.94,89.37,456.46000000000004,12.69,823.3000000000001,137.21666666666667
2021-08-14,15.03,161.44,81.16,75.451,365.15,18.86,717.091,119.51516666666667
2021-08-15,15.06,167.73,79.5,76.86,373.45,12.75,725.3499999999999,120.89166666666665
2021-08-16,14.719999999999999,170.66,73.21,76.90899999999999,384.95,64.5,784.949,130.82483333333332
2021-08-17,14.879999999999999,149.21,80.25,70.741,325.37,75.81,716.261,119.37683333333332
2021-08-18,14.75,153.53,78.76,73.614,334.89,55.53,711.074,118.51233333333333
2021-08-19,14.98,147.32,80.37,76.842,346.37,28.81,694.692,115.782
2021-08-20,14.95,140.76,78.65,76.893,355.58,18.5,685.333,114.22216666666667
2021-08-21,15.0,128.18,80.47,64.399,304.43,24.63,617.109,102.8515
2021-08-22,15.02,129.38,77.78,68.736,303.49,20.88,615.286,102.54766666666666
2021-08-23,14.68,152.01,63.059999999999995,75.738,387.7,59.08,752.268,125.378
2021-08-24,14.61,148.93,68.24,86.342,446.45,22.64,787.212,131.202
2021-08-25,14.89,156.96,70.74,90.288,435.94,22.75,791.568,131.928
2021-08-26,15.06,148.04,71.37,90.393,449.93,26.52,801.313,133.55216666666666
2021-08-27,15.18,131.29,66.46,79.972,393.56,90.84,777.302,129.55033333333333
2021-08-28,15.21,111.53999999999999,62.52,62.965,292.96,63.800000000000004,608.9949999999999,101.49916666666665
2021-08-29,15.24,97.4,78.33,53.883,237.85,46.54,529.2429999999999,88.20716666666665
2021-08-30,15.24,130.07,73.03999999999999,83.404,428.13,17.19,747.0740000000001,124.51233333333334
2021-08-31,15.21,125.31,69.39,94.537,490.4,20.01,814.857,135.80949999999999
2021-09-01,15.280000000000001,121.89,75.52,101.843,492.14,32.27,838.943,139.82383333333334
2021-09-02,15.42,136.82,74.05,93.15,445.43,50.77,815.6399999999999,135.93999999999997
2021-09-03,15.46,117.76,64.75,98.87,499.3,21.93,818.07,136.345
2021-09-04,15.38,90.42,56.89,80.404,403.26,20.63,666.984,111.164
2021-09-05,15.36,87.28,72.35000000000001,64.909,291.75,23.88,555.529,92.58816666666667
2021-09-06,15.450000000000001,100.05,67.42,93.618,475.59000000000003,42.38,794.508,132.418
2021-09-07,15.450000000000001,110.88,67.83,100.351,510.66,23.54,828.711,138.1185
2021-09-08,15.440000000000001,98.88,66.91,100.926,523.08,14.1,819.3360000000001,136.556
2021-09-09,15.120000000000001,111.54,65.35,100.602,525.44,13.72,831.772,138.62866666666667
2021-09-10,15.46,100.92999999999999,56.42,98.751,528.99,18.0,818.551,136.42516666666668
2021-09-11,15.41,79.19,57.89,75.859,393.34,23.82,645.509,107.58483333333334
2021-09-12,15.450000000000001,81.66,68.88,67.153,312.15,30.24,575.533,95.92216666666667
2021-09-13,15.31,104.42,70.92,93.937,476.33,18.42,779.3369999999999,129.88949999999997
2021-09-14,15.34,108.83,63.9,105.52,547.69,18.36,859.64,143.27333333333334
2021-09-15,14.96,113.68,49.69,111.133,592.15,23.37,904.9830000000001,150.8305
2021-09-16,14.97,93.27,37.33,103.22200000000001,553.56,46.35,848.702,141.45033333333333
2021-09-17,15.16,103.58,45.32,93.223,485.94,65.22,808.443,134.7405
2021-09-18,15.33,98.17,59.67,79.719,372.49,46.05,671.429,111.90483333333333
2021-09-19,15.31,102.43,51.34,70.543,338.84,54.47,632.933,105.48883333333333
2021-09-20,15.22,114.13,63.53,92.133,453.7,77.27,815.983,135.99716666666666
2021-09-21,15.280000000000001,101.21,61.1,103.98,532.25,33.63,847.4499999999999,141.24166666666665
2021-09-22,15.38,99.91,62.66,97.465,488.39,52.71,816.515,136.08583333333334
2021-09-23,15.440000000000001,96.12,65.38,93.976,471.68,46.0,788.596,131.43266666666668
2021-09-24,15.32,103.47,65.0,100.211,514.3,15.0,813.3009999999999,135.55016666666666
2021-09-25,15.14,82.34,54.11,76.035,420.28000000000003,12.53,660.435,110.07249999999999
2021-09-26,15.1,82.2,32.95,63.245,381.42,21.64,596.555,99.42583333333333
2021-09-27,14.96,97.05,40.38,90.175,507.45,32.2,782.215,130.36916666666667
2021-09-28,15.06,95.09,58.38,94.388,506.98,48.02,817.918,136.31966666666668
2021-09-29,15.19,107.57000000000001,59.1,95.78,520.33,22.21,820.1800000000001,136.6966666666667
2021-09-30,15.18,90.91,56.88,94.106,512.14,34.04,803.256,133.876
2021-10-01,15.34,93.69,57.589999999999996,93.453,488.32,29.8,778.193,129.69883333333334
2021-10-02,15.2,85.15,49.25,73.031,370.07,11.59,604.291,100.71516666666668
2021-10-03,15.24,70.36,48.660000000000004,62.008,319.48,23.22,538.9680000000001,89.82800000000002
2021-10-04,14.98,108.50999999999999,42.94,81.833,455.65,38.410000000000004,742.323,123.7205
2021-10-05,15.2,123.96,34.58,78.48,431.4,69.34,752.96,125.49333333333334
2021-10-06,14.719999999999999,151.17,37.58,79.76,419.42,61.93,764.5799999999999,127.42999999999999
2021-10-07,15.36,149.47,36.129999999999995,81.004,445.45,59.42,786.834,131.13899999999998
2021-10-08,15.36,133.31,38.46,80.452,440.21,41.63,749.4219999999999,124.90366666666665
2021-10-09,15.36,108.09,51.089999999999996,63.271,288.34,78.16,604.3109999999999,100.71849999999999
2021-10-10,15.32,91.13,47.449999999999996,57.683,257.38,79.76,548.723,91.45383333333332
2021-10-11,15.36,119.99,44.089999999999996,78.466,412.28,68.17,738.3559999999999,123.05933333333331
2021-10-12,15.09,115.03999999999999,47.15,85.686,451.45,71.4,785.8159999999999,130.9693333333333
2021-10-13,15.2,99.08,53.52,94.869,490.97,62.5,816.139,136.02316666666667
2021-10-14,15.24,107.83,55.309999999999995,87.733,420.65,141.82999999999998,828.5929999999998,138.09883333333332
2021-10-15,15.23,104.1,54.26,86.009,412.93,144.99,817.519,136.25316666666666
2021-10-16,15.1,101.67999999999999,49.1,75.47,343.46,55.7,640.51,106.75166666666667
2021-10-17,15.120000000000001,83.2,50.92,70.557,304.91,18.36,543.0670000000001,90.51116666666668
2021-10-18,15.2,107.31,53.62,93.966,474.77,15.46,760.326,126.721
2021-10-19,15.25,101.75,52.22,99.033,521.53,13.27,803.0529999999999,133.84216666666666
2021-10-20,15.120000000000001,84.9,50.91,96.803,516.66,31.34,795.7330000000001,132.6221666666667
2021-10-21,15.01,85.06,33.01,87.665,481.16,101.0,802.905,133.8175
2021-10-22,15.18,100.89,28.77,89.607,495.67,58.17,788.2869999999999,131.38116666666664
2021-10-23,15.31,74.12,31.31,70.505,369.71999999999997,33.96,594.925,99.15416666666665
2021-10-24,15.36,64.23,37.19,57.427,258.51,94.89,527.607,87.9345
2021-10-25,14.78,86.67,30.36,87.611,469.47,57.88,746.7710000000001,124.46183333333335
2021-10-26,15.07,96.37,31.13,100.919,540.03,30.81,814.329,135.7215
2021-10-27,15.290000000000001,77.14,43.58,105.832,524.28,58.28,824.4019999999999,137.40033333333332
2021-10-28,15.36,73.54,46.84,106.699,521.2,43.92,807.5590000000001,134.5931666666667
2021-10-29,15.35,87.64,40.81,101.455,514.93,41.91,802.0949999999999,133.68249999999998
2021-10-30,15.3,67.61,34.69,83.256,428.02,22.42,651.2959999999999,108.54933333333332
2021-10-31,15.96,60.97,21.07,76.147,391.36,14.18,579.687,96.6145
2021-11-01,15.23,72.27,12.03,52.539,384.12,64.6,600.7890000000001,100.13150000000002
2021-11-02,15.36,105.82000000000001,48.56,78.565,480.11,114.82000000000001,843.235,140.53916666666666
2021-11-03,15.36,102.61,13.54,71.427,516.82,114.05,833.807,138.96783333333335
2021-11-04,15.38,111.74,32.41,82.128,519.28,77.09,838.0279999999999,139.6713333333333
2021-11-05,15.450000000000001,117.63,26.01,85.682,541.09,27.38,813.2420000000001,135.54033333333334
2021-11-06,15.59,90.59,28.45,71.914,432.25,70.11,708.904,118.15066666666667
2021-11-07,15.290000000000001,77.14,23.97,58.956,365.17,48.589999999999996,589.1160000000001,98.18600000000002
2021-11-08,14.82,109.61,14.33,78.42399999999999,559.1,42.16,818.4440000000001,136.40733333333336
2021-11-09,14.62,102.10000000000001,16.43,83.758,583.9,55.99,856.798,142.79966666666667
2021-11-10,14.45,118.37,17.45,81.902,573.15,65.27,870.5919999999999,145.09866666666665
2021-11-11,14.23,97.9,19.32,83.058,572.37,37.23,824.1080000000001,137.35133333333334
2021-11-12,14.74,106.51,26.98,87.937,589.58,11.31,837.057,139.5095
2021-11-13,15.36,77.37,24.53,75.372,503.57,13.78,709.982,118.33033333333333
2021-11-14,15.35,77.43,21.69,65.33,432.76,18.01,630.5699999999999,105.09499999999998
2021-11-15,15.36,129.6,15.82,84.972,602.26,26.89,874.9019999999999,145.81699999999998
2021-11-16,15.26,136.72,16.1,84.112,593.18,59.0,904.372,150.72866666666667
2021-11-17,15.24,116.92,21.32,87.581,611.73,24.98,877.771,146.29516666666666
2021-11-18,15.36,101.08,28.330000000000002,88.991,599.31,21.81,854.8809999999999,142.48016666666663
2021-11-19,15.36,101.91,28.040000000000003,84.244,574.6899999999999,69.03,873.2739999999999,145.54566666666665
2021-11-20,15.36,73.24,31.19,77.096,518.16,42.82,757.866,126.31099999999999
2021-11-21,15.15,67.85,24.85,71.556,489.06,31.04,699.506,116.58433333333333
2021-11-22,14.29,113.5,13.700000000000001,83.695,608.89,17.88,851.9549999999999,141.99249999999998
2021-11-23,14.87,115.87,26.28,93.674,639.03,26.53,916.2539999999999,152.70899999999997
2021-11-24,14.399999999999999,121.73,33.42,101.179,668.71,38.81,978.249,163.0415
2021-11-25,14.399999999999999,128.44,11.63,92.821,691.72,43.739999999999995,982.751,163.79183333333333
2021-11-26,14.26,92.73,24.810000000000002,94.16,635.29,122.57,983.8199999999999,163.97
2021-11-27,14.37,86.09,23.81,75.471,471.9,115.91,787.5509999999999,131.2585
2021-11-28,14.42,80.86,16.830000000000002,65.838,423.68,130.12,731.7479999999999,121.95799999999998
2021-11-29,14.389999999999999,137.95,21.15,87.95400000000001,592.17,103.35,956.9639999999999,159.494
2021-11-30,14.58,93.47,38.33,94.12,626.0600000000001,102.65,969.21,161.535
2021-12-01,14.309999999999999,94.26,30.86,82.353,584.24,118.69,924.713,154.11883333333333
2021-12-02,14.33,106.9,16.77,79.01599999999999,600.44,129.32,946.7760000000001,157.79600000000002
2021-12-03,14.129999999999999,102.32,20.3,88.189,644.13,78.86,947.929,157.98816666666667
2021-12-04,15.19,76.89,29.22,67.55,490.27,110.77,789.89,131.64833333333334
2021-12-05,15.58,77.59,25.9,62.297,418.1,108.0,707.467,117.91116666666666
2021-12-06,15.36,111.17999999999999,23.98,85.644,601.3100000000001,95.14,932.614,155.43566666666666
2021-12-07,15.540000000000001,92.53,36.92,86.471,581.58,148.18,961.221,160.2035
2021-12-08,15.21,106.56,10.68,68.298,508.93,101.42,811.098,135.183
2021-12-09,15.600000000000001,117.05,17.07,79.916,592.89,116.44,938.9659999999999,156.49433333333332
2021-12-10,15.620000000000001,107.75,16.71,77.36,584.05,115.52,917.01,152.835
2021-12-11,15.610000000000001,95.91,19.080000000000002,72.08,500.95,117.59,821.22,136.87
2021-12-12,15.600000000000001,81.71000000000001,31.35,69.356,447.92,123.15,769.086,128.181
2021-12-13,14.68,100.03,36.97,90.723,608.68,118.42,969.5029999999999,161.58383333333333
2021-12-14,14.37,115.59,34.18,92.504,632.07,114.74,1003.4540000000001,167.24233333333333
2021-12-15,14.399999999999999,99.35,32.26,90.91,629.65,85.08,951.65,158.60833333333332
2021-12-16,14.399999999999999,107.73,27.66,92.346,656.36,72.19,970.6859999999999,161.78099999999998
2021-12-17,14.6,99.08,29.43,91.005,645.06,114.39,993.5649999999999,165.59416666666667
2021-12-18,14.629999999999999,90.37,28.99,69.057,477.74,135.92,816.707,136.11783333333332
2021-12-19,14.53,74.47,31.63,75.525,518.18,81.92,796.2549999999999,132.70916666666665
2021-12-20,14.14,125.87,27.78,97.358,689.02,64.81,1018.9780000000001,169.82966666666667
2021-12-21,14.96,134.42,20.09,102.069,760.1800000000001,13.96,1045.679,174.27983333333336
2021-12-22,15.67,104.2,17.16,100.308,743.38,5.48,986.1980000000001,164.36633333333336
2021-12-23,15.47,90.75,20.75,83.064,617.67,24.56,852.2639999999999,142.04399999999998
2021-12-24,15.600000000000001,80.45,18.32,57.678,413.4,109.83,695.278,115.87966666666667
2021-12-25,15.600000000000001,75.57,8.94,41.463,300.87,117.34,559.783,93.29716666666667
2021-12-26,15.57,80.92999999999999,10.77,42.479,300.27,96.17,546.189,91.0315
2021-12-27,15.600000000000001,86.11,16.23,57.021,410.0,52.76,637.721,106.28683333333333
2021-12-28,15.600000000000001,93.92,19.0,50.684,357.21,55.25,591.664,98.61066666666666
2021-12-29,15.39,92.42,22.91,46.676,320.26,89.01,586.666,97.77766666666668
2021-12-30,15.58,99.56,24.71,43.45,284.23,76.06,543.59,90.59833333333334
2021-12-31,15.56,97.48,31.08,41.471,248.45,44.65,478.691,79.78183333333332
2022-01-01,15.48,75.06,26.3,37.863,239.94,47.07,441.713,73.61883333333334
2022-01-02,15.600000000000001,69.41,22.98,40.307,267.28,47.62,463.197,77.1995
2022-01-03,15.57,67.36,21.14,52.495,376.44,76.78,609.785,101.63083333333333
2022-01-04,15.600000000000001,67.69,18.63,53.133,395.36,103.75,654.163,109.02716666666667
2022-01-05,15.52,76.79,21.22,52.868,374.51,122.35,663.258,110.543
2022-01-06,15.64,83.63,22.56,56.883,397.36,54.26,630.333,105.0555
2022-01-07,15.81,78.44,27.55,59.426,390.88,77.17999999999999,649.286,108.21433333333333
2022-01-08,15.84,64.75,28.9,55.511,354.84000000000003,81.21,601.051,100.17516666666667
2022-01-09,15.690000000000001,78.03,17.19,47.556,335.1,88.01,581.576,96.92933333333333
2022-01-10,15.52,84.94,18.39,75.556,550.75,139.15,884.3059999999999,147.38433333333333
2022-01-11,15.280000000000001,81.94,27.22,84.17,580.15,167.92,956.68,159.44666666666666
2022-01-12,15.19,75.62,32.12,89.81700000000001,609.01,136.8,958.557,159.7595
2022-01-13,15.34,71.41,39.91,89.771,601.18,126.85,944.4609999999999,157.41016666666664
2022-01-14,15.600000000000001,82.1,42.95,94.755,630.56,89.09,955.055,159.17583333333332
2022-01-15,15.600000000000001,64.81,44.97,81.292,495.24,77.69,779.6020000000001,129.93366666666668
2022-01-16,15.59,55.57,43.4,74.511,448.98,37.82,675.8710000000001,112.64516666666668
2022-01-17,15.0,77.71,39.38,96.697,649.65,58.72,937.157,156.19283333333334
2022-01-18,15.5,75.02,35.17,101.08500000000001,696.98,27.03,950.785,158.46416666666667
2022-01-19,15.600000000000001,74.89,31.44,98.525,701.54,27.33,949.325,158.22083333333333
2022-01-20,14.99,69.7,21.35,90.695,656.23,74.38,927.345,154.5575
2022-01-21,15.72,75.83,27.5,96.718,683.13,75.76,974.658,162.443
2022-01-22,15.55,57.33,41.77,86.17,545.8,67.79,814.4099999999999,135.73499999999999
2022-01-23,15.600000000000001,71.48,38.66,74.219,451.52,66.46,717.9390000000001,119.65650000000001
2022-01-24,15.620000000000001,105.71,32.44,94.944,651.26,84.3,984.2739999999999,164.04566666666665
2022-01-25,15.55,112.88,38.99,104.328,715.66,59.8,1047.208,174.53466666666668
2022-01-26,15.33,113.24,28.17,96.801,684.77,45.26,983.5709999999999,163.92849999999999
2022-01-27,15.15,97.3,27.32,98.806,707.51,30.81,976.896,162.816
2022-01-28,15.13,97.38,38.05,95.044,610.14,89.59,945.334,157.55566666666667
2022-01-29,15.600000000000001,79.56,48.18,74.045,417.31,129.68,764.375,127.39583333333333
2022-01-30,15.4,82.47,48.56,71.071,395.63,86.57000000000001,699.701,116.61683333333333
2022-01-31,15.4,89.32,25.12,83.965,576.25,111.1,901.1550000000001,150.19250000000002
2022-02-01,15.2,66.99,44.050000000000004,94.423,546.27,171.1,938.033,156.33883333333333
2022-02-02,15.52,57.85,52.98,103.434,609.71,108.13,947.624,157.93733333333333
2022-02-03,15.450000000000001,58.03,48.49,101.611,617.5,78.97,920.051,153.34183333333334
2022-02-04,15.08,69.9,28.87,92.866,610.92,87.96,905.596,150.93266666666668
2022-02-05,15.600000000000001,58.49,30.71,79.547,499.66,39.09,723.0970000000001,120.51616666666668
2022-02-06,15.600000000000001,61.28,34.14,66.07900000000001,393.0,35.87,605.9689999999999,100.99483333333332
2022-02-07,15.67,68.47,39.53,79.848,475.12,162.35,840.988,140.16466666666668
2022-02-08,15.700000000000001,61.3,57.839999999999996,89.583,507.07,136.06,867.5529999999999,144.59216666666666
2022-02-09,15.620000000000001,63.480000000000004,58.08,102.863,599.97,38.98,878.993,146.49883333333335
2022-02-10,15.73,68.65,51.16,101.762,615.08,22.71,875.0920000000001,145.84866666666667
2022-02-11,15.770000000000001,68.16,43.809999999999995,100.934,632.16,18.13,878.9639999999999,146.494
2022-02-12,15.73,46.83,44.53,88.153,502.74,39.95,737.933,122.98883333333333
2022-02-13,15.790000000000001,44.48,47.61,70.379,389.06,15.49,582.809,97.13483333333333
2022-02-14,15.18,63.65,27.01,87.517,583.74,65.02,842.117,140.35283333333334
2022-02-15,15.55,60.0,27.65,87.673,570.03,106.72,867.623,144.60383333333334
2022-02-16,15.600000000000001,58.34,39.59,93.495,576.17,62.84,846.035,141.00583333333333
2022-02-17,15.600000000000001,49.230000000000004,48.44,91.19200000000001,549.58,77.4,831.442,138.57366666666667
2022-02-18,15.58,56.11,41.36,87.549,544.42,63.21,808.229,134.70483333333334
2022-02-19,15.57,52.36,31.7,62.742,405.34,75.07,642.7819999999999,107.13033333333333
2022-02-20,15.58,50.01,44.89,60.539,334.9,53.01,558.929,93.15483333333333
2022-02-21,15.75,46.79,42.26,80.362,472.9,148.0,806.0619999999999,134.34366666666665
2022-02-22,15.770000000000001,52.62,55.7,87.059,456.4,163.38,830.929,138.48816666666667
2022-02-23,15.790000000000001,61.21,66.21000000000001,88.561,456.72,124.93,813.421,135.57016666666667
2022-02-24,15.450000000000001,72.61,57.13,94.736,533.94,35.92,809.786,134.96433333333331
2022-02-25,15.75,72.61,58.61,89.275,497.78,49.26,783.285,130.54749999999999
2022-02-26,15.31,67.35,47.54,65.996,337.09,84.07,617.356,102.89266666666667
2022-02-27,15.16,43.77,47.37,59.217999999999996,288.19,115.9,569.608,94.93466666666666
2022-02-28,15.36,68.12,58.93,94.02,512.48,81.48,830.3900000000001,138.39833333333334
2022-03-01,15.35,69.81,57.45,97.21,559.13,115.83,914.7800000000001,152.46333333333334
2022-03-02,15.35,57.089999999999996,58.39,99.16,576.16,89.47,895.62,149.27
2022-03-03,15.22,78.56,55.41,98.677,568.03,19.22,835.117,139.18616666666665
2022-03-04,15.36,87.68,51.43,99.952,595.65,11.89,861.962,143.66033333333334
2022-03-05,15.36,73.53,54.17,69.863,362.8,98.4,674.1229999999999,112.35383333333333
2022-03-06,15.36,81.99,56.68,64.395,337.06,64.48,619.965,103.3275
2022-03-07,15.36,77.94,56.56,91.944,539.17,44.93,825.9039999999999,137.65066666666664
2022-03-08,15.33,47.56,59.66,90.715,531.75,117.22,862.235,143.70583333333335
2022-03-09,15.280000000000001,36.78,67.83,89.684,498.51,136.44,844.5240000000001,140.75400000000002
2022-03-10,15.21,45.54,70.16,92.664,510.2,86.51,820.284,136.714
2022-03-11,15.3,37.29,56.620000000000005,98.533,594.41,29.82,831.9730000000001,138.66216666666668
2022-03-12,15.3,36.64,53.26,82.93599999999999,458.76,60.61,707.506,117.91766666666666
2022-03-13,15.25,39.95,67.85,76.689,385.01,43.25,627.999,104.6665
2022-03-14,15.120000000000001,37.39,62.980000000000004,92.977,562.29,30.97,801.727,133.62116666666665
2022-03-15,15.02,39.53,55.37,97.906,609.59,45.61,863.0260000000001,143.83766666666668
2022-03-16,14.96,41.55,50.85,92.884,589.8,38.68,828.7239999999999,138.12066666666666
2022-03-17,15.11,52.72,34.81,87.508,568.44,67.77,826.3580000000001,137.72633333333334
2022-03-18,15.600000000000001,47.35,30.72,81.95,522.2,99.93,797.75,132.95833333333334
2022-03-19,15.65,39.089999999999996,42.83,72.878,383.61,101.32,655.3779999999999,109.22966666666666
2022-03-20,15.620000000000001,34.31,64.14,73.969,354.76,54.43,597.2289999999999,99.53816666666665
2022-03-21,15.68,46.6,70.65,92.8,521.82,60.6,808.1500000000001,134.6916666666667
2022-03-22,15.55,46.699999999999996,73.93,96.022,532.28,76.23,840.712,140.11866666666666
2022-03-23,15.35,41.25,74.53,97.107,541.76,84.62,854.617,142.43616666666665
2022-03-24,15.610000000000001,49.6,78.47,98.55199999999999,556.79,28.07,827.092,137.84866666666667
2022-03-25,15.68,44.64,77.37,93.642,519.56,24.07,774.962,129.16033333333334
2022-03-26,15.57,37.96,70.75,78.437,383.6,49.0,635.317,105.88616666666667
2022-03-27,14.780000000000001,40.8,50.73,61.302,295.02,80.91,543.5419999999999,90.59033333333332
2022-03-28,15.120000000000001,50.49,54.9,92.358,525.79,32.37,771.0279999999999,128.50466666666665
2022-03-29,15.02,39.57,63.51,99.205,584.69,30.27,832.2650000000001,138.71083333333334
2022-03-30,14.95,60.24,18.21,83.217,577.06,84.27,837.9469999999999,139.65783333333331
2022-03-31,14.94,55.58,27.1,79.412,530.54,128.17,835.742,139.29033333333334
2022-04-01,15.120000000000001,76.69,47.55,102.671,506.05,142.12,890.201,148.36683333333335
2022-04-02,15.120000000000001,74.52,57.61,80.92099999999999,368.24,142.76,739.171,123.19516666666668
2022-04-03,15.120000000000001,57.75,64.58,90.788,395.09,72.62,695.948,115.99133333333333
2022-04-04,15.22,65.13,53.68,123.676,610.3,21.43,889.4359999999999,148.23933333333332
2022-04-05,15.07,60.6,81.47,131.635,625.78,19.75,934.305,155.7175
2022-04-06,15.120000000000001,57.78,57.93,122.068,606.59,34.58,894.0680000000001,149.01133333333334
2022-04-07,15.1,57.36,69.89,97.715,438.98,125.43,804.4750000000001,134.07916666666668
2022-04-08,15.02,52.910000000000004,77.01,86.32900000000001,382.88,143.21,757.359,126.2265
2022-04-09,15.02,54.379999999999995,68.51,74.306,297.13,146.57,655.9159999999999,109.31933333333332
2022-04-10,15.23,51.14,98.22,77.788,265.49,123.64,631.508,105.25133333333333
2022-04-11,15.18,62.43,95.76,104.048,441.5,38.18,757.098,126.18299999999999
2022-04-12,15.1,47.78,88.94,113.963,501.7,33.08,800.563,133.42716666666666
2022-04-13,15.35,56.69,81.62,106.70100000000001,472.32,47.480000000000004,780.1610000000001,130.02683333333334
2022-04-14,15.46,50.34,81.26,98.281,431.87,69.06,746.271,124.37849999999999
2022-04-15,15.36,60.71,74.63,91.724,400.87,43.82,687.114,114.519
2022-04-16,15.35,51.03,82.39,67.11,249.10999999999999,77.5,542.49,90.415
2022-04-17,15.52,45.55,82.71,55.792,177.42000000000002,150.16,527.1519999999999,87.85866666666665
2022-04-18,15.530000000000001,47.03,90.56,62.403999999999996,207.46,124.59,547.5740000000001,91.26233333333334
2022-04-19,15.39,66.21,87.71000000000001,90.407,379.38,67.84,706.937,117.82283333333334
2022-04-20,14.97,72.36,66.3,93.786,434.44,65.63,747.486,124.581
2022-04-21,15.07,80.66,27.08,89.593,463.66999999999996,89.76,765.833,127.63883333333332
2022-04-22,15.06,80.71,42.68,78.281,388.39,103.73,708.851,118.14183333333334
2022-04-23,15.450000000000001,57.11,73.89,73.249,298.74,77.4,595.8389999999999,99.30649999999999
2022-04-24,15.58,65.12,73.4,59.531,218.12,102.71,534.461,89.07683333333334
2022-04-25,15.540000000000001,74.72,81.09,75.167,293.58,62.22,602.317,100.38616666666667
2022-04-26,14.879999999999999,84.83,81.61,96.31400000000001,431.75,16.12,725.504,120.91733333333333
2022-04-27,14.73,76.74,87.94,98.396,427.57,23.81,729.1859999999999,121.53099999999999
2022-04-28,14.879999999999999,82.82,86.07000000000001,82.233,343.08,100.69,709.7729999999999,118.29549999999999
2022-04-29,15.65,79.55,84.38,82.75,333.39,97.02,692.74,115.45666666666666
2022-04-30,15.540000000000001,68.67,90.7,71.67699999999999,270.39,31.11,548.087,91.34783333333333
2022-05-01,15.600000000000001,63.69,75.84,71.44200000000001,237.76,16.12,480.452,80.07533333333333
2022-05-02,14.75,73.8,81.46,105.287,422.26,23.54,721.097,120.18283333333333
2022-05-03,14.41,74.36,79.27,118.128,502.15999999999997,15.11,803.438,133.90633333333332
2022-05-04,14.379999999999999,71.32,69.56,116.216,503.02,11.4,785.896,130.98266666666666
2022-05-05,14.64,95.48,39.839999999999996,99.42999999999999,470.62,54.75,774.76,129.12666666666667
2022-05-06,14.64,80.36,24.63,89.052,438.9,103.12,750.702,125.117
2022-05-07,14.459999999999999,80.77,47.17,63.432,252.07,97.15,555.052,92.50866666666667
2022-05-08,14.54,81.96000000000001,63.33,64.487,224.67000000000002,39.62,488.60699999999997,81.4345
2022-05-09,14.62,96.57,80.26,95.693,375.13,26.73,689.0029999999999,114.83383333333332
2022-05-10,14.65,93.78,91.24,98.61,374.2,30.22,702.7,117.11666666666667
2022-05-11,14.76,107.01,89.44,99.77,385.34,16.7,713.02,118.83666666666666
2022-05-12,14.78,111.14,93.62,99.155,373.18,15.41,707.285,117.88083333333333
2022-05-13,14.66,125.9,90.47,96.864,367.16,20.5,715.5540000000001,119.25900000000001
2022-05-14,14.719999999999999,114.52,94.98,78.796,253.12,28.58,584.716,97.45266666666667
2022-05-15,14.719999999999999,107.48,99.38,75.468,234.6,9.82,541.4680000000001,90.24466666666667
2022-05-16,14.42,129.54,87.46,95.509,367.08,9.67,703.679,117.27983333333333
2022-05-17,14.64,128.8,88.36,105.041,407.39,17.31,761.5409999999999,126.92349999999999
2022-05-18,14.58,130.95,89.97,95.515,362.26,73.33,766.605,127.7675
2022-05-19,15.09,130.63,96.51,95.688,353.49,45.2,736.6080000000001,122.76800000000001
2022-05-20,15.49,138.46,93.61,99.543,375.31,16.87,739.283,123.21383333333334
2022-05-21,15.450000000000001,138.47,100.32000000000001,81.242,259.42,41.06,635.962,105.99366666666667
2022-05-22,15.33,124.64,90.61,67.488,218.37,32.66,549.098,91.51633333333332
2022-05-23,15.1,155.84,85.21,97.64999999999999,379.81,30.57,764.18,127.36333333333333
2022-05-24,15.15,128.14,84.81,107.031,428.76,60.4,824.2909999999999,137.38183333333333
2022-05-25,15.07,138.75,71.31,108.514,456.1,40.77,830.514,138.419
2022-05-26,15.01,150.57999999999998,69.66,109.624,454.72,24.92,824.514,137.419
2022-05-27,15.15,131.39,70.2,112.849,473.76,39.93,843.2789999999999,140.54649999999998
2022-05-28,15.18,127.99,79.48,88.21,341.89,36.64,689.39,114.89833333333333
2022-05-29,15.15,106.0,66.0,60.136,229.97,67.98,545.236,90.87266666666666
2022-05-30,14.99,115.09,81.37,100.093,407.12,52.1,770.763,128.4605
2022-05-31,14.95,119.14999999999999,77.91,110.619,463.34000000000003,35.08,821.0490000000001,136.84150000000002
2022-06-01,14.94,122.21,87.63,94.391,437.05,19.9,776.121,129.3535
2022-06-02,14.9,88.09,95.35,80.027,327.06,10.48,615.907,102.65116666666667
2022-06-03,15.08,113.07000000000001,63.309999999999995,80.982,420.53,13.22,706.192,117.69866666666667
2022-06-04,15.03,113.2,85.3,80.533,339.07,17.61,650.743,108.45716666666668
2022-06-05,15.120000000000001,97.73,77.17999999999999,69.896,297.09,27.94,584.956,97.49266666666666
2022-06-06,13.81,122.27,85.79,94.251,457.13,38.46,811.711,135.28516666666667
2022-06-07,14.209999999999999,121.67,81.19,100.612,496.82,43.769999999999996,858.2719999999999,143.04533333333333
2022-06-08,13.969999999999999,131.89,77.36,97.864,480.83,47.22,849.134,141.52233333333334
2022-06-09,13.94,139.72,59.78,91.527,457.27,68.8,831.0369999999999,138.50616666666664
2022-06-10,13.989999999999998,125.44,78.44,86.19800000000001,386.32,126.83,817.218,136.203
2022-06-11,14.34,101.74,102.91,70.587,231.84,136.24,657.657,109.60950000000001
2022-06-12,14.26,95.1,104.97,62.447,188.27,105.94,570.9870000000001,95.16450000000002
2022-06-13,14.399999999999999,115.97,92.84,93.61,426.33,53.34,796.49,132.74833333333333
2022-06-14,14.27,110.88,93.10000000000001,107.584,514.85,21.28,861.9639999999999,143.66066666666666
2022-06-15,14.12,119.8,88.87,110.223,528.17,13.69,874.873,145.81216666666668
2022-06-16,13.95,134.98,89.7,111.822,536.3,9.870000000000001,896.622,149.43699999999998
2022-06-17,14.149999999999999,139.32,81.73,108.751,536.78,25.71,906.441,151.0735
2022-06-18,14.28,91.0,98.44,86.439,359.84,75.62,725.619,120.93650000000001
2022-06-19,14.35,84.43,99.06,82.356,329.19,21.12,630.506,105.08433333333333
2022-06-20,14.379999999999999,125.69,93.06,111.334,531.28,36.16,911.9039999999999,151.98399999999998
2022-06-21,14.219999999999999,137.07,86.02,109.912,543.0,51.45,941.672,156.94533333333334
2022-06-22,14.25,130.27,66.67999999999999,112.464,597.88,33.95,955.494,159.249
2022-06-23,14.0,116.11,63.96,111.643,591.88,43.58,941.1730000000001,156.8621666666667
2022-06-24,14.12,127.31,76.52,105.811,530.0,43.22,896.981,149.49683333333334
2022-06-25,14.16,103.72,90.24,84.997,371.25,52.22,716.587,119.43116666666667
2022-06-26,14.16,98.16,95.49,78.987,320.3,19.27,626.367,104.3945
2022-06-27,14.129999999999999,119.95,82.16,111.99,565.73,28.09,922.0500000000001,153.675
2022-06-28,13.64,137.92,54.15,112.0,624.97,31.23,973.9100000000001,162.31833333333336
2022-06-29,14.01,127.54,88.62,119.205,597.41,45.04,991.8249999999999,165.30416666666665
2022-06-30,14.84,131.61,88.45,120.945,596.55,15.66,968.055,161.3425
2022-07-01,14.78,116.77,83.42999999999999,103.071,562.38,22.01,902.4409999999999,150.4068333333333
2022-07-02,14.879999999999999,101.00999999999999,96.66,82.53,381.98,36.68,713.7399999999999,118.95666666666665
2022-07-03,14.77,93.87,94.2,84.317,393.35,25.44,705.9470000000001,117.65783333333336
2022-07-04,14.78,121.34,78.14,103.793,586.45,18.75,923.253,153.87550000000002
2022-07-05,14.74,118.47,82.89999999999999,102.516,554.03,41.04,913.6959999999999,152.28266666666664
2022-07-06,14.68,122.09,81.94,102.217,553.3199999999999,40.63,914.877,152.4795
2022-07-07,14.719999999999999,109.73,76.31,104.63,587.86,24.6,917.85,152.975
2022-07-08,14.87,108.78,83.79,84.457,415.02,110.98,817.8969999999999,136.31616666666665
2022-07-09,14.99,90.77,98.1,64.57,250.31,125.72,644.46,107.41000000000001
2022-07-10,14.99,80.87,99.13,63.62,245.01,67.61,571.23,95.205
2022-07-11,14.66,100.44,89.08,90.607,472.78999999999996,26.45,794.027,132.33783333333335
2022-07-12,14.399999999999999,97.66,82.33,98.269,545.79,16.01,854.459,142.40983333333332
2022-07-13,14.11,101.63,89.85,96.408,517.71,45.32,865.0280000000001,144.17133333333337
2022-07-14,14.559999999999999,97.34,89.17999999999999,98.537,542.78,24.17,866.5669999999999,144.42783333333333
2022-07-15,14.629999999999999,105.79,90.02,99.373,534.5699999999999,11.93,856.3129999999999,142.71883333333332
2022-07-16,14.719999999999999,92.0,94.94,88.818,435.46,11.35,737.288,122.88133333333333
2022-07-17,14.7,86.92,95.34,81.887,388.06,11.8,678.7069999999999,113.11783333333331
2022-07-18,14.629999999999999,123.24,85.41,105.015,578.68,36.23,943.2049999999999,157.20083333333332
2022-07-19,14.75,117.68,88.42,112.38,630.04,26.56,989.8299999999999,164.97166666666666
2022-07-20,14.719999999999999,135.73,88.2,115.798,653.92,10.06,1018.4279999999999,169.73799999999997
2022-07-21,14.62,137.78,87.63,114.411,645.98,9.8,1010.221,168.37016666666668
2022-07-22,14.59,147.60999999999999,87.43,116.752,657.21,10.06,1033.652,172.27533333333335
2022-07-23,14.68,88.65,86.93,107.901,573.57,18.09,889.821,148.3035
2022-07-24,14.59,81.76,91.97,90.346,437.04,29.02,744.726,124.121
2022-07-25,14.53,148.04,84.66,107.659,599.86,25.810000000000002,980.559,163.4265
2022-07-26,14.49,128.53,82.8,114.539,644.51,38.38,1023.2489999999999,170.54149999999998
2022-07-27,14.37,119.9,82.69,112.246,630.3,29.400000000000002,988.906,164.81766666666667
2022-07-28,14.48,122.36,85.5,109.366,611.56,14.51,957.776,159.62933333333334
2022-07-29,14.6,106.02,80.74,104.184,586.34,11.74,903.624,150.604
2022-07-30,14.41,91.03,91.72,86.986,404.38,37.82,726.3460000000001,121.05766666666669
2022-07-31,14.65,80.73,97.12,71.794,294.18,63.01,621.4839999999999,103.58066666666666
2022-08-01,14.84,77.52,88.55,87.645,514.98,67.36,850.8950000000001,141.81583333333336
2022-08-02,14.37,94.61,82.23,90.569,547.96,38.18,867.919,144.65316666666666
2022-08-03,14.719999999999999,97.53999999999999,84.98,93.881,555.4399999999999,30.82,877.381,146.23016666666666
2022-08-04,14.64,109.77,84.74,98.141,592.14,10.66,910.091,151.68183333333334
2022-08-05,14.61,91.8,83.24,95.096,574.1899999999999,14.76,873.6959999999999,145.61599999999999
2022-08-06,14.719999999999999,83.72,87.4,79.88,448.5,31.23,745.45,124.24166666666667
2022-08-07,14.64,79.81,80.45,62.943,340.5,59.72,638.0630000000001,106.34383333333335
2022-08-08,14.64,88.64,82.36,78.06,442.16,39.55,745.41,124.235
2022-08-09,14.73,77.77,78.57,78.036,437.29,47.91,734.3059999999999,122.38433333333332
2022-08-10,14.709999999999999,87.47,87.88,74.065,398.96,56.7,719.7850000000001,119.96416666666669
2022-08-11,14.879999999999999,90.94,83.61,74.317,408.21000000000004,39.81,711.767,118.62783333333334
2022-08-12,14.91,80.17,69.63,68.117,394.45,21.76,649.037,108.17283333333334
2022-08-13,14.879999999999999,75.12,81.94,60.691,292.36,28.88,553.871,92.31183333333333
2022-08-14,14.96,85.02,84.91,53.802,246.13,40.0,524.822,87.47033333333333
2022-08-15,14.64,77.63,79.18,53.84,265.36,41.45,532.1,88.68333333333334
2022-08-16,14.65,90.64,83.09,72.508,403.28,50.21,714.3779999999999,119.06299999999999
2022-08-17,14.64,86.18,73.74,79.594,489.93,23.27,767.354,127.89233333333334
2022-08-18,14.76,90.0,49.14,75.686,507.84,37.69,775.116,129.186
2022-08-19,14.75,91.21,61.8,68.543,418.84000000000003,87.61,742.753,123.79216666666667
2022-08-20,14.74,85.21000000000001,84.03,59.581,279.26,50.88,573.701,95.61683333333333
2022-08-21,14.709999999999999,74.42,85.88,53.760999999999996,252.41,67.35,548.531,91.42183333333332
2022-08-22,14.87,77.13,85.27,78.55,457.58,46.12,759.52,126.58666666666666
2022-08-23,14.78,85.6,78.41,84.823,502.36,34.18,800.1529999999999,133.3588333333333
2022-08-24,14.76,79.49,83.75,83.297,494.15,64.16,819.607,136.60116666666667
2022-08-25,14.82,72.34,83.59,87.629,522.93,54.12,835.429,139.23816666666667
2022-08-26,14.84,98.61,79.08,89.17,535.31,18.56,835.5699999999999,139.26166666666666
2022-08-27,14.62,73.85,70.47,72.44500000000001,417.5,15.9,664.785,110.7975
2022-08-28,14.76,66.34,70.15,66.241,358.33,18.37,594.1909999999999,99.03183333333332
2022-08-29,14.629999999999999,85.31,69.46,90.718,551.4,17.240000000000002,828.758,138.12633333333335
2022-08-30,14.549999999999999,97.28,66.55,93.782,595.83,25.12,893.112,148.852
2022-08-31,14.6,95.32,60.21,95.585,620.25,29.86,915.8249999999999,152.6375
2022-09-01,14.629999999999999,71.39,52.45,102.687,580.55,37.5,859.2069999999999,143.20116666666664
2022-09-02,14.629999999999999,80.95,71.97,100.484,532.33,42.49,842.854,140.47566666666668
2022-09-03,14.67,66.32,56.51,80.46900000000001,424.16,16.06,658.189,109.69816666666667
2022-09-04,14.64,68.23,66.47,70.633,324.16,22.03,566.163,94.3605
2022-09-05,14.35,87.67,77.83,99.493,518.49,28.5,826.333,137.72216666666665
2022-09-06,14.399999999999999,83.27,76.19,108.109,573.45,9.05,864.469,144.07816666666668
2022-09-07,14.219999999999999,88.05,65.13,104.132,576.99,20.34,868.862,144.81033333333332
2022-09-08,14.03,98.38,56.25,94.127,516.89,45.22,824.8969999999999,137.48283333333333
2022-09-09,14.12,86.62,71.32000000000001,92.143,474.0,74.53,812.733,135.4555
2022-09-10,14.12,84.75,76.92,73.20400000000001,333.71,80.12,662.824,110.47066666666666
2022-09-11,14.64,71.03999999999999,82.86,68.237,291.85,66.66,595.2869999999999,99.21449999999999
2022-09-12,14.629999999999999,79.29,79.84,98.506,506.3,37.25,815.816,135.96933333333334
2022-09-13,14.62,73.44,76.21,106.249,578.1,15.23,863.849,143.97483333333335
2022-09-14,14.459999999999999,78.06,58.730000000000004,101.84,587.93,48.1,889.12,148.18666666666667
2022-09-15,14.44,77.67,44.49,88.793,522.83,72.82,821.0430000000001,136.84050000000002
2022-09-16,14.629999999999999,86.09,60.96,85.308,453.13,85.71,785.828,130.97133333333332
2022-09-17,14.99,60.71,60.21,62.174,305.75,136.68,640.514,106.75233333333334
2022-09-18,14.86,56.46,87.07000000000001,62.449999999999996,252.02,45.39,518.25,86.375
2022-09-19,14.85,54.86,69.82,84.036,430.8,43.4,697.766,116.29433333333333
2022-09-20,14.84,52.09,70.13,100.384,528.53,20.02,785.9939999999999,130.999
2022-09-21,15.17,53.49,67.14,96.275,509.3,56.61,797.985,132.9975
2022-09-22,15.120000000000001,65.48,68.36,87.357,452.83,53.02,742.1669999999999,123.69449999999999
2022-09-23,15.11,62.69,75.87,90.858,470.15999999999997,44.12,758.808,126.468
2022-09-24,14.81,61.75,45.97,60.463,346.19,49.45,578.633,96.43883333333333
2022-09-25,14.03,55.9,33.59,45.798,256.18,74.28,479.778,79.96300000000001
2022-09-26,14.77,66.88,39.1,74.556,424.65999999999997,68.07000000000001,688.036,114.67266666666666
2022-09-27,14.89,60.8,67.48,76.728,391.74,126.08,737.7180000000001,122.95300000000002
2022-09-28,14.879999999999999,69.0,50.39,80.048,453.91,123.12,791.3480000000001,131.89133333333334
2022-09-29,14.81,72.53,47.21,85.19500000000001,500.28000000000003,96.3,816.325,136.05416666666667
2022-09-30,14.95,81.56,34.82,75.114,477.87,76.96000000000001,761.2740000000001,126.87900000000002
2022-10-01,14.93,53.61,65.16,59.885,287.41,100.0,580.995,96.8325
2022-10-02,14.85,51.18,74.13,51.42,212.77,94.4,498.75,83.125
2022-10-03,14.879999999999999,65.74,66.83,71.117,379.71,71.7,669.9770000000001,111.66283333333335
2022-10-04,14.51,65.63,62.29,78.888,450.75,33.02,705.088,117.51466666666666
2022-10-05,14.709999999999999,63.56,63.63,82.025,464.96000000000004,22.759999999999998,711.645,118.6075
2022-10-06,14.83,60.91,60.88,88.322,503.38,14.7,743.022,123.837
2022-10-07,14.84,64.79,63.89,81.629,449.01,20.66,694.819,115.80316666666666
2022-10-08,14.879999999999999,55.74,60.98,67.234,340.5,11.07,550.4040000000001,91.73400000000002
2022-10-09,14.879999999999999,49.87,42.9,53.056,298.37,13.59,472.666,78.77766666666666
2022-10-10,14.67,59.67,30.22,76.565,487.65,16.03,684.805,114.13416666666666
2022-10-11,14.549999999999999,55.69,54.97,89.01599999999999,516.08,32.55,762.856,127.14266666666667
2022-10-12,14.399999999999999,52.64,50.89,89.274,535.42,18.19,760.8140000000001,126.80233333333335
2022-10-13,14.64,49.019999999999996,33.95,85.71,534.64,36.19,754.1500000000001,125.69166666666668
2022-10-14,14.65,49.28,52.730000000000004,79.497,466.98,79.85,742.987,123.83116666666666
2022-10-15,14.85,43.97,59.99,69.9,366.35,19.53,574.59,95.765
2022-10-16,14.86,40.63,57.92,63.372,318.88,4.61,500.272,83.37866666666666
2022-10-17,14.8,57.04,54.01,84.083,478.65,11.44,700.023,116.6705
2022-10-18,14.7,56.33,56.49,91.83200000000001,527.59,12.33,759.272,126.54533333333335
2022-10-19,14.79,47.66,53.62,88.525,517.84,48.72,771.1550000000001,128.52583333333334
2022-10-20,14.85,49.63,51.75,83.003,495.35,32.28,726.863,121.14383333333335
2022-10-21,14.83,48.41,32.79,78.943,511.05,30.76,716.783,119.46383333333334
2022-10-22,14.54,70.24,37.489999999999995,58.659,338.27,83.47,602.669,100.44483333333334
2022-10-23,14.57,80.34,43.66,57.432,312.94,33.1,542.042,90.34033333333333
2022-10-24,14.42,86.3,41.98,76.887,462.67,64.65,746.907,124.48450000000001
2022-10-25,14.6,102.75,43.8,84.412,501.23,50.21,797.0020000000001,132.8336666666667
2022-10-26,14.61,110.38,48.9,91.557,528.65,14.78,808.877,134.81283333333332
2022-10-27,14.62,84.27,47.04,89.75200000000001,520.8199999999999,17.79,774.2919999999999,129.04866666666666
2022-10-28,14.629999999999999,82.47,53.23,88.983,498.18,22.46,759.953,126.65883333333333
2022-10-29,14.7,73.66,58.17,76.732,394.35,26.32,643.9320000000001,107.32200000000002
2022-10-30,15.27,63.99,60.14,81.563,420.61,22.0,663.5730000000001,110.59550000000002
2022-10-31,14.65,70.24,58.78,82.699,434.11,14.17,674.649,112.4415
2022-11-01,14.719999999999999,65.16,40.78,65.594,339.4,7.24,532.894,88.81566666666667
2022-11-02,14.7,79.76,37.64,92.417,520.78,10.51,755.807,125.96783333333333
2022-11-03,14.42,77.43,32.24,93.007,543.58,36.12,796.797,132.7995
2022-11-04,14.59,86.78,30.17,77.737,413.02,113.68,735.9770000000001,122.66283333333335
2022-11-05,14.75,68.52,34.48,62.438,308.24,96.64,585.068,97.51133333333333
2022-11-06,14.8,61.85,44.7,56.997,252.5,107.21,538.057,89.67616666666667
2022-11-07,14.64,77.26,48.38,89.952,477.65,18.05,725.9319999999999,120.98866666666665
2022-11-08,14.61,76.39,43.86,93.241,523.89,3.47,755.461,125.91016666666667
2022-11-09,14.43,98.22,32.410000000000004,85.678,481.07,16.02,727.828,121.30466666666666
2022-11-10,14.62,76.0,27.55,81.222,493.69,19.57,712.652,118.77533333333334
2022-11-11,14.82,77.86,36.4,69.267,382.44,79.08,659.8670000000001,109.97783333333335
2022-11-12,14.85,68.08,18.169999999999998,57.312,331.17,81.84,571.422,95.23700000000001
2022-11-13,14.85,52.5,33.42,59.338,316.69,23.65,500.448,83.408
2022-11-14,14.68,74.42,24.32,82.149,497.71,21.62,714.899,119.14983333333333
2022-11-15,14.459999999999999,72.26,20.2,83.69,517.41,40.2,748.22,124.70333333333333
2022-11-16,14.459999999999999,92.94,16.77,72.158,430.04,90.74,717.108,119.51799999999999
2022-11-17,14.77,74.79,28.669999999999998,72.224,412.7,77.02,680.174,113.36233333333332
2022-11-18,14.879999999999999,84.8,32.29,73.897,395.3,131.96,733.1270000000001,122.18783333333334
2022-11-19,14.82,75.26,13.76,50.135999999999996,294.45,100.46,548.886,91.481
2022-11-20,14.87,59.3,31.32,55.089,261.15,87.92,509.649,84.9415
2022-11-21,14.91,84.74,37.75,79.447,422.54,94.32,733.7069999999999,122.28449999999998
2022-11-22,14.78,92.53,9.95,63.235,403.18,179.28,762.9549999999999,127.15916666666665
2022-11-23,14.879999999999999,90.54,36.730000000000004,76.054,419.42,99.65,737.274,122.879
2022-11-24,14.879999999999999,87.2,40.99,82.119,455.29,39.05,719.529,119.9215
2022-11-25,14.879999999999999,79.16,26.810000000000002,81.237,488.77,19.16,710.0169999999999,118.33616666666666
2022-11-26,14.879999999999999,81.84,19.04,53.348,297.97,99.38,566.4580000000001,94.40966666666668
2022-11-27,14.77,84.66,32.25,47.87,234.75,109.03,523.33,87.22166666666668
2022-11-28,14.89,87.96,20.28,87.513,532.77,20.73,764.143,127.35716666666667
2022-11-29,14.8,91.24,17.46,103.142,631.0,31.68,889.322,148.22033333333334
2022-11-30,15.120000000000001,88.24,21.44,99.608,599.4,104.57000000000001,928.378,154.72966666666667
2022-12-01,14.49,78.16,25.2,85.832,629.55,57.04,890.2719999999999,148.37866666666665
2022-12-02,14.66,78.57000000000001,14.870000000000001,80.627,634.76,30.18,853.6669999999999,142.27783333333332
2022-12-03,14.879999999999999,57.269999999999996,9.959999999999999,55.278,434.99,76.02,648.3979999999999,108.06633333333332
2022-12-04,14.54,73.22,21.15,52.553,376.65999999999997,52.160000000000004,590.2829999999999,98.38049999999998
2022-12-05,14.51,93.14,24.22,79.91499999999999,602.82,36.8,851.405,141.90083333333334
2022-12-06,14.84,90.37,24.1,89.326,668.59,34.33,921.556,153.59266666666667
2022-12-07,14.83,89.73,22.87,91.014,694.25,8.62,921.314,153.55233333333334
2022-12-08,14.879999999999999,76.09,22.62,76.0,560.76,54.32,804.6700000000001,134.11166666666668
2022-12-09,14.83,82.6,7.7,65.489,534.95,130.83,836.3990000000001,139.39983333333336
2022-12-10,14.87,66.47,7.6000000000000005,59.471000000000004,469.84,130.29,748.5409999999999,124.75683333333332
2022-12-11,14.97,76.64,25.21,58.9,416.58,128.06,720.3599999999999,120.05999999999999
2022-12-12,15.08,100.73,27.23,93.382,669.37,43.06,948.8520000000001,158.14200000000002
2022-12-13,14.879999999999999,109.83,7.27,84.649,681.7,50.96,949.2890000000001,158.21483333333336
2022-12-14,14.879999999999999,97.31,7.859999999999999,86.031,680.1899999999999,79.34,965.611,160.93516666666667
2022-12-15,14.6,104.62,12.67,78.847,630.31,82.21,923.257,153.87616666666665
2022-12-16,14.77,97.49,13.64,73.646,578.74,111.4,889.686,148.281
2022-12-17,14.879999999999999,83.14,25.68,57.766,411.85,57.989999999999995,651.306,108.551
2022-12-18,14.96,72.74,29.650000000000002,53.385999999999996,332.61,35.85,539.196,89.866
2022-12-19,14.96,74.4,25.9,66.89,505.55,25.36,713.0600000000001,118.84333333333335
2022-12-20,14.879999999999999,75.74,26.21,72.039,542.82,7.62,739.3090000000001,123.21816666666668
2022-12-21,14.77,79.25,22.41,68.779,524.39,27.939999999999998,737.539,122.92316666666666
2022-12-22,14.719999999999999,78.07,21.05,61.26,450.97,46.28,672.35,112.05833333333334
2022-12-23,14.879999999999999,69.14,22.4,52.841,376.23,61.24,596.731,99.45516666666667
2022-12-24,14.879999999999999,63.14,16.8,34.897,253.62,61.08,444.417,74.06949999999999
2022-12-25,14.879999999999999,54.36,24.12,37.329,251.51,16.97,399.169,66.52816666666666
2022-12-26,14.879999999999999,64.89,19.41,39.073,263.79,47.55,449.593,74.93216666666667
2022-12-27,14.87,59.37,26.729999999999997,56.422,367.12,55.74,580.252,96.70866666666666
2022-12-28,14.879999999999999,77.12,26.310000000000002,55.579,370.44,27.27,571.5989999999999,95.2665
2022-12-29,14.82,67.61,23.85,50.834,359.94,44.77,561.824,93.63733333333333
2022-12-30,14.79,81.62,19.83,41.932,303.48,73.55,535.202,89.20033333333333
2022-12-31,14.879999999999999,60.68,26.3,52.153999999999996,355.8,22.02,531.8340000000001,88.63900000000001
2023-01-01,14.879999999999999,49.64,28.68,37.507999999999996,331.24,5.87,467.818,77.96966666666667
2023-01-02,14.78,55.72,20.88,51.914,431.04,18.8,593.134,98.85566666666666
2023-01-03,14.78,64.77,17.509999999999998,53.125,409.6,11.4,571.1850000000001,95.1975
2023-01-04,14.719999999999999,78.12,24.68,45.965,358.1,17.51,539.095,89.84916666666668
2023-01-05,14.82,62.63,27.6,54.718,379.9,36.78,576.448,96.07466666666666
2023-01-06,14.879999999999999,52.38,20.56,53.872,297.41,14.530000000000001,453.63200000000006,75.60533333333335
2023-01-07,14.879999999999999,47.2,20.37,48.97,323.01,8.55,462.98,77.16333333333334
2023-01-08,14.87,44.78,23.18,47.077,278.35,69.89,478.147,79.69116666666666
2023-01-09,14.6,64.43,11.870000000000001,73.172,353.14,170.84,688.052,114.67533333333334
2023-01-10,14.879999999999999,77.84,34.2,85.991,365.35,161.21,739.471,123.24516666666666
2023-01-11,14.879999999999999,73.87,33.89,88.326,440.14,111.55,762.656,127.10933333333332
2023-01-12,14.87,73.24,31.4,87.309,470.37,68.72,745.909,124.31816666666667
2023-01-13,13.37,70.36,23.25,87.533,487.78000000000003,54.42,736.713,122.7855
2023-01-14,14.879999999999999,59.33,36.5,79.129,358.77,64.1,612.709,102.11816666666665
2023-01-15,14.84,47.28,24.7,65.66,303.12,84.01,539.61,89.935
2023-01-16,14.87,73.4,15.22,87.925,431.27,147.02,769.7049999999999,128.28416666666666
2023-01-17,14.85,73.76,9.540000000000001,92.444,466.85,164.34,821.784,136.964
2023-01-18,14.48,78.71,17.93,94.27,483.86,141.8,831.05,138.50833333333333
2023-01-19,15.0,99.95,22.75,91.39,530.23,96.21000000000001,855.53,142.58833333333334
2023-01-20,14.73,91.08,20.45,93.757,519.95,103.35,843.3170000000001,140.55283333333335
2023-01-21,15.0,83.96000000000001,23.86,80.856,359.97,97.47,661.116,110.18599999999999
2023-01-22,14.879999999999999,80.23,22.76,68.957,363.05,32.89,582.7669999999999,97.12783333333333
2023-01-23,14.85,87.1,19.43,88.998,593.65,55.25,859.278,143.213
2023-01-24,14.69,80.8,37.71,104.308,625.88,33.87,897.2579999999999,149.54299999999998
2023-01-25,14.469999999999999,76.28,24.88,98.887,608.0,64.59,887.1070000000001,147.85116666666667
2023-01-26,14.879999999999999,70.91,28.5,102.486,590.83,81.25,888.856,148.14266666666666
2023-01-27,15.01,81.96,34.13,93.117,536.88,91.25,852.347,142.05783333333332
2023-01-28,15.01,61.230000000000004,35.82,71.13,411.3,47.519999999999996,642.01,107.00166666666667
2023-01-29,15.120000000000001,59.73,47.98,70.738,349.17,62.7,605.4380000000001,100.90633333333335
2023-01-30,14.75,78.33,47.830000000000005,90.757,525.64,61.480000000000004,818.787,136.46450000000002
2023-01-31,14.83,69.14,51.34,95.85,522.13,99.98,853.27,142.21166666666667
2023-02-01,14.74,66.3,49.82,101.62,490.77,80.16,803.41,133.90166666666667
2023-02-02,14.78,70.61,52.08,103.981,499.61,35.5,776.561,129.42683333333335
2023-02-03,14.87,66.51,51.33,99.539,473.08,66.02,771.3489999999999,128.55816666666666
2023-02-04,14.879999999999999,52.8,47.58,85.231,341.94,118.29,660.721,110.12016666666666
2023-02-05,15.1,49.61,47.49,72.492,268.57,160.58,613.842,102.307
2023-02-06,14.559999999999999,64.39,43.62,79.901,496.90999999999997,129.32,828.701,138.11683333333335
2023-02-07,14.559999999999999,66.42999999999999,54.73,89.322,522.75,86.82,834.6120000000001,139.102
2023-02-08,15.06,63.63,48.2,101.715,521.36,75.74,825.705,137.6175
2023-02-09,15.120000000000001,70.53,40.27,102.239,557.36,76.69,862.2090000000001,143.7015
2023-02-10,14.76,71.16,55.83,107.732,481.0,107.39,837.872,139.64533333333333
2023-02-11,14.69,49.17,61.78,91.426,410.92,40.85,668.836,111.47266666666667
2023-02-12,14.64,47.27,55.35,73.675,315.76,79.01,585.705,97.6175
2023-02-13,14.719999999999999,57.86,58.03,98.396,506.53,35.93,771.466,128.57766666666666
2023-02-14,14.879999999999999,57.12,60.7,98.525,487.15,65.72,784.095,130.6825
2023-02-15,14.74,59.57,64.6,100.493,494.92,39.37,773.693,128.94883333333334
2023-02-16,14.879999999999999,56.74,46.160000000000004,89.45400000000001,519.92,33.86,761.014,126.83566666666667
2023-02-17,14.87,55.32,54.21,92.763,511.09000000000003,32.22,760.4730000000001,126.7455
2023-02-18,14.62,52.21,54.94,72.081,331.37,58.12,583.341,97.2235
2023-02-19,14.64,39.28,50.42,60.973,290.09,76.3,531.703,88.61716666666666
2023-02-20,14.64,51.08,55.23,82.583,487.14,14.530000000000001,705.203,117.53383333333333
2023-02-21,14.73,55.480000000000004,42.9,79.798,520.99,32.27,746.168,124.36133333333333
2023-02-22,14.65,55.5,34.980000000000004,77.09,545.64,7.91,735.77,122.62833333333333
2023-02-23,14.5,53.01,37.01,88.766,545.5,6.95,745.7360000000001,124.28933333333335
2023-02-24,14.65,52.72,40.78,82.789,483.5,51.62,726.0590000000001,121.00983333333335
2023-02-25,14.84,54.64,21.03,56.315,332.84,103.03,582.6949999999999,97.11583333333333
2023-02-26,14.94,41.52,18.36,46.296,285.29,110.58,516.986,86.16433333333333
2023-02-27,14.77,65.26,38.19,85.268,503.69,37.14,744.318,124.053
2023-02-28,14.879999999999999,61.51,35.79,91.179,537.1,55.15,795.609,132.60150000000002
2023-03-01,14.78,65.07,35.18,88.065,567.32,46.5,816.9150000000001,136.1525
2023-03-02,14.83,63.87,36.65,90.374,581.96,33.76,821.444,136.90733333333333
2023-03-03,14.68,64.68,53.89,100.581,554.35,32.7,820.8810000000001,136.8135
2023-03-04,14.879999999999999,47.69,65.65,72.303,368.14,68.92999999999999,637.593,106.26549999999999
2023-03-05,14.879999999999999,44.09,74.89,68.944,350.07,63.14,616.014,102.669
2023-03-06,14.34,66.56,46.36,86.649,495.23,100.37,809.509,134.91816666666668
2023-03-07,14.17,55.910000000000004,68.38,91.759,504.09,95.01,829.319,138.21983333333333
2023-03-08,14.11,50.14,55.07,84.773,474.01,118.48,796.583,132.76383333333334
2023-03-09,14.12,54.02,60.56,89.175,407.51,141.11,766.495,127.74916666666667
2023-03-10,14.16,53.14,54.43,98.679,385.69,155.43,761.529,126.9215
2023-03-11,13.94,52.77,63.54,87.413,281.38,134.72,633.763,105.62716666666667
2023-03-12,14.059999999999999,51.160000000000004,72.5,79.58500000000001,269.16,63.64,550.105,91.68416666666667
2023-03-13,14.01,59.12,72.0,94.908,403.74,44.04,687.818,114.63633333333333
2023-03-14,13.909999999999998,64.52,42.14,95.087,389.19,135.37,740.217,123.3695
2023-03-15,14.129999999999999,67.8,58.28,98.46,377.69,148.76,765.1199999999999,127.51999999999998
2023-03-16,14.16,58.64,86.66,103.05,370.24,141.33,774.08,129.01333333333335
2023-03-17,14.16,63.45,88.39,97.71600000000001,401.83,62.06,727.606,121.26766666666667
2023-03-18,14.16,49.22,87.65,82.94200000000001,354.57,18.65,607.192,101.19866666666667
2023-03-19,14.03,46.72,51.24,66.309,309.97,9.120000000000001,497.389,82.89816666666667
2023-03-20,13.79,65.05,37.94,83.161,472.38,19.67,691.991,115.33183333333334
2023-03-21,13.68,56.61,66.46000000000001,95.058,465.58,46.44,743.828,123.97133333333333
2023-03-22,13.729999999999999,54.92,75.64,96.669,450.09000000000003,22.43,713.4789999999999,118.91316666666665
2023-03-23,13.95,54.32,81.39999999999999,98.10300000000001,436.65000000000003,17.29,701.713,116.95216666666666
2023-03-24,14.11,60.699999999999996,76.95,92.761,395.33,68.03,707.881,117.98016666666666
2023-03-25,14.049999999999999,46.98,88.91,83.57000000000001,260.2,119.42,613.13,102.18833333333333
2023-03-26,14.02,43.38,73.4,63.827,217.04999999999998,103.43,515.107,85.85116666666666
2023-03-27,14.59,62.12,70.64999999999999,96.147,349.12,135.14,727.7669999999999,121.29449999999999
2023-03-28,14.709999999999999,59.95,93.52000000000001,108.437,380.24,117.25,774.107,129.01783333333333
2023-03-29,14.36,58.88,80.75,101.281,407.35,87.87,750.4910000000001,125.08183333333335
2023-03-30,14.559999999999999,56.660000000000004,70.89,89.643,411.46,86.59,729.803,121.63383333333333
2023-03-31,14.58,60.47,53.33,103.781,361.4,123.17,716.7309999999999,119.45516666666664
2023-04-01,14.64,50.97,88.72,90.013,215.26,129.67,589.2729999999999,98.21216666666665
2023-04-02,14.73,41.38,69.93,91.345,241.68,49.9,508.965,84.8275
2023-04-03,14.709999999999999,55.25,72.57,129.582,317.54,162.02,751.672,125.27866666666667
2023-04-04,14.65,66.31,89.5,134.212,362.6,125.09,792.3620000000001,132.06033333333335
2023-04-05,14.84,66.24,73.01,126.854,457.31,53.63,791.884,131.98066666666668
2023-04-06,14.78,47.88,89.36,102.085,383.4,93.67,731.175,121.8625
2023-04-07,14.67,47.42,84.13000000000001,86.135,394.09,30.99,657.435,109.57249999999999
2023-04-08,14.67,40.08,78.0,75.971,264.75,45.56,519.031,86.50516666666665
2023-04-09,14.66,32.06,77.73,72.007,257.08,63.53,517.067,86.17783333333334
2023-04-10,14.69,34.49,86.82,75.208,198.1,123.98,533.288,88.88133333333333
2023-04-11,14.64,48.21,90.59,114.193,312.66,84.78,665.073,110.8455
2023-04-12,14.64,54.27,77.71,102.87,399.42,72.68,721.5900000000001,120.26500000000003
2023-04-13,14.64,55.94,49.92,88.233,387.02,117.1,712.853,118.80883333333333
2023-04-14,14.67,53.870000000000005,75.95,90.931,320.11,153.3,708.8309999999999,118.13849999999998
2023-04-15,14.629999999999999,46.66,74.02,65.988,234.51,107.77,543.578,90.59633333333333
2023-04-16,14.64,47.37,80.7,55.521,203.73,74.78,476.741,79.45683333333334
2023-04-17,14.28,67.91,58.31,94.54,372.23,75.84,683.11,113.85166666666667
2023-04-18,14.03,63.06,67.82,86.587,415.67,31.15,678.317,113.05283333333334
2023-04-19,14.16,64.6,98.09,102.147,394.48,26.35,699.8270000000001,116.63783333333335
2023-04-20,14.16,58.77,77.02,99.597,417.74,23.21,690.4970000000001,115.08283333333334
2023-04-21,14.16,66.36,87.67,89.377,385.47,14.39,657.427,109.57116666666667
2023-04-22,14.99,54.61,107.2,83.324,265.24,15.66,541.024,90.17066666666666
2023-04-23,15.2,47.57,100.62,66.523,207.73,40.32,477.96299999999997,79.6605
2023-04-24,15.16,61.25,85.57000000000001,79.727,198.08,130.81,570.597,95.09949999999999
2023-04-25,15.21,61.9,92.6,77.825,180.85,119.57,547.9549999999999,91.32583333333332
2023-04-26,15.14,65.29,105.75,102.382,304.65,85.57,678.7819999999999,113.13033333333333
2023-04-27,15.01,64.65,103.64,84.909,349.85,16.05,634.1089999999999,105.68483333333332
2023-04-28,14.94,68.3,97.03,84.315,339.35,35.95,639.885,106.6475
2023-04-29,15.19,67.72,72.45,65.668,225.91,40.09,487.028,81.17133333333334
2023-04-30,15.120000000000001,72.15,55.95,66.885,196.19,21.3,427.595,71.26583333333333
2023-05-01,15.09,78.61,35.07,59.882,188.91,58.36,435.922,72.65366666666667
2023-05-02,14.469999999999999,91.41,48.17,108.364,361.23,68.5,692.144,115.35733333333333
2023-05-03,14.96,100.33,70.19,116.537,340.15,100.34,742.507,123.75116666666666
2023-05-04,14.82,98.18,100.8,116.258,322.37,75.12,727.548,121.258
2023-05-05,14.79,104.26,106.41,110.693,322.19,33.84,692.1830000000001,115.36383333333335
2023-05-06,15.05,103.01,110.55,79.06099999999999,241.57,14.16,563.401,93.90016666666666
2023-05-07,15.04,96.7,103.16,72.727,195.42000000000002,18.330000000000002,501.377,83.56283333333333
2023-05-08,14.98,127.52,47.18,87.851,365.9,24.71,668.1410000000001,111.35683333333334
2023-05-09,14.91,123.63,69.88,93.366,382.23,25.0,709.0160000000001,118.16933333333334
2023-05-10,14.93,144.66,39.089999999999996,84.155,390.72,37.66,711.215,118.53583333333334
2023-05-11,15.03,152.05,81.41,92.637,288.25,100.0,729.377,121.56283333333333
2023-05-12,15.120000000000001,155.54,70.37,88.793,280.99,59.88,670.693,111.78216666666667
2023-05-13,15.120000000000001,133.98,47.81,67.072,209.97,49.269999999999996,523.222,87.20366666666666
2023-05-14,15.120000000000001,125.85,53.54,60.604,176.29,55.65,487.054,81.17566666666666
2023-05-15,15.06,138.94,62.51,90.842,272.5,60.13,639.982,106.66366666666666
2023-05-16,15.120000000000001,147.83,48.050000000000004,91.04,269.87,114.08,685.9900000000001,114.33166666666669
2023-05-17,15.03,135.85,52.04,83.345,297.25,96.65,680.165,113.36083333333333
2023-05-18,14.93,135.22,64.55,87.78,321.68,25.76,649.9200000000001,108.32000000000001
2023-05-19,14.96,144.71,43.09,84.204,327.58,55.4,669.944,111.65733333333333
2023-05-20,14.94,130.18,25.919999999999998,59.268,233.01,83.15,546.468,91.07799999999999
2023-05-21,14.629999999999999,129.06,71.3,64.992,160.44,56.71,497.132,82.85533333333333
2023-05-22,14.34,148.29,88.62,98.411,279.67,22.56,651.891,108.6485
2023-05-23,14.68,147.9,102.58,111.667,320.88,9.96,707.667,117.9445
2023-05-24,14.8,164.23,100.76,115.596,339.73,13.81,748.9259999999999,124.82099999999998
2023-05-25,14.879999999999999,166.72,85.74,112.978,318.02,25.54,723.8779999999999,120.64633333333332
2023-05-26,14.92,167.77,99.53,119.624,243.34,78.86,724.0440000000001,120.67400000000002
2023-05-27,14.93,163.43,108.27,94.959,167.36,69.56,618.509,103.08483333333334
2023-05-28,14.96,161.65,107.92,73.804,147.88,35.88,542.094,90.349
2023-05-29,14.8,179.7,95.02000000000001,103.406,273.29,19.9,686.116,114.35266666666666
2023-05-30,14.53,174.17000000000002,83.99,113.636,317.88,15.42,719.626,119.93766666666666
2023-05-31,14.73,171.99,85.0,113.088,334.65999999999997,16.03,735.4979999999999,122.58299999999998
2023-06-01,14.879999999999999,161.79,90.19,96.119,319.03,14.34,696.349,116.05816666666668
2023-06-02,14.879999999999999,156.56,101.07000000000001,82.30499999999999,219.12,12.05,585.9849999999999,97.66416666666665
2023-06-03,14.79,162.49,92.52,80.202,206.58,13.9,570.482,95.08033333333333
2023-06-04,14.76,165.19,75.95,68.237,208.25,12.0,544.387,90.73116666666665
2023-06-05,14.559999999999999,178.04,52.24,84.423,342.74,26.8,698.803,116.46716666666667
2023-06-06,14.52,174.02,73.98,99.239,369.24,15.69,746.6890000000001,124.44816666666668
2023-06-07,14.209999999999999,189.7,86.42,99.241,359.36,8.77,757.701,126.2835
2023-06-08,14.53,181.34,99.69,101.167,340.24,9.97,746.937,124.4895
2023-06-09,14.41,195.3,87.28,88.047,317.37,18.45,720.8570000000001,120.14283333333334
2023-06-10,14.32,179.47,72.93,60.211,218.65,19.5,565.081,94.18016666666666
2023-06-11,14.28,163.92,98.14,60.789,172.23,23.45,532.809,88.80149999999999
2023-06-12,14.299999999999999,192.56,96.74,95.632,275.99,42.5,717.722,119.62033333333333
2023-06-13,14.399999999999999,201.48,72.17,102.183,372.57,16.19,778.993,129.83216666666667
2023-06-14,14.5,189.35,62.46,104.563,392.97,12.78,776.623,129.43716666666668
2023-06-15,14.5,188.63,84.35,112.474,360.96,50.04,810.954,135.159
2023-06-16,14.57,191.84,99.35000000000001,113.851,281.29,125.44,826.3410000000001,137.72350000000003
2023-06-17,14.42,171.2,114.74,90.976,203.89000000000001,98.98,694.206,115.70100000000001
2023-06-18,14.469999999999999,157.19,112.06,84.615,191.23,37.03,596.595,99.4325
2023-06-19,14.54,157.63,102.31,112.976,365.98,19.37,772.806,128.80100000000002
2023-06-20,14.54,150.35,100.21,113.041,462.84,16.63,857.611,142.93516666666667
2023-06-21,14.87,149.09,94.89,121.973,467.21000000000004,17.71,865.7430000000002,144.29050000000004
2023-06-22,14.58,164.07,88.21000000000001,117.123,466.88,16.45,867.3130000000001,144.5521666666667
2023-06-23,14.559999999999999,156.42,92.8,110.395,411.01,63.48,848.665,141.44416666666666
2023-06-24,14.879999999999999,137.62,105.87,88.563,282.38,58.21,687.523,114.58716666666668
2023-06-25,14.89,133.56,111.01,82.107,213.49,92.21,647.267,107.87783333333334
2023-06-26,14.74,142.88,105.8,117.619,390.84000000000003,61.3,833.179,138.86316666666667
2023-06-27,14.32,147.92,101.38,125.981,483.06,28.0,900.6610000000001,150.1101666666667
2023-06-28,14.34,125.59,89.26,117.277,487.64,49.6,883.707,147.2845
2023-06-29,14.299999999999999,122.06,97.71,123.144,474.88,32.53,864.624,144.104
2023-06-30,14.53,135.27,71.55,96.503,476.09,21.19,815.133,135.8555
2023-07-01,14.89,122.42,83.48,77.533,261.12,92.3,651.7429999999999,108.62383333333332
2023-07-02,14.81,128.44,103.68,86.265,221.56,52.63,607.385,101.23083333333334
2023-07-03,14.62,146.69,99.69,110.043,378.6,50.14,799.783,133.29716666666667
2023-07-04,14.62,139.28,102.72999999999999,107.522,438.59000000000003,40.31,843.0519999999999,140.50866666666664
2023-07-05,14.64,139.43,103.0,107.566,432.67,32.05,829.356,138.226
2023-07-06,14.66,161.38,94.05,107.428,438.22,23.44,839.1780000000001,139.86300000000003
2023-07-07,14.44,139.49,105.48,89.895,419.97,33.84,803.1150000000001,133.85250000000002
2023-07-08,14.1,130.1,104.01,67.104,294.42,26.990000000000002,636.7239999999999,106.12066666666665
2023-07-09,14.0,117.12,111.18,66.159,253.17,20.16,581.789,96.96483333333333
2023-07-10,13.68,156.1,102.38,94.398,480.65,16.38,863.588,143.93133333333333
2023-07-11,13.94,136.63,99.63,102.574,574.2,11.88,938.854,156.47566666666668
2023-07-12,13.799999999999999,147.54,93.95,97.024,555.07,53.57,960.9540000000001,160.15900000000002
2023-07-13,13.78,152.9,74.95,94.494,506.39,84.25,926.764,154.46066666666667
2023-07-14,14.2,160.84,98.11,100.782,496.08,28.689999999999998,898.702,149.78366666666668
2023-07-15,14.229999999999999,138.08,103.86,90.973,384.98,10.97,743.0930000000001,123.84883333333335
2023-07-16,14.379999999999999,133.23,107.58,85.054,338.61,10.18,689.034,114.839
2023-07-17,14.34,153.69,99.19,108.52,560.9399999999999,14.67,951.3499999999999,158.5583333333333
2023-07-18,14.26,155.21,97.4,114.68,609.68,30.08,1021.3100000000001,170.21833333333333
2023-07-19,14.299999999999999,150.24,94.17,116.904,625.79,40.52,1041.924,173.654
2023-07-20,14.549999999999999,159.32,96.94,116.95,599.99,45.15,1032.9,172.15
2023-07-21,14.559999999999999,157.29,86.91,115.884,581.86,49.45,1005.9540000000001,167.65900000000002
2023-07-22,14.709999999999999,131.42000000000002,96.24,110.246,390.2,74.64,817.456,136.24266666666668
2023-07-23,14.42,123.47,103.03,93.609,349.6,45.83,729.9590000000001,121.65983333333334
2023-07-24,14.299999999999999,152.0,77.2,104.673,531.2,59.97,939.3430000000001,156.5571666666667
2023-07-25,14.16,157.21,75.73,111.788,495.23,113.69,967.808,161.30133333333333
2023-07-26,14.459999999999999,150.97,93.29,115.949,397.99,127.52,900.1790000000001,150.02983333333336
2023-07-27,14.719999999999999,159.69,100.24,114.202,398.05,37.35,824.2520000000001,137.37533333333334
2023-07-28,14.43,148.13,92.37,108.059,410.82,31.02,804.829,134.13816666666665
2023-07-29,14.469999999999999,125.86,103.08,89.479,339.11,19.15,691.149,115.1915
2023-07-30,14.58,130.55,105.04,73.887,257.54,37.85,619.447,103.24116666666667
2023-07-31,14.29,155.03,89.97,92.597,429.36,32.63,813.877,135.64616666666666
2023-08-01,14.68,146.91,93.61,94.011,413.56,66.13,828.901,138.15016666666665
2023-08-02,14.34,146.25,102.22999999999999,98.462,390.31,85.48,837.072,139.512
2023-08-03,13.93,151.51,93.42999999999999,100.645,450.5,47.12,857.135,142.85583333333332
2023-08-04,14.69,151.74,68.05,90.054,413.69,63.58,801.804,133.634
2023-08-05,15.120000000000001,111.76,71.64,76.487,236.04000000000002,112.58,623.6270000000001,103.93783333333334
2023-08-06,15.05,99.04,111.98,72.767,168.9,115.76,583.497,97.2495
2023-08-07,15.09,114.66,106.92,85.616,243.68,72.39,638.356,106.39266666666667
2023-08-08,15.05,115.42999999999999,113.54,86.494,276.75,41.309999999999995,648.574,108.09566666666666
2023-08-09,14.879999999999999,119.56,107.51,79.155,302.71,20.44,644.2550000000001,107.37583333333335
2023-08-10,14.82,137.92,109.03,80.33200000000001,290.62,25.63,658.352,109.72533333333332
2023-08-11,14.87,137.82,107.58,78.365,254.24,40.94,633.815,105.63583333333334
2023-08-12,14.89,141.08,111.09,67.296,204.25,52.64,591.246,98.541
2023-08-13,14.09,128.13,111.10000000000001,60.839999999999996,225.64,23.62,563.42,93.90333333333332
2023-08-14,13.759999999999998,135.01,106.08,65.937,262.86,13.72,597.367,99.56116666666667
2023-08-15,13.629999999999999,110.37,106.09,61.291000000000004,260.14,17.52,569.0409999999999,94.84016666666666
2023-08-16,13.669999999999998,120.67,105.41,89.29299999999999,307.3,26.56,662.903,110.48383333333334
2023-08-17,13.69,119.42,99.31,89.382,312.74,41.55,676.092,112.682
2023-08-18,13.62,120.37,102.53,80.187,311.89,33.09,661.687,110.28116666666666
2023-08-19,13.78,113.88,99.98,63.628,273.86,45.0,610.1279999999999,101.68799999999999
2023-08-20,13.639999999999999,108.61,101.86,58.143,257.81,90.59,630.6530000000001,105.10883333333335
2023-08-21,13.61,126.97,100.49,83.057,394.16,83.1,801.3870000000001,133.5645
2023-08-22,13.69,134.19,101.01,90.518,489.22,52.72,881.3480000000001,146.89133333333334
2023-08-23,13.799999999999999,131.19,97.64,87.611,520.0600000000001,29.0,879.301,146.55016666666668
2023-08-24,13.799999999999999,123.35,97.41,91.653,545.95,18.47,890.633,148.43883333333335
2023-08-25,13.799999999999999,125.99,94.21,94.272,546.37,12.95,887.5920000000001,147.93200000000002
2023-08-26,13.86,110.82000000000001,94.21000000000001,79.859,436.74,16.31,751.799,125.29983333333332
2023-08-27,13.919999999999998,120.55,72.26,64.331,340.62,44.0,655.681,109.28016666666667
2023-08-28,13.899999999999999,140.95,52.95,85.997,407.87,130.53,832.197,138.6995
2023-08-29,13.85,148.24,60.08,91.868,378.82,140.28,833.1379999999999,138.8563333333333
2023-08-30,13.889999999999999,163.24,83.26,102.672,334.29,114.45,811.8020000000001,135.30033333333336
2023-08-31,13.919999999999998,145.47,90.23,109.275,357.92,58.94,775.7550000000001,129.29250000000002
2023-09-01,14.32,143.32999999999998,96.32000000000001,107.218,407.34,16.49,785.018,130.83633333333333
2023-09-02,15.01,127.86,100.72,94.417,300.82,15.11,653.937,108.9895
2023-09-03,15.0,121.08,95.21,76.514,230.21,36.96,574.974,95.82900000000001
2023-09-04,15.02,129.85,84.78,102.044,322.88,145.35,799.9240000000001,133.32066666666668
2023-09-05,15.24,128.68,79.00999999999999,109.664,345.05,158.75,836.394,139.399
2023-09-06,14.879999999999999,135.74,82.86,111.457,368.76,122.15,835.847,139.30783333333332
2023-09-07,14.719999999999999,129.41,79.36,101.852,399.28,93.71,818.332,136.38866666666667
2023-09-08,15.06,132.18,86.64,96.611,406.02,66.64,803.151,133.8585
2023-09-09,15.120000000000001,118.3,94.03,77.727,287.07,48.64,640.8870000000001,106.81450000000001
2023-09-10,15.120000000000001,109.12,97.42999999999999,71.206,261.08,39.65,593.606,98.93433333333333
2023-09-11,14.879999999999999,123.17,93.78,102.498,457.92,17.48,809.7280000000001,134.95466666666667
2023-09-12,14.65,119.98,87.16,109.655,520.59,14.71,866.7450000000001,144.4575
2023-09-13,14.43,130.23,59.980000000000004,103.504,509.72,26.79,844.654,140.77566666666667
2023-09-14,14.07,111.58,65.1,95.068,517.89,16.64,820.348,136.72466666666665
2023-09-15,14.66,112.06,70.49,85.732,506.83,8.27,798.0419999999999,133.00699999999998
2023-09-16,14.64,95.19,59.72,62.467,390.14,10.57,632.727,105.4545
2023-09-17,14.66,94.05,75.84,57.304,303.46,10.03,555.3439999999999,92.55733333333332
2023-09-18,14.78,117.9,51.81,76.36500000000001,472.35,22.11,755.315,125.88583333333334
2023-09-19,14.84,122.28999999999999,73.19,101.945,483.38,44.34,839.985,139.9975
2023-09-20,14.879999999999999,110.21,41.75,89.42,560.91,18.36,835.53,139.255
2023-09-21,14.51,118.61,56.989999999999995,84.943,476.4,62.27,813.723,135.6205
2023-09-22,14.64,135.08,48.41,82.008,412.46,106.96,799.558,133.25966666666667
2023-09-23,14.95,128.58,63.29,71.374,262.7,81.85,622.744,103.79066666666667
2023-09-24,15.04,117.59,84.69,63.01,197.0,94.08,571.41,95.235
2023-09-25,14.99,123.73,78.24,84.2,330.18,80.01,711.3499999999999,118.55833333333332
2023-09-26,14.83,114.59,77.63000000000001,81.273,346.75,129.63,764.703,127.45049999999999
2023-09-27,15.02,117.92,86.19,91.46,399.6,80.06,790.25,131.70833333333334
2023-09-28,14.99,114.76,81.8,95.319,428.53,27.98,763.379,127.22983333333333
2023-09-29,14.98,116.21000000000001,83.07,91.414,406.21,19.46,731.344,121.89066666666668
2023-09-30,15.05,102.11,85.42999999999999,65.33,290.85,29.18,587.9499999999999,97.99166666666666
2023-10-01,15.06,93.55,86.29,54.75,193.32,55.14,498.11,83.01833333333333
2023-10-02,14.92,103.68,82.68,75.518,329.98,61.11,667.888,111.31466666666667
2023-10-03,14.93,98.5,79.34,85.118,417.75,15.89,711.528,118.58800000000001
2023-10-04,14.96,98.74,68.9,82.659,433.32,16.41,714.9889999999999,119.16483333333332
2023-10-05,14.879999999999999,103.8,69.3,90.565,419.88,10.23,708.655,118.10916666666667
2023-10-06,14.93,98.27,72.15,83.518,417.08,16.19,702.138,117.02300000000001
2023-10-07,15.04,80.34,80.43,72.944,292.07,15.51,556.3340000000001,92.72233333333334
2023-10-08,14.98,78.25,81.76,65.665,240.17,38.03,518.855,86.47583333333334
2023-10-09,15.03,93.52,77.02,89.619,411.13,24.55,710.8689999999999,118.47816666666665
2023-10-10,14.98,97.73,72.01,92.09100000000001,441.29,28.58,746.6810000000002,124.44683333333336
2023-10-11,14.99,94.6,69.3,93.321,465.45,8.1,745.7610000000001,124.29350000000001
2023-10-12,14.82,91.8,67.7,91.653,449.7,8.22,723.893,120.64883333333334
2023-10-13,15.06,87.22,69.81,83.356,441.51,11.94,708.8960000000001,118.14933333333335
2023-10-14,14.89,64.69,69.7,73.76,270.86,58.0,551.9000000000001,91.98333333333335
2023-10-15,14.96,64.01,63.26,64.571,194.19,107.71000000000001,508.701,84.7835
2023-10-16,15.07,75.83,35.38,79.607,435.48,37.85,679.217,113.20283333333333
2023-10-17,14.78,77.66,48.38,91.158,493.01,31.56,756.548,126.09133333333334
2023-10-18,14.57,89.43,30.71,79.787,504.82,25.88,745.197,124.1995
2023-10-19,14.39,89.01,35.95,77.506,421.71,103.34,741.9060000000001,123.65100000000001
2023-10-20,14.93,106.7,34.55,80.58,364.51,156.34,757.61,126.26833333333333
2023-10-21,15.1,132.79,38.660000000000004,62.342,252.59,91.42999999999999,592.9119999999999,98.81866666666666
2023-10-22,15.120000000000001,114.07,64.42,65.193,209.63,56.76,525.193,87.53216666666667
2023-10-23,14.98,123.98,51.65,79.715,415.45,32.3,718.075,119.67916666666667
2023-10-24,14.77,131.2,25.26,77.083,418.43,87.18,753.923,125.65383333333334
2023-10-25,15.02,143.45,28.36,86.425,371.43,97.44,742.125,123.6875
2023-10-26,14.65,146.27,40.65,86.735,348.15999999999997,120.28,756.7449999999999,126.12416666666665
2023-10-27,14.62,156.27,48.74,90.653,273.56,155.1,738.9430000000001,123.15716666666668
2023-10-28,15.09,152.33,60.67,78.472,182.88,104.5,593.942,98.99033333333334
2023-10-29,15.54,148.79,48.52,75.164,189.78,59.62,537.414,89.569
2023-10-30,14.82,161.81,34.18,73.39099999999999,286.7,91.68,662.5810000000001,110.4301666666667
2023-10-31,14.82,168.77,51.18,82.184,241.58,136.19,694.7239999999999,115.78733333333332
2023-11-01,14.879999999999999,175.34,23.4,62.649,187.97,46.03,510.269,85.04483333333333
2023-11-02,14.61,177.59,27.67,91.767,286.61,127.27,725.517,120.91950000000001
2023-11-03,14.85,184.77,41.61,80.261,216.46,158.47,696.421,116.07016666666668
2023-11-04,14.84,175.18,53.26,67.201,141.78,127.95,580.211,96.70183333333334
2023-11-05,14.76,166.77,57.67,62.607,128.74,156.01,586.557,97.7595
2023-11-06,14.69,176.64000000000001,53.1,92.82300000000001,251.98,97.31,686.5430000000001,114.42383333333335
2023-11-07,14.73,169.85999999999999,34.72,94.576,340.91,62.589999999999996,717.3860000000001,119.56433333333335
2023-11-08,14.87,156.81,41.059999999999995,93.035,364.24,37.129999999999995,707.145,117.8575
2023-11-09,14.6,152.96,39.31,85.876,380.78000000000003,27.9,701.426,116.90433333333334
2023-11-10,13.959999999999999,159.34,22.65,64.475,301.26,111.52,673.2049999999999,112.20083333333332
2023-11-11,14.1,140.79,54.26,72.209,207.74,129.96,619.059,103.17649999999999
2023-11-12,14.12,146.41,24.13,56.514,219.6,84.78,545.554,90.92566666666666
2023-11-13,13.979999999999999,145.52,46.71,90.14099999999999,333.88,84.68,714.9110000000001,119.15183333333334
2023-11-14,13.85,140.53,34.01,89.323,321.13,129.22,728.063,121.34383333333334
2023-11-15,14.079999999999998,132.97,41.53,80.648,323.32,124.28,716.828,119.47133333333333
2023-11-16,15.07,136.39,37.78,74.801,363.92,60.96,688.921,114.82016666666668
2023-11-17,15.280000000000001,138.15,49.940000000000005,80.4,263.75,153.93,701.45,116.90833333333335
2023-11-18,15.36,123.59,55.92,65.368,217.14,110.5,587.8779999999999,97.97966666666666
2023-11-19,15.21,107.01,49.08,59.245,212.84,73.46,516.845,86.14083333333333
2023-11-20,15.120000000000001,132.08,28.7,75.7,375.56,68.68,695.8400000000001,115.97333333333336
2023-11-21,15.120000000000001,130.42,16.9,65.632,418.09,69.92,716.082,119.347
2023-11-22,15.01,125.15,26.830000000000002,73.283,417.61,63.7,721.5830000000001,120.26383333333335
2023-11-23,15.05,116.0,35.34,82.544,377.39,120.62,746.9440000000001,124.49066666666668
2023-11-24,15.2,104.19,41.81,87.566,388.47,68.28,705.516,117.586
2023-11-25,15.35,108.73,40.66,61.775,204.54,166.15,597.205,99.53416666666668
2023-11-26,15.34,110.69,50.62,53.921,240.09,71.2,541.861,90.31016666666666
2023-11-27,15.07,119.59,22.11,88.689,442.52,64.74,752.7189999999999,125.45316666666666
2023-11-28,14.879999999999999,113.73,27.75,109.003,406.21,165.88,837.453,139.5755
2023-11-29,14.879999999999999,110.98,39.61,107.028,524.51,66.83,863.8380000000001,143.973
2023-11-30,14.73,126.61,14.87,78.577,508.18,138.39,881.357,146.89283333333333
2023-12-01,14.97,121.64,19.52,81.602,480.69,159.93,878.3520000000001,146.39200000000002
2023-12-02,15.26,135.98,27.82,64.566,291.55,157.72,692.896,115.48266666666666
2023-12-03,15.36,127.62,39.24,63.813,246.52,78.72,571.273,95.21216666666668
2023-12-04,14.95,137.0,25.29,79.366,490.95,29.93,777.486,129.581
2023-12-05,14.26,135.41,11.77,84.248,520.81,76.5,842.9979999999999,140.49966666666666
2023-12-06,14.67,145.62,27.74,105.264,550.61,43.56,887.4639999999999,147.91066666666666
2023-12-07,14.59,143.43,40.24,99.494,459.22,69.85,826.8240000000001,137.804
2023-12-08,14.74,117.44,20.78,72.839,348.04,28.66,602.499,100.4165
2023-12-09,14.64,117.0,28.94,67.898,321.38,40.57,590.428,98.40466666666667
2023-12-10,14.62,101.23,27.61,62.645,205.63,134.8,546.5350000000001,91.08916666666669
2023-12-11,14.26,121.23,19.82,86.736,427.28000000000003,98.53,767.856,127.976
2023-12-12,14.229999999999999,117.63,21.36,87.699,467.48,109.39,817.789,136.29816666666667
2023-12-13,14.399999999999999,121.69,16.080000000000002,87.109,431.76,138.3,809.3389999999999,134.8898333333333
2023-12-14,14.26,118.87,18.49,83.183,488.69,77.65,801.1429999999999,133.52383333333333
2023-12-15,14.5,109.79,31.419999999999998,81.7,349.57,136.45,723.4300000000001,120.57166666666667
2023-12-16,14.07,100.17,34.24,63.866,226.45,163.36,602.156,100.35933333333332
2023-12-17,14.35,93.17,39.46,57.047,253.15,90.52,547.697,91.28283333333333
2023-12-18,14.84,111.27,38.019999999999996,74.738,410.5,46.92,696.2879999999999,116.04799999999999
2023-12-19,14.5,114.68,41.97,81.612,441.62,15.870000000000001,710.2520000000001,118.37533333333334
2023-12-20,14.69,108.99,27.11,71.315,446.89,26.240000000000002,695.235,115.8725
2023-12-21,14.8,104.61,30.35,66.37,376.07,74.26,666.46,111.07666666666667
2023-12-22,14.77,93.44,36.18,60.881,263.24,143.3,611.8109999999999,101.96849999999999
2023-12-23,14.97,76.14,35.9,45.492,192.71,143.82,509.032,84.83866666666667
2023-12-24,15.23,83.73,33.2,44.648,217.24,129.78,523.828,87.30466666666666
2023-12-25,15.120000000000001,76.75,31.39,43.633,248.59,76.36,491.843,81.97383333333333
2023-12-26,15.120000000000001,82.53,26.96,41.986,284.34,40.99,491.926,81.98766666666667
2023-12-27,15.07,89.42,27.0,54.05,408.39,6.640000000000001,600.57,100.09500000000001
2023-12-28,15.120000000000001,88.39,21.73,52.892,328.22,24.48,530.832,88.472
2023-12-29,15.13,79.6,19.53,43.4,382.81,17.85,558.32,93.05333333333334
2023-12-30,15.120000000000001,78.14,16.94,49.915,345.78999999999996,12.51,518.415,86.40249999999999
2023-12-31,15.120000000000001,89.22,16.42,35.702,324.19,34.2,514.852,85.80866666666667
2024-01-01,14.75,73.54,20.73,37.207,263.45,77.2,486.877,81.14616666666667
2024-01-02,15.11,82.23,30.61,56.397,336.15999999999997,83.26,603.7669999999999,100.62783333333333
2024-01-03,15.11,81.24,23.82,48.255,270.26,155.6,594.285,99.0475
2024-01-04,15.120000000000001,90.62,40.8,58.286,267.97,127.37,600.166,100.02766666666668
2024-01-05,15.07,112.17,14.12,40.195,290.69,88.72,560.965,93.49416666666667
2024-01-06,15.09,94.26,7.6499999999999995,51.494,249.94,89.69,508.124,84.68733333333334
2024-01-07,15.120000000000001,90.02,10.790000000000001,45.36,204.02,116.17,481.4800000000001,80.24666666666668
2024-01-08,14.43,128.2,15.92,74.516,354.64,91.75,679.4559999999999,113.24266666666665
2024-01-09,14.149999999999999,120.53,31.61,84.413,458.73,99.1,808.533,134.7555
2024-01-10,14.16,134.16,17.34,85.637,559.12,25.38,835.797,139.2995
2024-01-11,14.209999999999999,114.82,30.56,89.917,521.75,44.839999999999996,816.0970000000001,136.0161666666667
2024-01-12,14.079999999999998,116.29,45.18,96.611,423.34000000000003,107.52,803.021,133.83683333333332
2024-01-13,14.83,88.33,41.4,80.30799999999999,322.44,76.1,623.408,103.90133333333334
2024-01-14,14.79,77.24,28.75,67.597,282.09,95.33,565.797,94.29950000000001
2024-01-15,15.120000000000001,104.92,27.85,93.91499999999999,370.25,136.1,748.1550000000001,124.69250000000001
2024-01-16,14.48,109.31,34.36,99.45,482.33,83.79,823.72,137.28666666666666
2024-01-17,14.719999999999999,107.37,11.52,92.732,471.9,134.41,832.6519999999999,138.77533333333332
2024-01-18,14.709999999999999,105.99,40.4,97.05199999999999,371.65,168.73,798.5319999999999,133.08866666666665
2024-01-19,14.95,110.68,21.03,92.388,373.85,128.3,741.1980000000001,123.53300000000002
2024-01-20,15.120000000000001,86.55,33.21,87.67,249.85,157.66,630.06,105.00999999999999
2024-01-21,15.120000000000001,75.6,53.93,79.207,223.45,141.51,588.817,98.13616666666667
2024-01-22,14.98,110.47,53.669999999999995,101.335,428.58,51.88,760.915,126.81916666666666
2024-01-23,14.81,84.79,35.22,106.464,433.32,105.03,779.634,129.939
2024-01-24,14.8,102.97,41.63,102.071,422.74,82.57,766.781,127.79683333333332
2024-01-25,14.78,100.64,41.92,104.598,425.75,77.92,765.608,127.60133333333333
2024-01-26,14.82,111.5,34.78,90.868,457.88,17.490000000000002,727.338,121.223
2024-01-27,14.879999999999999,81.88,39.49,69.436,312.97,46.49,565.1460000000001,94.19100000000002
2024-01-28,14.879999999999999,72.88,47.18,65.972,211.29,98.29,510.492,85.08200000000001
2024-01-29,14.879999999999999,99.58,44.59,86.878,392.71,50.42,689.0579999999999,114.84299999999998
2024-01-30,14.879999999999999,96.45,50.69,93.031,453.6,29.7,738.3510000000001,123.05850000000002
2024-01-31,15.03,95.13,53.93,102.993,478.85,14.09,760.023,126.6705
2024-02-01,14.84,97.79,40.91,98.276,486.09,34.5,772.406,128.73433333333332
2024-02-02,15.0,89.78,53.82,102.615,419.13,78.09,758.4350000000001,126.40583333333335
2024-02-03,15.120000000000001,73.23,64.68,90.242,302.46999999999997,48.71,594.452,99.07533333333333
2024-02-04,15.08,60.88,55.36,74.153,233.60999999999999,91.11,530.193,88.3655
2024-02-05,15.01,84.42,46.67,80.44,367.83,101.38,695.75,115.95833333333333
2024-02-06,14.62,85.94,46.69,83.688,420.74,79.82,731.498,121.91633333333334
2024-02-07,15.06,92.54,33.22,93.725,456.0,78.16,768.7049999999999,128.11749999999998
2024-02-08,14.97,87.35,49.69,101.12,377.57,121.21000000000001,751.9100000000001,125.31833333333334
2024-02-09,14.879999999999999,111.08,25.65,95.491,370.54,123.16,740.801,123.46683333333334
2024-02-10,14.879999999999999,82.82,9.01,74.784,247.76,156.07999999999998,585.3340000000001,97.55566666666668
2024-02-11,14.89,71.15,27.49,62.033,195.31,155.33,526.203,87.70049999999999
2024-02-12,14.95,108.09,53.31,96.92699999999999,368.71,72.02,714.0070000000001,119.00116666666668
2024-02-13,14.84,101.48,56.5,99.166,360.9,81.96,714.846,119.141
2024-02-14,14.709999999999999,94.08,71.25,102.135,330.09,130.03,742.295,123.71583333333332
2024-02-15,14.98,79.27,69.32000000000001,96.322,394.8,59.75,714.442,119.07366666666667
2024-02-16,15.06,87.44,55.86,90.972,420.01,13.22,682.562,113.76033333333334
2024-02-17,14.99,82.12,62.93,72.39,292.36,9.87,534.66,89.11
2024-02-18,14.879999999999999,74.97,63.84,63.696,233.12,18.01,468.51599999999996,78.086
2024-02-19,14.879999999999999,92.94,51.56,82.537,372.04,37.28,651.237,108.53949999999999
2024-02-20,14.97,90.34,54.0,85.466,386.56,57.24,688.576,114.76266666666668
2024-02-21,14.76,98.28999999999999,68.16,88.321,352.75,48.65,670.9309999999999,111.82183333333332
2024-02-22,14.64,94.21,44.8,88.643,380.3,90.01,712.603,118.76716666666665
2024-02-23,14.81,108.78999999999999,18.3,75.993,321.22,154.77,693.883,115.64716666666668
2024-02-24,15.120000000000001,98.96000000000001,42.519999999999996,61.411,249.46,65.22,532.691,88.78183333333334
2024-02-25,15.120000000000001,86.98,52.18,59.879,202.53,47.67,464.359,77.39316666666666
2024-02-26,14.97,104.14,35.52,81.845,373.42,55.08,664.975,110.82916666666667
2024-02-27,14.879999999999999,106.9,30.52,85.061,403.42,82.15,722.931,120.4885
2024-02-28,14.86,110.08,27.669999999999998,87.4,374.96,119.03,734.0,122.33333333333333
2024-02-29,14.879999999999999,128.5,29.6,90.132,413.29,67.17,743.572,123.92866666666667
2024-03-01,14.879999999999999,124.31,40.41,93.201,386.4,59.36,718.561,119.76016666666668
2024-03-02,14.879999999999999,116.21,53.97,63.201,213.43,79.61,541.301,90.21683333333334
2024-03-03,14.709999999999999,117.37,58.22,60.309,169.03,94.76,514.399,85.73316666666666
2024-03-04,15.05,129.64,38.89,83.525,343.19,95.64,705.9350000000001,117.65583333333335
2024-03-05,14.69,122.66,68.68,92.501,348.15,68.93,715.6110000000001,119.26850000000002
2024-03-06,14.86,138.16,79.34,90.646,314.02,119.01,756.036,126.00599999999999
2024-03-07,14.9,133.07,77.61,92.579,377.69,48.19,744.039,124.0065
2024-03-08,15.09,140.64,65.55,99.362,385.94,42.6,749.1819999999999,124.86366666666665
2024-03-09,14.97,125.94,39.76,77.824,244.60999999999999,91.9,595.0039999999999,99.16733333333332
2024-03-10,14.85,120.78,26.28,62.615,184.05,134.6,543.1750000000001,90.52916666666668
2024-03-11,14.82,129.60999999999999,63.92,95.143,293.96,115.13,712.583,118.76383333333332
2024-03-12,14.84,122.13,80.81,107.246,341.54,93.08,759.6460000000001,126.60766666666667
2024-03-13,14.879999999999999,133.19,78.86,101.757,361.96,37.96,728.607,121.4345
2024-03-14,14.96,121.17,95.83,103.772,363.95,19.9,719.582,119.93033333333334
2024-03-15,15.04,123.64,82.54,94.151,331.97,47.17,694.5110000000001,115.75183333333335
2024-03-16,14.879999999999999,123.09,74.21000000000001,79.322,197.48,38.75,527.732,87.95533333333333
2024-03-17,14.87,114.49000000000001,79.00999999999999,73.597,183.84,27.330000000000002,493.137,82.1895
2024-03-18,14.879999999999999,131.32,54.410000000000004,85.967,323.78,75.18,685.537,114.25616666666667
2024-03-19,14.97,135.38,77.23,94.852,317.56,72.33,712.322,118.72033333333333
2024-03-20,15.02,137.68,97.02,101.852,350.48,45.28,747.332,124.55533333333334
2024-03-21,14.96,129.31,98.82,103.302,324.53,42.42,713.342,118.89033333333333
2024-03-22,14.86,129.2,84.3,97.17,329.67,37.23,692.4300000000001,115.40500000000002
2024-03-23,14.93,121.53999999999999,95.83,83.585,184.10999999999999,73.97,573.965,95.66083333333334
2024-03-24,14.82,104.45,96.41,73.884,151.49,129.89,570.944,95.15733333333333
2024-03-25,14.93,132.1,87.61,100.147,295.6,50.67,681.0569999999999,113.50949999999999
2024-03-26,14.91,141.77,20.92,87.19500000000001,388.77,78.06,731.625,121.9375
2024-03-27,14.87,142.74,38.24,87.413,329.73,129.69,742.683,123.7805
2024-03-28,14.42,138.47,58.6,84.948,282.49,149.03,727.958,121.32633333333332
2024-03-29,14.29,137.96,67.04,106.208,265.18,83.28,673.9580000000001,112.32633333333335
2024-03-30,14.68,126.59,70.77,83.94200000000001,186.2,108.8,590.982,98.497
2024-03-31,13.85,135.75,61.15,86.934,187.85,102.65,588.184,98.03066666666666
2024-04-01,14.67,142.93,65.74,88.469,182.31,133.31,627.429,104.5715
2024-04-02,14.82,153.46,112.81,139.254,215.26,117.94,753.5440000000001,125.59066666666668
2024-04-03,14.67,148.52,78.36,123.885,325.11,66.99,757.5350000000001,126.25583333333334
2024-04-04,14.7,147.97,111.44,106.007,289.79,49.01,718.917,119.8195
2024-04-05,14.629999999999999,154.15,109.23,93.693,292.22,16.09,680.013,113.33550000000001
2024-04-06,14.64,154.29,117.17,84.066,220.09,10.67,600.926,100.15433333333334
2024-04-07,14.44,144.36,116.39,79.16,168.02,26.38,548.75,91.45833333333333
2024-04-08,14.54,157.78,105.52,134.958,271.21,24.39,708.398,118.06633333333333
2024-04-09,14.43,171.58,88.53,112.651,259.81,66.25,713.251,118.87516666666666
2024-04-10,14.5,168.13,66.05,99.583,274.81,117.58,740.6530000000001,123.4421666666667
2024-04-11,14.52,155.97,99.47,103.646,255.76999999999998,65.7,695.076,115.846
2024-04-12,14.44,160.04,116.86,100.619,211.77,80.71000000000001,684.439,114.07316666666667
2024-04-13,14.399999999999999,173.49,122.25,74.957,157.98,49.61,592.687,98.78116666666666
2024-04-14,14.32,172.7,120.71000000000001,62.127,156.55,21.8,548.207,91.36783333333334
2024-04-15,14.42,190.35,79.35,101.742,208.34,77.7,671.902,111.98366666666668
2024-04-16,14.52,189.38,83.73,91.818,177.65,135.86,692.958,115.493
2024-04-17,14.41,178.47,95.87,102.579,223.02,119.82,734.1690000000001,122.36150000000002
2024-04-18,14.469999999999999,172.35,81.87,102.875,291.72,64.09,727.3750000000001,121.22916666666669
2024-04-19,14.709999999999999,177.2,100.73,96.087,212.58,100.21000000000001,701.517,116.91950000000001
2024-04-20,14.79,183.57,97.89,81.077,179.42,85.3,642.0469999999999,107.00783333333332
2024-04-21,14.81,156.52,111.48,68.67,181.35,68.91,601.74,100.29
2024-04-22,14.44,172.58,72.43,94.571,350.8,50.55,755.3710000000001,125.89516666666668
2024-04-23,14.719999999999999,161.67000000000002,87.96000000000001,89.0,338.68,105.34,797.37,132.895
2024-04-24,14.85,143.98,81.54,77.513,330.90999999999997,96.03999999999999,744.833,124.13883333333332
2024-04-25,14.879999999999999,140.25,113.33,85.1,251.71,79.38,684.65,114.10833333333333
2024-04-26,14.82,132.73,93.49,84.157,318.56,36.5,680.257,113.37616666666666
2024-04-27,14.64,126.75,100.29,70.21,278.12,29.669999999999998,619.68,103.27999999999999
2024-04-28,14.57,119.89,111.81,75.457,195.66,51.989999999999995,569.377,94.89616666666666
2024-04-29,14.51,122.42,117.02,101.618,254.28,64.27,674.1179999999999,112.353
2024-04-30,14.45,127.78,115.89999999999999,78.415,224.63,65.69,626.865,104.4775
2024-05-01,14.61,134.15,62.14,64.756,197.57,89.14999999999999,562.376,93.72933333333333
2024-05-02,14.61,155.87,78.75,107.603,243.54,116.08,716.4530000000001,119.40883333333335
2024-05-03,14.61,162.22,108.88,112.728,213.39,130.11,741.938,123.65633333333334
2024-05-04,14.58,158.18,121.75,79.689,158.74,65.97,598.909,99.81816666666667
2024-05-05,14.58,150.64000000000001,133.87,80.145,148.31,30.36,557.9050000000001,92.98416666666668
2024-05-06,14.44,172.64,103.71,96.918,246.68,33.51,667.8979999999999,111.31633333333332
2024-05-07,13.76,172.98,64.66,89.118,318.95,60.98,720.448,120.07466666666666
2024-05-08,14.059999999999999,175.19,79.78,96.277,288.4,40.7,694.4069999999999,115.73449999999998
2024-05-09,14.12,174.97,93.64,99.617,193.25,113.66,689.257,114.87616666666666
2024-05-10,14.73,175.3,118.98,103.154,185.0,93.78999999999999,690.954,115.15899999999999
2024-05-11,14.8,175.43,130.4,85.311,148.86,57.09,611.8910000000001,101.98183333333334
2024-05-12,14.14,174.48,125.85,79.834,140.71,11.57,546.5840000000001,91.09733333333334
2024-05-13,13.84,191.13,106.11999999999999,98.124,244.46,14.379999999999999,668.054,111.34233333333333
2024-05-14,13.37,189.43,103.82,106.57000000000001,293.92,23.580000000000002,730.69,121.78166666666668
2024-05-15,13.78,204.83,66.92999999999999,85.93,331.41,41.53,744.4100000000001,124.06833333333334
2024-05-16,13.719999999999999,199.96,86.71000000000001,90.029,267.98,67.04,725.439,120.9065
2024-05-17,13.57,198.06,125.6,108.523,256.29,37.19,739.2330000000002,123.20550000000003
2024-05-18,14.66,195.5,99.84,83.843,203.34,25.7,622.883,103.81383333333333
2024-05-19,14.709999999999999,180.59,97.86,73.115,165.51,23.95,555.7350000000001,92.62250000000002
2024-05-20,14.469999999999999,191.18,75.0,92.771,250.02,36.980000000000004,660.421,110.07016666666668
2024-05-21,14.52,193.79999999999998,100.86,111.49,216.7,117.64999999999999,755.02,125.83666666666666
2024-05-22,14.469999999999999,199.72,108.49,118.52,213.5,116.63,771.33,128.555
2024-05-23,14.5,201.6,113.31,120.723,247.74,45.03,742.903,123.81716666666667
2024-05-24,14.549999999999999,204.36,115.07,124.822,254.31,14.85,727.9620000000001,121.32700000000001
2024-05-25,14.629999999999999,193.53,89.99,92.52,202.74,13.76,607.17,101.195
2024-05-26,14.719999999999999,174.7,132.02,83.663,138.17000000000002,36.14,579.413,96.56883333333333
2024-05-27,14.02,204.21,112.2,109.626,246.48000000000002,15.5,702.0360000000001,117.00600000000001
2024-05-28,13.809999999999999,201.48,105.56,120.28999999999999,293.39,26.79,761.3199999999999,126.88666666666666
2024-05-29,13.7,197.27,110.68,122.159,306.46999999999997,10.72,760.999,126.83316666666667
2024-05-30,13.709999999999999,201.47,89.67,113.134,286.02,51.83,755.8340000000001,125.97233333333334
2024-05-31,13.919999999999998,203.4,94.24,117.889,216.75,112.2,758.3990000000001,126.39983333333335
2024-06-01,13.94,191.29,111.42,106.367,169.01,64.99,657.017,109.50283333333334
2024-06-02,13.94,187.3,92.12,80.339,168.41,35.45,577.5590000000001,96.25983333333335
2024-06-03,13.84,209.26,111.23,103.466,262.85,40.08,740.726,123.45433333333334
2024-06-04,13.3,208.4,111.23,111.371,305.87,19.7,769.8710000000001,128.31183333333334
2024-06-05,13.919999999999998,199.82,122.23,113.156,305.2,24.78,779.106,129.851
2024-06-06,13.919999999999998,200.82999999999998,126.83,111.285,311.64,28.53,793.035,132.17249999999999
2024-06-07,13.95,204.45,123.7,99.821,303.55,20.580000000000002,766.051,127.67516666666667
2024-06-08,13.809999999999999,198.25,105.55,68.847,228.03,18.5,632.987,105.49783333333333
2024-06-09,13.85,196.3,79.73,53.089,181.9,50.5,575.369,95.89483333333334
2024-06-10,13.79,204.79,111.0,102.621,229.85,105.3,767.3509999999999,127.89183333333331
2024-06-11,13.919999999999998,210.07999999999998,99.06,110.782,314.4,59.4,807.6419999999999,134.607
2024-06-12,13.57,216.81,103.65,116.476,329.22,38.34,818.066,136.34433333333334
2024-06-13,13.979999999999999,214.82,107.39999999999999,120.012,273.09,79.36,808.6619999999999,134.777
2024-06-14,13.879999999999999,213.53,118.01,118.519,256.16,45.16,765.259,127.54316666666666
2024-06-15,13.87,206.57,110.69,88.148,209.4,32.88,661.558,110.25966666666666
2024-06-16,13.879999999999999,208.32999999999998,112.69,87.613,141.73,59.83,624.073,104.01216666666666
2024-06-17,13.629999999999999,221.19,128.61,124.548,282.96,28.85,799.788,133.298
2024-06-18,13.5,217.1,114.89999999999999,119.168,352.69,20.21,837.568,139.59466666666665
2024-06-19,13.739999999999998,232.37,93.25,123.876,399.05,21.49,883.7760000000001,147.29600000000002
2024-06-20,13.94,226.76,85.14,117.306,429.5,34.7,907.346,151.22433333333333
2024-06-21,14.6,222.97,86.62,108.215,434.56,30.16,897.1249999999999,149.52083333333331
2024-06-22,14.879999999999999,203.73,125.5,95.53,225.44,93.1,758.18,126.36333333333333
2024-06-23,14.879999999999999,212.9,75.81,68.417,208.58,72.12,652.7070000000001,108.78450000000002
2024-06-24,14.9,227.18,77.95,108.58,338.04,31.49,798.1400000000001,133.02333333333334
2024-06-25,14.57,228.6,78.63,121.022,358.15,49.6,850.572,141.762
2024-06-26,14.76,221.57,108.53999999999999,126.802,354.89,32.56,859.1220000000001,143.187
2024-06-27,14.73,222.11,123.57000000000001,134.476,325.08,35.46,855.426,142.571
2024-06-28,14.65,237.0,126.44,118.477,299.19,38.83,834.5870000000001,139.09783333333334
2024-06-29,14.6,212.05,103.64,82.472,238.33,46.23,697.322,116.22033333333333
2024-06-30,14.8,208.6,123.10000000000001,92.726,207.49,65.68,712.396,118.73266666666666
2024-07-01,14.7,219.87,99.69,112.665,371.43,46.25,864.605,144.10083333333333
2024-07-02,14.45,213.19,110.74,115.347,330.90999999999997,83.37,868.007,144.66783333333333
2024-07-03,14.53,215.72,82.43,101.515,360.81,57.56,832.565,138.76083333333335
2024-07-04,14.64,206.5,122.18,121.52,307.99,44.49,817.3199999999999,136.22
2024-07-05,14.709999999999999,209.45,127.48,98.635,311.49,15.32,777.085,129.51416666666668
2024-07-06,14.6,199.22,118.31,70.634,222.03,42.04,666.834,111.139
2024-07-07,14.64,185.79,91.65,59.697,210.26,38.61,600.647,100.10783333333335
2024-07-08,14.58,210.95,118.53,102.328,332.91,33.52,812.818,135.46966666666665
2024-07-09,14.68,214.78,123.38,113.178,408.23,30.11,904.3580000000001,150.72633333333334
2024-07-10,13.94,208.56,123.44,108.982,456.71,27.72,939.3520000000001,156.55866666666668
2024-07-11,14.559999999999999,204.84,124.49,112.304,503.61,20.8,980.6039999999999,163.434
2024-07-12,14.6,197.7,112.46,106.097,505.54,28.8,965.1969999999999,160.86616666666666
2024-07-13,14.54,196.03,121.92999999999999,97.15,310.11,50.29,790.05,131.67499999999998
2024-07-14,14.629999999999999,199.48,124.43,91.606,270.29,31.66,732.0959999999999,122.01599999999998
2024-07-15,14.549999999999999,221.65,126.18,119.649,437.28000000000003,16.33,935.639,155.93983333333333
2024-07-16,14.62,207.98,125.72,126.231,490.82,24.830000000000002,990.201,165.0335
2024-07-17,14.49,218.06,121.03,127.986,509.02,22.6,1013.186,168.86433333333335
2024-07-18,14.52,203.81,119.99,125.947,515.9300000000001,25.27,1005.4670000000001,167.57783333333336
2024-07-19,14.5,198.43,115.32,126.535,513.09,30.33,998.205,166.3675
2024-07-20,14.51,183.09,119.11,118.774,358.87,40.64,834.994,139.16566666666668
2024-07-21,14.459999999999999,182.64,114.87,97.862,297.77,26.71,734.312,122.38533333333334
2024-07-22,14.34,200.75,96.03,114.297,454.86,44.39,924.667,154.11116666666666
2024-07-23,14.36,190.26,116.88,125.243,458.65999999999997,62.71,968.113,161.35216666666668
2024-07-24,14.309999999999999,186.59,118.14999999999999,124.224,461.79,55.07,960.1340000000001,160.02233333333336
2024-07-25,14.37,190.87,115.85,120.405,453.12,43.49,938.105,156.35083333333333
2024-07-26,14.17,184.1,120.85,118.822,461.79,32.08,931.812,155.302
2024-07-27,14.27,170.89000000000001,123.71,96.604,341.84,12.18,759.4939999999999,126.58233333333332
2024-07-28,14.299999999999999,172.21,124.54,80.435,293.18,12.540000000000001,697.2049999999999,116.20083333333332
2024-07-29,14.19,182.29,123.92,104.721,457.34,55.22,937.681,156.28016666666667
2024-07-30,14.12,175.23,123.28,108.733,464.37,95.39,981.1229999999999,163.5205
2024-07-31,14.12,177.98,120.98,109.673,525.31,40.01,988.0729999999999,164.6788333333333
2024-08-01,14.11,172.14,123.61,110.007,538.91,23.72,982.4970000000001,163.7495
2024-08-02,14.11,176.09,121.35,106.82900000000001,482.71,43.66,944.7489999999999,157.45816666666664
2024-08-03,13.819999999999999,155.14000000000001,103.03999999999999,86.293,366.53,44.73,769.553,128.25883333333334
2024-08-04,13.959999999999999,147.91,116.37,74.349,316.37,26.44,695.3990000000001,115.89983333333335
2024-08-05,13.879999999999999,160.59,116.91,87.536,411.11,20.48,810.5060000000001,135.08433333333335
2024-08-06,13.889999999999999,163.7,117.24,87.433,450.68,10.75,843.693,140.6155
2024-08-07,13.879999999999999,158.56,109.64999999999999,79.52,447.89,12.94,822.44,137.07333333333335
2024-08-08,14.04,140.13,120.77,84.419,403.67,25.99,789.019,131.50316666666666
2024-08-09,13.83,150.66,124.88,82.778,383.48,32.29,787.918,131.31966666666668
2024-08-10,14.059999999999999,154.76,125.56,71.612,323.7,40.23,729.922,121.65366666666667
2024-08-11,14.0,156.95,123.12,64.063,308.7,30.66,697.4929999999999,116.24883333333332
2024-08-12,14.0,156.09,119.87,87.581,399.87,12.98,790.3910000000001,131.73183333333336
2024-08-13,14.01,139.03,117.5,87.64,439.63,13.2,811.01,135.16833333333332
2024-08-14,14.049999999999999,137.04,113.77,67.597,417.06,18.970000000000002,768.4870000000001,128.0811666666667
2024-08-15,13.979999999999999,135.02,104.09,60.336,347.5,17.68,678.6059999999999,113.10099999999998
2024-08-16,13.919999999999998,132.3,98.56,79.062,401.18,18.23,743.252,123.87533333333333
2024-08-17,13.919999999999998,135.52,101.77,64.603,351.61,26.69,694.113,115.6855
2024-08-18,13.889999999999999,131.42,71.37,49.849,285.09000000000003,53.39,605.009,100.83483333333334
2024-08-19,13.78,131.3,75.18,75.038,321.76,42.42,659.478,109.913
2024-08-20,13.629999999999999,129.85,98.43,89.978,315.96,37.08,684.928,114.15466666666667
2024-08-21,13.58,132.7,115.57,92.279,331.53000000000003,34.9,720.5590000000001,120.09316666666668
2024-08-22,13.629999999999999,124.57,116.95,96.25099999999999,350.6,27.72,729.721,121.62016666666666
2024-08-23,13.629999999999999,131.86,114.6,99.057,390.9,8.74,758.787,126.4645
2024-08-24,13.6,118.45,117.3,86.195,350.40999999999997,11.76,697.7149999999999,116.28583333333331
2024-08-25,13.78,113.4,116.23,78.151,313.81,32.82,668.1910000000001,111.3651666666667
2024-08-26,13.57,134.91,104.84,99.56,416.95,42.480000000000004,812.31,135.385
2024-08-27,13.55,132.59,92.1,102.204,495.81,30.36,866.614,144.43566666666666
2024-08-28,13.56,123.97,102.35,108.676,490.51,33.54,872.606,145.43433333333334
2024-08-29,13.56,119.48,107.4,114.804,491.67,34.9,881.814,146.969
2024-08-30,13.659999999999998,113.02,114.3,109.241,491.5,50.8,892.521,148.7535
2024-08-31,13.68,105.1,110.25,92.289,359.23,47.03,727.579,121.26316666666666
2024-09-01,13.7,105.29,103.7,79.088,326.24,22.4,650.418,108.403
2024-09-02,13.749999999999998,132.79,86.12,102.732,515.17,12.82,863.382,143.897
2024-09-03,13.63,118.07,93.79,115.657,547.15,21.1,909.397,151.56616666666667
2024-09-04,13.26,124.01,92.38,113.135,546.77,24.69,914.2450000000001,152.3741666666667
2024-09-05,13.26,128.92,65.19,93.826,535.31,41.43,877.9359999999998,146.32266666666663
2024-09-06,14.37,133.72,94.48,98.83500000000001,487.65999999999997,23.23,852.295,142.04916666666665
2024-09-07,14.239999999999998,125.72,102.69,80.651,347.58,14.79,685.6709999999999,114.2785
2024-09-08,14.03,127.9,60.21,56.355,310.29,33.43,602.215,100.36916666666667
2024-09-09,13.78,156.99,86.73,104.684,351.46,120.96000000000001,834.604,139.10066666666668
2024-09-10,13.51,168.34,105.27,118.187,317.88,121.22,844.407,140.7345
2024-09-11,13.68,158.48,99.9,115.539,402.92,42.51,833.029,138.83816666666667
2024-09-12,13.729999999999999,156.14,60.0,90.968,381.61,110.87,813.318,135.553
2024-09-13,14.069999999999999,150.01,81.19,90.129,260.7,164.77,760.8689999999999,126.81149999999998
2024-09-14,14.459999999999999,138.69,94.14,71.217,202.36,66.73,587.597,97.93283333333333
2024-09-15,14.16,130.99,93.08,63.141,189.25,38.45,529.071,88.1785
2024-09-16,14.1,129.55,80.23,112.547,379.93,18.07,734.427,122.4045
2024-09-17,13.85,118.15,48.56,101.852,464.04,35.21,781.662,130.27700000000002
2024-09-18,14.469999999999999,112.25,60.12,116.891,471.58,15.81,791.1209999999999,131.85349999999997
2024-09-19,14.57,119.99,65.64,105.163,420.28999999999996,18.19,743.8430000000001,123.97383333333335
2024-09-20,14.5,125.38,78.14999999999999,96.66,407.58,22.419999999999998,744.6899999999999,124.115
2024-09-21,14.459999999999999,102.62,92.48,76.735,298.28,21.89,606.465,101.0775
2024-09-22,14.399999999999999,96.77,73.94,58.089,266.6,14.68,524.4789999999999,87.41316666666665
2024-09-23,14.32,111.81,57.02,72.534,457.51,24.77,737.9639999999999,122.99399999999999
2024-09-24,14.239999999999998,109.88,81.24,84.982,379.48,76.36,746.182,124.36366666666667
2024-09-25,14.129999999999999,118.12,77.64,94.68599999999999,395.89,58.58,759.0459999999999,126.50766666666665
2024-09-26,14.16,127.98,67.48,91.216,361.43,88.23,750.4960000000001,125.08266666666668
2024-09-27,14.149999999999999,146.05,81.38,95.871,323.49,106.85,767.791,127.96516666666668
2024-09-28,14.399999999999999,150.34,87.99,80.897,218.45,99.22,651.297,108.54950000000001
2024-09-29,14.399999999999999,137.2,101.21000000000001,69.467,158.21,103.68,584.1669999999999,97.36116666666665
2024-09-30,14.45,136.92,94.83,91.369,293.33,49.28,680.1789999999999,113.36316666666664
2024-10-01,14.379999999999999,134.11,69.42,96.363,388.08,22.41,724.763,120.79383333333334
2024-10-02,14.37,133.13,59.72,96.702,386.97,67.54,758.432,126.40533333333333
2024-10-03,14.11,129.66,27.96,84.313,381.13,111.65,748.823,124.80383333333333
2024-10-04,14.309999999999999,137.17000000000002,57.480000000000004,93.675,306.9,113.94,723.4750000000001,120.5791666666667
2024-10-05,14.399999999999999,137.03,65.72,83.27,248.59,51.83,600.84,100.14
2024-10-06,14.399999999999999,128.13,76.98,74.795,213.67,38.11,546.085,91.01416666666667
2024-10-07,14.26,143.69,56.15,95.697,375.35,27.09,712.2370000000001,118.70616666666668
2024-10-08,14.129999999999999,153.0,39.75,93.268,358.19,95.98,754.318,125.71966666666667
2024-10-09,13.99,175.24,60.33,105.015,306.93,94.61,756.115,126.01916666666666
2024-10-10,14.229999999999999,186.88,52.339999999999996,100.131,272.8,115.38,741.7610000000001,123.62683333333335
2024-10-11,14.379999999999999,199.01,84.35000000000001,112.173,256.68,87.14,753.7330000000001,125.62216666666667
2024-10-12,14.33,197.75,82.83,81.051,198.0,22.57,596.5310000000001,99.42183333333334
2024-10-13,14.299999999999999,198.18,73.23,62.931,178.24,27.6,554.4810000000001,92.41350000000001
2024-10-14,14.25,189.28,67.42,101.164,347.73,12.72,732.5640000000001,122.09400000000001
2024-10-15,14.02,187.81,66.33,113.504,363.22,7.71,752.594,125.43233333333335
2024-10-16,14.04,189.85999999999999,38.84,106.503,410.15999999999997,16.12,775.523,129.25383333333335
2024-10-17,13.7,199.28,35.46,87.948,392.33,40.14,768.858,128.143
2024-10-18,14.1,201.94,45.730000000000004,82.908,369.27,40.49,754.438,125.73966666666666
2024-10-19,14.219999999999999,188.39000000000001,20.96,54.425,225.14,56.55,559.685,93.28083333333332
2024-10-20,14.11,198.61,41.88,54.73,212.44,61.75,583.52,97.25333333333333
2024-10-21,14.079999999999998,184.79,55.53,98.464,336.27,38.48,727.614,121.269
2024-10-22,14.16,173.91,45.48,95.539,417.18,19.48,765.749,127.62483333333334
2024-10-23,14.149999999999999,176.48,34.35,82.871,434.08,10.24,752.171,125.36183333333334
2024-10-24,14.0,179.46,35.83,76.455,411.68,8.87,726.295,121.04916666666666
2024-10-25,14.059999999999999,185.91,39.730000000000004,60.258,378.53,12.6,691.088,115.18133333333333
2024-10-26,13.85,191.12,47.34,47.563,204.35,33.44,537.663,89.6105
2024-10-27,14.459999999999999,182.15,51.99,51.789,199.75,26.4,526.539,87.7565
2024-10-28,13.889999999999999,173.19,60.81,75.785,317.85,20.85,662.375,110.39583333333333
2024-10-29,13.919999999999998,164.59,67.8,102.571,392.8,20.72,762.4010000000001,127.06683333333335
2024-10-30,13.93,157.12,69.81,98.067,383.18,34.03,756.137,126.02283333333332
2024-10-31,13.919999999999998,155.59,72.37,74.456,321.77,31.21,669.316,111.55266666666667
2024-11-01,14.079999999999998,141.74,71.75,66.659,236.31,15.700000000000001,546.239,91.03983333333333
2024-11-02,14.16,134.74,70.64,54.513,215.13,27.41,516.593,86.09883333333333
2024-11-03,14.16,129.47,67.81,50.93,206.81,44.36,513.54,85.58999999999999
2024-11-04,14.02,139.71,61.96,74.424,382.3,17.31,689.7239999999999,114.954
2024-11-05,13.899999999999999,129.34,59.68,91.147,446.24,9.56,749.867,124.97783333333332
2024-11-06,14.19,128.55,54.160000000000004,96.852,498.29,12.65,804.692,134.11533333333333
2024-11-07,14.2,131.35,50.19,95.613,476.18,23.64,791.1729999999999,131.86216666666664
2024-11-08,14.29,132.33,42.03,79.159,433.73,23.19,724.729,120.78816666666667
2024-11-09,14.309999999999999,117.04,44.28,55.897,279.96,23.96,535.447,89.24116666666667
2024-11-10,14.559999999999999,115.42,52.84,64.849,264.56,29.88,542.109,90.3515
2024-11-11,14.45,122.31,53.24,93.57900000000001,423.02,51.88,758.4789999999999,126.41316666666665
2024-11-12,14.239999999999998,126.66,44.59,84.402,498.76,63.91,832.562,138.76033333333334
2024-11-13,14.629999999999999,115.32000000000001,47.26,84.824,549.01,41.43,852.4739999999999,142.07899999999998
2024-11-14,14.64,108.69,38.72,93.134,514.94,38.93,809.054,134.84233333333333
2024-11-15,14.66,101.97,55.08,75.996,413.86,131.19,792.7560000000001,132.126
2024-11-16,14.75,96.73,59.01,70.352,328.63,52.75,622.222,103.70366666666666
2024-11-17,14.64,89.37,50.77,62.814,262.04,51.15,530.784,88.464
2024-11-18,14.27,97.36999999999999,41.42,91.194,460.23,60.58,765.0640000000001,127.51066666666668
2024-11-19,13.83,92.57,34.37,101.09,467.4,116.95,826.21,137.70166666666668
2024-11-20,13.79,92.3,26.279999999999998,105.142,384.43,172.71,794.652,132.442
2024-11-21,14.34,88.09,40.83,97.965,485.24,96.29,822.755,137.12583333333333
2024-11-22,14.25,94.92999999999999,38.410000000000004,104.577,382.38,164.85,799.397,133.23283333333333
2024-11-23,14.37,86.2,61.44,67.861,301.16,61.2,592.231,98.70516666666667
2024-11-24,14.139999999999999,77.76,47.22,67.645,296.81,21.23,524.805,87.46749999999999
2024-11-25,14.16,87.79,38.42,107.295,505.63,19.4,772.695,128.7825
2024-11-26,14.02,98.21,31.86,96.6,536.99,53.68,831.3599999999999,138.55999999999997
2024-11-27,14.16,93.7,35.25,125.243,568.42,40.11,876.8829999999999,146.14716666666666
2024-11-28,14.32,76.72,36.39,119.053,551.68,49.93,848.093,141.34883333333332
2024-11-29,14.26,70.17999999999999,31.63,86.782,485.11,94.94,782.902,130.48366666666666
2024-11-30,14.399999999999999,83.88,40.47,61.661,250.73,137.14,588.281,98.04683333333332
2024-12-01,14.35,70.07,35.67,56.400999999999996,217.71,151.51,545.711,90.95183333333334
2024-12-02,14.399999999999999,89.56,41.75,96.42,481.45,47.29,770.8699999999999,128.47833333333332
2024-12-03,14.129999999999999,95.78,29.82,95.443,610.17,19.66,865.0029999999999,144.16716666666665
2024-12-04,14.129999999999999,101.07,26.49,101.233,646.15,22.25,911.323,151.88716666666667
2024-12-05,13.88,70.66,35.25,125.034,505.01,139.51,889.344,148.22400000000002
2024-12-06,14.399999999999999,70.84,32.9,87.042,526.4300000000001,86.57,818.182,136.36366666666666
2024-12-07,14.35,62.05,38.57,85.914,381.36,53.26,635.504,105.91733333333333
2024-12-08,14.399999999999999,67.11,20.13,60.452,234.87,162.38,559.342,93.22366666666666
2024-12-09,14.399999999999999,85.4,26.01,73.352,482.85,67.1,749.1120000000001,124.85200000000002
2024-12-10,14.26,90.03,25.82,78.66,579.88,36.36,825.01,137.50166666666667
2024-12-11,14.069999999999999,101.09,41.67,81.551,652.65,15.97,907.001,151.16683333333333
2024-12-12,13.919999999999998,94.71,44.34,97.31099999999999,683.34,39.97,973.5910000000001,162.2651666666667
2024-12-13,14.309999999999999,94.0,24.61,62.811,623.52,65.65,884.901,147.4835
2024-12-14,13.94,73.77,30.28,45.772,315.11,92.28999999999999,571.162,95.19366666666667
2024-12-15,13.879999999999999,70.28999999999999,34.4,52.435,274.13,87.38,532.515,88.7525
2024-12-16,14.32,65.68,47.2,86.237,454.37,77.27,745.077,124.1795
2024-12-17,14.379999999999999,66.46,44.97,93.042,546.24,34.62,799.712,133.28533333333334
2024-12-18,14.399999999999999,56.34,36.97,89.865,566.74,36.19,800.5050000000001,133.41750000000002
2024-12-19,14.28,65.51,22.330000000000002,66.719,480.15,69.26,718.249,119.70816666666667
2024-12-20,14.54,63.33,28.41,51.572,332.84000000000003,159.97,650.662,108.44366666666667
2024-12-21,14.92,66.03,46.71,51.541000000000004,245.22,126.67,551.091,91.8485
2024-12-22,14.83,67.57,36.68,47.823,217.64,115.28,499.823,83.30383333333333
2024-12-23,14.879999999999999,74.21,31.55,83.593,248.63,177.7,630.563,105.09383333333334
2024-12-24,14.91,71.09,36.28,48.829,258.28,172.76,602.149,100.35816666666666
2024-12-25,14.92,68.17,39.18,60.216,193.12,168.87,544.476,90.746
2024-12-26,14.879999999999999,62.91,43.09,66.245,220.4,144.25,551.775,91.96249999999999
2024-12-27,14.94,67.65,49.300000000000004,84.062,301.08,127.16,644.1919999999999,107.36533333333331
2024-12-28,14.879999999999999,65.46,50.17,75.67699999999999,288.46000000000004,91.89,586.537,97.75616666666667
2024-12-29,14.879999999999999,57.64,52.269999999999996,72.929,322.48,25.31,545.509,90.91816666666666
2024-12-30,14.86,60.160000000000004,52.34,71.318,412.07,3.5300000000000002,614.278,102.37966666666667
2024-12-31,14.34,56.42,48.62,75.143,377.38,7.26,579.163,96.52716666666667
2025-01-01,14.399999999999999,67.55,43.72,63.431,325.86,6.5200000000000005,521.481,86.9135
2025-01-02,14.399999999999999,74.67,38.980000000000004,54.57,365.68,60.19,608.49,101.415
2025-01-03,14.459999999999999,87.96,31.73,49.163000000000004,299.62,131.52,614.453,102.40883333333333
2025-01-04,15.36,101.32,39.39,68.346,336.79,37.41,598.616,99.76933333333334
2025-01-05,14.709999999999999,84.62,29.44,50.293,307.95,75.37,562.383,93.7305
2025-01-06,14.399999999999999,86.2,22.78,49.396,260.41,107.46000000000001,540.6460000000001,90.10766666666667
2025-01-07,14.399999999999999,104.16,24.99,60.284,369.3,108.43,681.5640000000001,113.59400000000001
2025-01-08,14.399999999999999,91.69,36.72,74.53,398.13,108.14,723.61,120.60166666666667
2025-01-09,14.5,98.38,25.26,76.388,420.86,122.08,757.4680000000001,126.24466666666667
2025-01-10,15.05,107.26,41.55,86.169,352.09000000000003,139.53,741.649,123.60816666666666
2025-01-11,15.15,90.79,26.529999999999998,61.245000000000005,315.37,70.45,579.5350000000001,96.58916666666669
2025-01-12,15.36,81.12,36.39,58.118,230.07,156.43,577.488,96.248
2025-01-13,15.35,110.92999999999999,34.57,77.238,433.87,129.97,801.928,133.65466666666666
2025-01-14,15.22,101.44,43.339999999999996,85.642,476.15000000000003,129.25,851.042,141.84033333333335
2025-01-15,14.64,114.05,41.08,87.242,615.39,54.99,927.392,154.56533333333334
2025-01-16,14.399999999999999,101.67,39.78,93.518,565.37,64.06,878.798,146.46633333333332
2025-01-17,14.51,95.03999999999999,36.76,93.984,509.04,129.92,879.254,146.54233333333335
2025-01-18,14.399999999999999,87.9,24.849999999999998,63.818,344.31,111.91,647.188,107.86466666666666
2025-01-19,14.399999999999999,86.65,23.03,59.82,334.18,39.980000000000004,558.0600000000001,93.01
2025-01-20,14.399999999999999,123.64,23.0,94.583,627.36,13.71,896.693,149.44883333333334
2025-01-21,14.399999999999999,101.87,38.87,104.73,623.79,39.1,922.76,153.79333333333332
2025-01-22,14.399999999999999,96.84,31.05,97.321,604.68,47.57,891.861,148.6435
2025-01-23,14.399999999999999,92.06,32.9,94.909,505.19,76.35,815.8090000000001,135.9681666666667
2025-01-24,14.399999999999999,96.99,52.42,94.535,466.04,56.98,781.365,130.2275
2025-01-25,14.399999999999999,84.84,41.8,69.776,330.58,40.7,582.096,97.016
2025-01-26,14.399999999999999,67.08,36.49,61.951,233.44,104.07000000000001,517.431,86.2385
2025-01-27,14.399999999999999,99.53,36.54,84.463,398.24,118.52,751.693,125.28216666666667
2025-01-28,14.399999999999999,107.17,43.08,89.26,369.19,138.57,761.6699999999998,126.94499999999998
2025-01-29,14.399999999999999,118.22,43.34,92.955,424.7,58.620000000000005,752.235,125.3725
2025-01-30,14.399999999999999,116.58,49.16,92.843,443.32,53.81,770.113,128.35216666666668
2025-01-31,14.399999999999999,130.22,43.21,83.309,472.46,30.18,773.7789999999999,128.96316666666664
2025-02-01,14.399999999999999,102.27,35.589999999999996,59.863,331.83,50.11,594.063,99.0105
2025-02-02,14.559999999999999,92.1,40.47,55.994,254.64,68.17,525.934,87.65566666666666
2025-02-03,14.709999999999999,101.95,55.809999999999995,94.31,481.8,50.019999999999996,798.5999999999999,133.1
2025-02-04,14.399999999999999,94.67,65.75,100.519,441.94,77.73,795.009,132.5015
2025-02-05,14.399999999999999,89.2,72.53,101.05199999999999,460.56,74.36,812.102,135.35033333333334
2025-02-06,14.22,89.78999999999999,71.44,108.538,494.73,42.0,820.7180000000001,136.78633333333335
2025-02-07,14.37,109.35,45.980000000000004,89.283,461.37,33.59,753.9430000000001,125.65716666666668
2025-02-08,14.399999999999999,94.60000000000001,28.810000000000002,71.641,343.12,69.99,622.561,103.76016666666668
2025-02-09,14.399999999999999,89.76,41.17,58.668,300.42,47.07,551.488,91.91466666666668
2025-02-10,14.05,94.41,54.72,90.15,484.96000000000004,16.28,754.57,125.76166666666667
2025-02-11,14.33,90.48,47.7,84.145,539.28,8.43,784.3649999999999,130.7275
2025-02-12,14.399999999999999,89.28,39.56,83.689,557.67,27.69,812.289,135.3815
2025-02-13,14.399999999999999,85.41,44.22,89.419,575.31,34.67,843.429,140.5715
2025-02-14,14.399999999999999,91.37,42.87,87.355,560.18,91.35,887.525,147.92083333333332
2025-02-15,14.399999999999999,80.01,59.71,74.041,337.43,93.81,659.4010000000001,109.90016666666668
2025-02-16,14.41,83.98,67.48,67.094,285.36,70.69,589.0140000000001,98.16900000000003
2025-02-17,14.399999999999999,95.53,52.76,89.752,523.33,28.09,803.8620000000001,133.977
2025-02-18,14.399999999999999,101.02,49.59,91.777,550.3100000000001,15.07,822.167,137.02783333333335
2025-02-19,14.399999999999999,88.93,43.46,94.505,560.88,27.45,829.625,138.27083333333334
2025-02-20,14.399999999999999,90.71,60.620000000000005,104.656,534.65,18.3,823.3359999999999,137.22266666666664
2025-02-21,14.399999999999999,86.48,81.66,99.818,476.18,13.51,772.048,128.67466666666667
2025-02-22,14.399999999999999,74.86,65.96,69.994,352.66,15.67,593.544,98.92399999999999
2025-02-23,14.399999999999999,75.31,68.58,64.608,308.02,9.4,540.318,90.053
2025-02-24,14.399999999999999,75.44,50.79,92.11,506.89,31.91,771.54,128.59
2025-02-25,14.26,93.36,40.57,89.594,539.27,60.45,837.504,139.584
2025-02-26,14.399999999999999,101.07,43.5,109.59400000000001,499.76,90.03,858.354,143.059
2025-02-27,14.399999999999999,90.15,72.39,122.718,477.46,76.86,853.978,142.32966666666667
2025-02-28,14.399999999999999,96.51,78.6,118.707,481.16,33.69,823.067,137.17783333333333
2025-03-01,14.399999999999999,88.87,50.39,77.018,331.93,45.230000000000004,607.8380000000001,101.30633333333334
2025-03-02,14.399999999999999,76.71,71.05,85.137,214.66,96.19,558.1469999999999,93.02449999999999
2025-03-03,14.399999999999999,85.91,106.25,115.937,363.3,108.55,794.347,132.39116666666666
2025-03-04,14.399999999999999,85.16,110.53,118.102,435.12,39.72,803.032,133.83866666666668
2025-03-05,14.28,87.96,110.17,113.318,439.63,32.0,797.358,132.893
2025-03-06,14.399999999999999,82.33,105.51,100.077,411.7,53.8,767.817,127.9695
2025-03-07,14.399999999999999,82.83,87.78,92.547,438.14,61.17,776.867,129.47783333333334
2025-03-08,14.19,73.73,84.73,74.199,322.43,31.53,600.809,100.13483333333333
2025-03-09,14.399999999999999,79.1,76.3,63.043,279.0,49.98,561.823,93.63716666666666
2025-03-10,14.399999999999999,88.19,74.2,85.064,405.65,99.48,766.984,127.83066666666667
2025-03-11,14.399999999999999,87.92,78.15,86.475,459.19,58.18,784.3149999999999,130.71916666666667
2025-03-12,14.399999999999999,91.77000000000001,42.61,76.133,512.3,85.43,822.643,137.10716666666667
2025-03-13,14.399999999999999,94.78999999999999,76.69,83.267,391.15,129.42,789.717,131.6195
2025-03-14,14.399999999999999,97.13,62.12,81.593,378.7,143.33,777.273,129.5455
2025-03-15,14.399999999999999,99.89,61.22,73.283,263.07,99.7,611.563,101.92716666666666
2025-03-16,14.399999999999999,90.72,96.3,78.882,196.78,119.26,596.342,99.39033333333333
2025-03-17,14.399999999999999,102.32000000000001,101.46,108.075,356.85,67.02,750.125,125.02083333333333
2025-03-18,14.399999999999999,101.31,99.58,106.526,359.95,118.34,800.1060000000001,133.35100000000003
2025-03-19,14.25,99.17,120.1,111.398,418.29,45.68,808.888,134.81466666666668
2025-03-20,14.399999999999999,103.19,121.36,107.233,421.55,18.45,786.183,131.0305
2025-03-21,14.399999999999999,103.12,85.16,84.441,416.78000000000003,43.71,747.6110000000001,124.60183333333335
2025-03-22,14.399999999999999,109.1,47.08,53.565,282.8,92.18,599.125,99.85416666666667
2025-03-23,14.399999999999999,92.7,72.42,55.83,233.67,76.93,545.95,90.99166666666667
2025-03-24,14.399999999999999,102.94,83.91,84.777,399.58,42.85,728.457,121.4095
2025-03-25,14.399999999999999,94.98,82.72,88.81099999999999,430.15,28.54,739.6009999999999,123.26683333333331
2025-03-26,14.399999999999999,94.12,83.05,94.405,398.59,59.43,743.995,123.99916666666667
2025-03-27,14.399999999999999,91.49,73.48,90.05799999999999,386.45,80.62,736.4979999999999,122.74966666666666
2025-03-28,14.399999999999999,101.54,69.57,82.806,335.02,69.78,673.116,112.18599999999999
2025-03-29,14.399999999999999,90.78,57.15,61.173,280.08,63.79,567.3729999999999,94.56216666666666
2025-03-30,13.799999999999999,85.66,109.71000000000001,85.315,169.04,74.7,538.225,89.70416666666667
2025-03-31,14.399999999999999,97.03,103.63,91.705,300.65,93.68,701.095,116.84916666666668
2025-04-01,14.299999999999999,94.34,83.31,97.058,322.91,126.05,737.968,122.99466666666666
2025-04-02,14.399999999999999,93.09,101.17,122.862,326.72,76.14,734.3820000000001,122.397
2025-04-03,14.399999999999999,89.22,134.99,119.521,324.84000000000003,61.65,744.621,124.1035
2025-04-04,14.399999999999999,83.46000000000001,136.44,119.437,332.34,47.52,733.597,122.26616666666666
2025-04-05,14.399999999999999,82.07,136.1,94.221,268.36,21.259999999999998,616.4110000000001,102.73516666666667
2025-04-06,14.399999999999999,76.54,112.47,83.399,207.39,75.28999999999999,569.4889999999999,94.91483333333332
2025-04-07,14.399999999999999,89.24,131.32,98.904,294.79,106.08,734.734,122.45566666666667
2025-04-08,14.399999999999999,91.7,126.99,100.88300000000001,330.92,85.19,750.0830000000001,125.01383333333335
2025-04-09,14.879999999999999,91.41,134.84,124.57900000000001,362.43,29.14,757.279,126.21316666666667
2025-04-10,15.19,90.62,130.09,123.512,347.71,36.18,743.302,123.88366666666667
2025-04-11,14.98,94.96000000000001,147.68,104.749,291.14,54.89,708.399,118.0665
2025-04-12,14.86,89.31,121.53999999999999,76.824,247.03,42.160000000000004,591.7239999999999,98.62066666666665
2025-04-13,14.57,87.36,58.51,54.025,222.7,65.79,502.955,83.82583333333334
2025-04-14,14.399999999999999,114.05,39.61,86.519,380.44,112.1,747.119,124.51983333333334
2025-04-15,14.399999999999999,127.68,81.59,106.634,310.85,118.78,759.934,126.65566666666666
2025-04-16,14.399999999999999,140.88,69.19,100.014,324.15999999999997,105.24,753.884,125.64733333333334
2025-04-17,14.629999999999999,141.67,73.86,106.36,260.65999999999997,153.56,750.74,125.12333333333333
2025-04-18,15.1,151.62,115.47,107.243,217.0,115.85,722.283,120.3805
2025-04-19,15.06,161.65,119.94,81.586,178.96,42.63,599.826,99.971
2025-04-20,14.549999999999999,157.8,109.87,65.934,158.09,20.03,526.274,87.71233333333333
2025-04-21,14.399999999999999,146.16,118.04,70.194,166.47,20.37,535.634,89.27233333333334
2025-04-22,14.78,149.39,142.79,125.05,253.66,29.36,715.03,119.17166666666667
2025-04-23,14.86,154.13,118.0,113.222,309.7,55.61,765.522,127.587
2025-04-24,14.92,163.07,118.67999999999999,66.711,254.72,106.51,724.611,120.7685
2025-04-25,14.399999999999999,155.89,125.29,65.106,189.85,46.81,597.346,99.55766666666666
2025-04-26,14.399999999999999,146.82,122.30999999999999,79.366,181.45,29.89,574.236,95.706
2025-04-27,14.399999999999999,130.74,110.03,70.477,160.8,26.580000000000002,513.027,85.50450000000001
2025-04-28,14.399999999999999,155.97,128.56,124.112,240.06,25.18,688.282,114.71366666666667
2025-04-29,14.399999999999999,150.93,141.02,126.365,236.95,48.74,718.405,119.73416666666667
2025-04-30,14.389999999999999,157.93,153.22,89.129,226.45,45.52,686.6389999999999,114.43983333333331
2025-05-01,14.399999999999999,141.13,127.6,77.056,162.34,53.25,575.776,95.96266666666666
2025-05-02,14.399999999999999,156.0,145.14000000000001,113.793,176.53,28.990000000000002,634.8530000000001,105.80883333333334
2025-05-03,14.399999999999999,169.82999999999998,127.99000000000001,89.52,167.65,60.76,630.15,105.02499999999999
2025-05-04,14.399999999999999,147.94,106.11,72.416,135.58,102.34,578.7860000000001,96.46433333333334
2025-05-05,14.399999999999999,181.5,94.3,113.832,229.87,94.74,728.642,121.44033333333334
2025-05-06,14.399999999999999,195.06,95.67999999999999,120.082,266.08,55.09,746.3919999999999,124.39866666666666
2025-05-07,14.399999999999999,193.3,106.94,123.997,266.41,62.1,767.147,127.85783333333335
2025-05-08,14.399999999999999,187.5,114.17,96.532,268.25,49.66,730.512,121.752
2025-05-09,14.399999999999999,189.27,105.28,94.032,279.67,12.83,695.4820000000001,115.91366666666669
2025-05-10,14.399999999999999,171.63,138.2,83.997,197.35999999999999,28.72,634.307,105.71783333333333
2025-05-11,14.399999999999999,163.8,121.19,74.28,175.98,17.32,566.97,94.495
2025-05-12,14.399999999999999,170.75,134.10999999999999,94.384,244.67,20.52,678.834,113.139
2025-05-13,13.950000000000001,172.51,123.14,91.906,285.61,31.4,718.516,119.75266666666666
2025-05-14,14.27,173.02,136.62,108.595,272.67,20.01,725.185,120.86416666666666
2025-05-15,14.399999999999999,183.57,111.65,112.759,239.20000000000002,53.24,714.8190000000001,119.13650000000001
2025-05-16,14.469999999999999,181.59,134.34,121.005,200.61,90.63,742.645,123.77416666666666
2025-05-17,15.36,168.87,143.43,95.469,188.48,46.31,657.9190000000001,109.65316666666668
2025-05-18,14.58,150.09,147.97,78.125,154.79,70.6,616.155,102.6925
2025-05-19,14.399999999999999,172.18,149.26999999999998,110.442,229.84,46.83,722.9620000000001,120.49366666666668
2025-05-20,14.399999999999999,180.69,79.34,102.922,333.92,42.42,753.6919999999999,125.61533333333331
2025-05-21,14.399999999999999,163.39,118.38,120.094,247.42,94.78,758.4639999999999,126.41066666666666
2025-05-22,14.399999999999999,178.62,100.28999999999999,102.037,234.34,99.68,729.367,121.56116666666667
2025-05-23,14.399999999999999,172.88,123.64,91.649,240.32999999999998,69.71,712.609,118.76816666666667
2025-05-24,14.399999999999999,152.46,126.62,74.793,153.38,103.63,625.283,104.21383333333334
2025-05-25,14.399999999999999,142.87,128.24,73.777,131.99,98.42,589.697,98.28283333333333
2025-05-26,14.15,168.18,148.69,110.735,211.18,52.39,705.3249999999999,117.55416666666666
2025-05-27,13.73,174.63,115.75999999999999,112.841,247.97,39.13,704.061,117.3435
2025-05-28,14.399999999999999,164.68,145.44,126.629,237.16,58.2,746.509,124.41816666666666
2025-05-29,14.399999999999999,159.33,144.72,121.043,191.21,97.55,728.253,121.3755
2025-05-30,14.399999999999999,167.54,159.79,101.252,173.47,101.1,717.552,119.592
2025-05-31,14.399999999999999,164.23,157.41,105.67,187.15,69.61,698.47,116.41166666666668
2025-06-01,14.36,167.96,147.52,84.114,186.82,22.07,622.8440000000002,103.80733333333336
2025-06-02,14.399999999999999,165.4,139.14000000000001,78.836,180.94,39.86,618.5760000000001,103.09600000000002
2025-06-03,14.399999999999999,189.29,145.43,113.024,242.18,39.62,743.9440000000001,123.99066666666668
2025-06-04,14.399999999999999,189.07999999999998,134.54,105.352,311.07,28.66,783.102,130.517
2025-06-05,14.16,201.73,131.24,101.08500000000001,317.41,30.169999999999998,795.795,132.6325
2025-06-06,14.389999999999999,194.35999999999999,145.63,103.867,269.85,41.86,769.957,128.32616666666667
2025-06-07,14.23,176.95,147.12,81.197,181.14,57.36,657.997,109.66616666666665
2025-06-08,13.91,170.57999999999998,146.31,74.394,137.55,76.26,619.0039999999999,103.16733333333332
2025-06-09,14.36,183.75,153.88,94.42699999999999,241.11,49.01,736.537,122.75616666666667
2025-06-10,13.71,179.98,152.83,114.44200000000001,311.75,32.1,804.812,134.13533333333334
2025-06-11,13.700000000000001,177.77,152.31,118.867,357.95,15.59,836.187,139.3645
2025-06-12,13.690000000000001,181.11,150.32999999999998,113.415,363.34,18.9,840.785,140.13083333333333
2025-06-13,14.399999999999999,179.93,149.60999999999999,95.199,341.40999999999997,43.23,823.779,137.2965
2025-06-14,14.2,174.4,147.36,77.35,254.86,35.25,703.4200000000001,117.23666666666668
2025-06-15,14.32,173.93,145.32,74.841,242.87,30.11,681.391,113.56516666666666
2025-06-16,14.24,183.66,129.32,102.647,364.43,31.66,825.957,137.6595
2025-06-17,14.22,166.47,129.02,125.393,354.12,37.24,826.4630000000001,137.74383333333336
2025-06-18,14.27,175.37,138.94,130.822,327.24,49.61,836.2520000000001,139.37533333333334
2025-06-19,13.760000000000002,169.16,147.03,132.804,359.6,25.97,848.3240000000001,141.38733333333334
2025-06-20,14.399999999999999,161.39,145.27,120.632,343.96,30.53,816.182,136.03033333333335
2025-06-21,14.399999999999999,156.32,147.52,94.983,232.1,57.980000000000004,703.303,117.21716666666667
2025-06-22,14.399999999999999,143.88,148.41,83.121,212.43,27.87,630.111,105.0185
2025-06-23,13.91,167.49,154.12,115.512,364.9,16.76,832.692,138.782
2025-06-24,14.399999999999999,164.04,153.09,135.00199999999998,402.54,32.64,901.7119999999999,150.2853333333333
2025-06-25,14.389999999999999,167.67,153.06,132.58,452.59,16.24,936.53,156.08833333333334
2025-06-26,14.34,155.88,149.03,127.767,477.76,21.56,946.337,157.72283333333334
2025-06-27,14.34,149.25,153.29,133.58,430.14,52.75,933.35,155.55833333333334
2025-06-28,14.389999999999999,139.41,158.59,83.539,243.60999999999999,123.07,762.6089999999999,127.10149999999999
2025-06-29,14.389999999999999,136.36,159.01,77.788,224.48,94.1,706.128,117.688
2025-06-30,14.309999999999999,160.51,147.52,99.121,476.65,41.03,939.141,156.52349999999998
2025-07-01,13.85,164.01,146.51,109.913,556.82,26.22,1017.3230000000001,169.55383333333336
2025-07-02,13.84,150.66,142.26,109.396,549.58,22.060000000000002,987.796,164.63266666666667
2025-07-03,14.399999999999999,152.93,140.84,108.778,525.85,12.36,955.158,159.193
2025-07-04,14.27,157.32,140.8,107.232,545.09,14.46,979.172,163.19533333333334
2025-07-05,14.399999999999999,133.19,128.06,80.074,396.54,23.62,775.884,129.314
2025-07-06,14.399999999999999,135.48,125.9,72.47,291.27,41.58,681.1,113.51666666666667
2025-07-07,14.399999999999999,149.51,142.58,116.154,362.43,103.77,888.844,148.14066666666668
2025-07-08,13.64,148.77,139.15,129.492,330.49,123.19,884.732,147.45533333333333
2025-07-09,13.57,148.06,159.64,131.333,272.87,107.48,832.953,138.8255
2025-07-10,14.25,141.9,155.97,123.145,294.97,69.04,799.275,133.2125
2025-07-11,14.69,141.65,151.32999999999998,119.27799999999999,331.8,51.33,810.0780000000001,135.013
2025-07-12,14.399999999999999,140.88,147.44,101.654,254.76,28.86,687.994,114.66566666666667
2025-07-13,14.399999999999999,131.72,111.56,80.557,225.69,46.98,610.907,101.81783333333334
2025-07-14,14.399999999999999,137.44,148.46,127.513,349.49,49.36,826.663,137.77716666666666
2025-07-15,14.399999999999999,125.97,152.55,135.961,390.24,89.17,908.291,151.38183333333333
2025-07-16,14.399999999999999,142.23,145.99,135.944,423.33,53.72,915.614,152.60233333333335
2025-07-17,14.399999999999999,124.06,144.65,133.985,445.34,54.9,917.3349999999999,152.88916666666665
2025-07-18,14.399999999999999,138.54,150.88,133.318,422.86,41.0,900.998,150.16633333333334
2025-07-19,14.399999999999999,126.03999999999999,129.64,92.498,352.4,30.74,745.718,124.28633333333333
2025-07-20,14.389999999999999,121.61,136.15,90.335,283.9,64.34,710.725,118.45416666666667
2025-07-21,13.64,142.57,136.65,118.953,422.22,74.01,908.043,151.3405
2025-07-22,14.02,139.71,149.09,118.272,427.55,81.94,930.5820000000001,155.097
2025-07-23,14.2,132.60999999999999,141.57,98.747,467.21,47.32,901.657,150.27616666666668
2025-07-24,13.8,142.97,126.27,96.716,460.26,36.89,876.9060000000001,146.151
2025-07-25,13.84,155.57,106.28,90.813,441.08,40.93,848.5129999999999,141.4188333333333
2025-07-26,14.399999999999999,137.11,106.33,80.767,274.05,82.81,695.4670000000001,115.91116666666669
2025-07-27,14.399999999999999,130.83,142.36,80.352,185.76,68.67,622.372,103.72866666666665
2025-07-28,14.399999999999999,155.4,93.03,90.518,279.97,116.78,750.0980000000001,125.01633333333335
2025-07-29,14.27,136.89,133.49,103.563,251.04,106.49,745.7429999999999,124.2905
2025-07-30,13.64,137.73,140.01,99.217,290.25,65.47,746.317,124.38616666666667
2025-07-31,14.23,141.99,150.03,111.45100000000001,279.09,49.95,746.741,124.45683333333334
2025-08-01,14.399999999999999,148.96,141.94,96.905,293.07,29.67,724.945,120.82416666666667
2025-08-02,14.399999999999999,144.31,124.67999999999999,63.893,202.42,74.85,624.553,104.09216666666667
2025-08-03,14.399999999999999,137.49,140.55,61.303,164.76,80.06,598.5630000000001,99.76050000000002
2025-08-04,14.399999999999999,142.1,139.78,72.582,222.52,79.88,671.262,111.877
2025-08-05,14.35,129.54,149.32999999999998,79.526,253.0,83.95,709.696,118.28266666666667
2025-08-06,13.99,134.25,138.33,79.278,280.85,58.230000000000004,704.9280000000001,117.48800000000001
2025-08-07,13.760000000000002,120.67,147.94,82.667,289.03,54.33,708.397,118.06616666666667
2025-08-08,14.25,120.13,152.52,77.93,290.43,45.69,700.95,116.825
2025-08-09,14.399999999999999,110.32000000000001,150.17,66.601,281.15,22.61,645.251,107.54183333333333
2025-08-10,14.399999999999999,116.54,149.57999999999998,70.56099999999999,260.0,43.9,654.9809999999999,109.16349999999998
2025-08-11,14.399999999999999,124.44,148.5,74.498,330.65,55.86,748.3480000000001,124.72466666666668
2025-08-12,14.399999999999999,123.32000000000001,138.95,76.867,353.84,55.93,763.3069999999999,127.21783333333332
2025-08-13,14.399999999999999,124.51,138.86,81.289,388.39,38.46,785.909,130.98483333333334
2025-08-14,14.399999999999999,117.32,125.68,70.454,397.57,30.32,755.744,125.95733333333334
2025-08-15,14.399999999999999,117.79,128.28,73.091,328.43,29.98,691.971,115.3285
2025-08-16,14.399999999999999,104.02,129.02,75.988,337.62,34.56,695.608,115.93466666666666
2025-08-17,14.399999999999999,110.78999999999999,129.48,72.038,305.56,26.169999999999998,658.438,109.73966666666666
2025-08-18,14.399999999999999,107.84,133.53,95.543,345.76,39.61,736.683,122.7805
2025-08-19,14.399999999999999,109.42,130.12,108.62899999999999,351.1,18.13,731.799,121.9665
2025-08-20,14.15,116.36,101.36,101.58500000000001,332.59,46.22,712.2650000000001,118.71083333333335
2025-08-21,14.19,121.59,106.88,107.22,279.94,104.3,734.1199999999999,122.35333333333331
2025-08-22,14.19,111.26,134.3,115.39,254.7,75.89999999999999,705.7399999999999,117.62333333333332
2025-08-23,14.399999999999999,101.5,126.78,96.755,262.13,31.72,633.2850000000001,105.54750000000001
2025-08-24,14.399999999999999,99.83,112.24,76.849,220.98,25.11,549.409,91.56816666666667
2025-08-25,14.399999999999999,117.44,131.89,93.84400000000001,340.74,19.92,718.234,119.70566666666667
2025-08-26,14.379999999999999,114.41,129.67,88.777,393.0,19.92,760.1569999999999,126.69283333333333
2025-08-27,14.399999999999999,122.75,109.63,75.18299999999999,436.82,20.13,778.9129999999999,129.81883333333332
2025-08-28,14.399999999999999,131.01,91.59,76.015,439.28,59.45,811.745,135.29083333333332
2025-08-29,14.399999999999999,139.38,104.9,99.13,378.27,71.36,807.4399999999999,134.57333333333332
2025-08-30,14.399999999999999,141.57999999999998,107.49,79.285,216.78,92.46,651.995,108.66583333333334
2025-08-31,14.399999999999999,127.81,142.89,75.822,207.12,26.7,594.7420000000001,99.12366666666668
2025-09-01,14.399999999999999,145.47,113.6,85.658,361.43,24.41,744.968,124.16133333333333
2025-09-02,14.23,140.95,96.95,87.73,383.7,90.74,814.3,135.71666666666667
2025-09-03,14.24,135.58,132.49,102.124,334.88,55.300000000000004,774.614,129.10233333333335
2025-09-04,14.399999999999999,145.23,132.17,105.20700000000001,358.12,36.96,792.087,132.0145
2025-09-05,14.399999999999999,139.8,128.5,105.486,373.01,30.7,791.8960000000001,131.9826666666667
2025-09-06,14.399999999999999,130.77,135.55,91.977,273.21999999999997,28.78,674.6969999999999,112.44949999999999
2025-09-07,14.399999999999999,118.69,126.39,84.168,237.66,22.59,603.898,100.64966666666668
2025-09-08,14.399999999999999,137.99,105.86,110.62,395.59,11.86,776.32,129.38666666666668
2025-09-09,14.399999999999999,147.39000000000001,80.73,112.478,482.11,28.77,865.878,144.31300000000002
2025-09-10,14.379999999999999,145.69,54.25,102.332,454.76,81.95,853.3620000000001,142.227
2025-09-11,14.399999999999999,135.93,113.58,122.313,344.74,77.02,807.983,134.66383333333332
2025-09-12,14.399999999999999,133.34,121.77,122.793,365.9,45.52,803.723,133.95383333333334
2025-09-13,14.399999999999999,121.3,105.3,97.974,309.41,17.4,665.784,110.964
2025-09-14,14.399999999999999,120.66,111.51,89.756,229.05,35.97,601.346,100.22433333333333
2025-09-15,14.209999999999999,117.6,119.75,119.86,386.23,19.19,776.8400000000001,129.47333333333336
2025-09-16,13.91,109.22,116.94,117.56,421.17,45.06,823.8599999999999,137.30999999999997
2025-09-17,14.389999999999999,115.7,113.89,131.725,389.9,65.69,831.2950000000001,138.54916666666668
2025-09-18,14.33,117.81,124.18,121.86,357.96,87.08,823.2200000000001,137.20333333333335
2025-09-19,14.399999999999999,116.18,126.38,110.136,393.13,48.85,809.076,134.846
2025-09-20,14.36,112.28999999999999,123.98,84.163,304.94,21.21,660.943,110.15716666666667
2025-09-21,14.399999999999999,102.4,118.55,69.107,253.28,19.12,576.857,96.14283333333333
2025-09-22,14.399999999999999,128.83,79.49,76.141,406.18,38.44,743.481,123.9135
2025-09-23,14.03,131.53,71.23,79.866,447.42,34.57,778.6460000000001,129.77433333333335
2025-09-24,14.399999999999999,122.03,74.74,90.979,413.72,57.91,773.779,128.96316666666667
2025-09-25,14.399999999999999,116.62,104.53,103.402,347.95,74.59,761.4920000000001,126.91533333333335
2025-09-26,14.11,115.94,77.7,89.773,410.11,14.51,722.143,120.35716666666667
2025-09-27,14.26,114.62,80.74,72.916,287.46,15.88,585.876,97.646
2025-09-28,14.399999999999999,104.2,104.8,70.455,213.99,55.29,563.135,93.85583333333334
2025-09-29,14.309999999999999,124.82,114.3,96.858,335.36,45.870000000000005,731.518,121.91966666666667
2025-09-30,14.399999999999999,125.85000000000001,97.84,104.632,435.61,10.89,789.222,131.537
2025-10-01,14.31,115.23,75.24,105.463,421.81,41.77,773.8229999999999,128.9705
2025-10-02,14.35,104.57,99.48,110.59,289.9,170.99,789.88,131.64666666666668
2025-10-03,14.399999999999999,107.21,97.61,108.888,229.34,160.07,717.518,119.58633333333334
2025-10-04,14.399999999999999,112.45,93.21,87.38,220.02,75.55,603.01,100.50166666666667
2025-10-05,14.34,93.69,71.38,74.804,152.12,134.05,540.384,90.06400000000001
2025-10-06,13.55,102.1,112.32,116.918,287.95,135.57999999999998,768.4179999999999,128.06966666666665
2025-10-07,13.440000000000001,97.73,109.85000000000001,119.135,354.94,140.65,835.745,139.29083333333332
2025-10-08,13.56,103.28,109.38,120.92,359.57,114.1,820.8100000000001,136.80166666666668
2025-10-09,14.01,104.37,102.77,114.398,430.1,20.55,786.198,131.033
2025-10-10,14.34,97.38,102.44,114.543,404.2,20.29,753.193,125.53216666666667
2025-10-11,14.12,80.5,104.51,86.033,273.93,59.61,618.7030000000001,103.11716666666668
2025-10-12,14.28,74.08,88.97,66.69200000000001,260.6,22.62,527.242,87.87366666666667
2025-10-13,13.99,96.41,85.84,105.967,462.19,8.700000000000001,773.097,128.8495
2025-10-14,14.35,94.21000000000001,83.13,116.81400000000001,498.12,11.23,817.854,136.309
2025-10-15,14.37,93.76,69.08,118.347,505.86,32.19,833.607,138.93449999999999
2025-10-16,14.399999999999999,85.3,72.45,101.259,438.96,51.37,763.7389999999999,127.28983333333332
2025-10-17,14.06,85.6,70.58,90.698,411.99,52.64,725.568,120.928
2025-10-18,14.399999999999999,73.13,82.77,75.745,308.36,18.900000000000002,573.305,95.55083333333333
2025-10-19,14.399999999999999,68.92,84.21,64.765,238.43,23.54,494.265,82.3775
2025-10-20,14.399999999999999,81.84,59.949999999999996,90.203,433.96,20.1,700.453,116.74216666666666
2025-10-21,14.399999999999999,79.41,43.44,88.549,463.85,65.61,755.259,125.87650000000001
2025-10-22,14.13,89.14,50.69,85.251,469.56,54.07,762.841,127.14016666666667
2025-10-23,13.680000000000001,84.61,39.69,73.59,371.29,138.82999999999998,721.69,120.28166666666668
2025-10-24,14.399999999999999,87.28,97.38,80.032,273.33,144.28,696.702,116.117
2025-10-25,14.399999999999999,74.68,73.81,58.296,221.03,116.02,558.236,93.03933333333333
2025-10-26,14.399999999999999,65.61,71.53,57.906,156.91,137.92,504.27599999999995,84.04599999999999
2025-10-27,14.399999999999999,80.94,84.95,82.422,291.24,135.28,689.232,114.872
2025-10-28,14.399999999999999,81.02,90.64,107.038,369.19,55.03,717.318,119.553
2025-10-29,14.399999999999999,81.04,68.51,90.41499999999999,398.28000000000003,60.16,712.805,118.80083333333333
2025-10-30,14.32,89.79,37.04,73.992,400.18,79.58,694.902,115.81700000000001
2025-10-31,14.379999999999999,97.87,44.68,59.094,434.68,19.97,670.674,111.779
2025-11-01,14.399999999999999,70.47,57.92,53.887,260.64,17.21,474.527,79.08783333333334
2025-11-02,14.399999999999999,71.92,47.39,37.0,245.18,42.65,458.53999999999996,76.42333333333333
2025-11-03,14.399999999999999,95.58,68.62,77.599,334.35,85.72,676.269,112.7115
2025-11-04,14.29,89.46000000000001,83.28999999999999,99.234,355.61,105.46000000000001,747.344,124.55733333333335
2025-11-05,14.399999999999999,90.88,85.16,105.997,411.43,47.660000000000004,755.5269999999999,125.92116666666665
2025-11-06,14.37,83.71,79.64,103.972,450.33,15.71,747.732,124.622
2025-11-07,14.399999999999999,87.09,54.83,83.742,478.99,22.84,741.892,123.64866666666667
2025-11-08,14.399999999999999,74.29,61.980000000000004,63.005,358.44,23.94,596.0550000000001,99.34250000000002
2025-11-09,14.399999999999999,68.03,52.2,63.419,280.56,53.49,532.0989999999999,88.68316666666665
2025-11-10,14.399999999999999,90.08,72.21000000000001,97.294,438.08,80.76,792.824,132.13733333333332
2025-11-11,14.399999999999999,75.64,74.3,91.559,483.55,24.13,763.579,127.26316666666666
2025-11-12,14.399999999999999,76.08,73.52,89.509,495.63,11.42,760.559,126.75983333333333
2025-11-13,14.399999999999999,79.86,68.2,97.399,505.2,17.45,782.509,130.41816666666668
2025-11-14,14.399999999999999,78.87,58.690000000000005,88.318,497.78,40.9,778.958,129.82633333333334
2025-11-15,14.399999999999999,64.57,50.0,72.343,368.5,48.93,618.7429999999999,103.12383333333332
2025-11-16,14.399999999999999,71.8,38.86,54.195,280.59,70.97,530.8149999999999,88.46916666666665
2025-11-17,14.399999999999999,92.9,45.31,88.435,373.98,113.99,729.0150000000001,121.50250000000001
2025-11-18,14.399999999999999,87.62,32.019999999999996,87.149,486.16,59.24,766.589,127.76483333333334
2025-11-19,14.399999999999999,101.69,44.89,76.97,519.71,24.42,782.08,130.34666666666666
2025-11-20,14.399999999999999,103.62,42.38,90.34,530.63,75.06,856.4300000000001,142.73833333333334
2025-11-21,14.69,114.28,33.28,71.0,548.37,69.07000000000001,850.69,141.78166666666667
2025-11-22,15.35,75.13,42.05,63.873,380.08,84.87,661.353,110.2255
2025-11-23,14.96,63.51,68.55,71.318,309.94,74.74,603.018,100.503
2025-11-24,14.399999999999999,107.95,22.96,87.759,503.07,132.96,869.099,144.84983333333335
2025-11-25,14.399999999999999,131.59,32.47,100.049,501.97,164.76,945.239,157.53983333333335
2025-11-26,14.399999999999999,120.52,44.85,108.027,576.85,50.54,915.1869999999999,152.53116666666665
2025-11-27,14.399999999999999,91.53,50.46,106.54899999999999,528.49,59.41,850.839,141.8065
2025-11-28,14.399999999999999,87.13,53.54,96.845,493.23,102.54,847.685,141.28083333333333
2025-11-29,14.399999999999999,71.48,62.38,63.575,390.13,57.81,659.7749999999999,109.96249999999998
2025-11-30,14.399999999999999,68.67,60.129999999999995,47.351,349.59000000000003,24.72,564.8610000000001,94.14350000000002
2025-12-01,14.399999999999999,92.35,37.83,79.414,562.91,17.35,804.254,134.04233333333335
2025-12-02,14.399999999999999,83.83,33.82,99.922,619.33,20.16,871.462,145.24366666666666
2025-12-03,14.399999999999999,94.82,39.04,106.829,637.46,19.73,912.279,152.0465
2025-12-04,14.399999999999999,74.34,27.62,82.43299999999999,576.42,91.31,866.5229999999999,144.42049999999998
2025-12-05,14.399999999999999,75.9,36.17,89.029,595.84,59.120000000000005,870.4590000000001,145.0765
2025-12-06,14.399999999999999,52.8,53.1,74.06700000000001,341.65,126.91,662.9269999999999,110.48783333333331
2025-12-07,14.399999999999999,52.37,48.52,46.8,279.51,84.91,526.51,87.75166666666667
2025-12-08,14.399999999999999,58.76,61.78,51.682,342.57,47.5,576.692,96.11533333333334
2025-12-09,14.399999999999999,71.21,59.529999999999994,102.12,549.95,5.98,803.19,133.865
2025-12-10,14.399999999999999,73.14,55.72,113.565,595.69,6.76,859.2750000000001,143.2125
2025-12-11,14.26,73.39,50.98,114.704,602.25,12.85,868.4340000000001,144.739
2025-12-12,14.399999999999999,67.4,50.370000000000005,109.69,608.8,13.46,864.12,144.02
2025-12-13,14.399999999999999,63.92,55.45,66.941,435.14,13.28,649.131,108.18849999999999
2025-12-14,14.399999999999999,53.99,58.349999999999994,59.95,383.25,8.06,578.0,96.33333333333333
2025-12-15,14.399999999999999,75.24,44.53,78.883,586.3,35.14,834.4929999999999,139.08216666666667
2025-12-16,14.399999999999999,83.17,12.49,83.411,617.57,71.34,882.3810000000001,147.0635
2025-12-17,14.209999999999999,82.85,34.84,91.586,604.27,46.15,873.906,145.65099999999998
2025-12-18,14.399999999999999,80.92,34.0,78.808,622.13,20.05,850.308,141.718
2025-12-19,14.399999999999999,76.88,28.23,56.744,594.32,21.26,791.8340000000001,131.97233333333335
2025-12-20,14.399999999999999,64.38,33.35,46.342999999999996,446.03,35.83,640.333,106.72216666666667
2025-12-21,14.399999999999999,57.82,35.199999999999996,42.516,363.86,37.62,551.416,91.90266666666668
2025-12-22,14.399999999999999,86.3,31.31,41.846,467.11,38.68,679.646,113.27433333333333
2025-12-23,14.399999999999999,71.18,17.74,84.58800000000001,522.41,58.78,769.098,128.183
2025-12-24,14.399999999999999,68.17999999999999,29.360000000000003,42.714,382.3,92.97,629.924,104.98733333333332
2025-12-25,14.399999999999999,56.82,31.64,32.127,344.0,38.96,517.947,86.3245
2025-12-26,14.399999999999999,54.82,46.49,42.474,314.78,63.41,536.3739999999999,89.39566666666666
2025-12-27,14.399999999999999,59.9,56.71,57.805,289.43,122.13,600.375,100.0625
2025-12-28,14.399999999999999,56.45,65.92,66.691,301.08,63.06,567.6009999999999,94.60016666666665
2025-12-29,14.19,63.56,60.57,79.709,433.13,39.61,690.769,115.12816666666667
2025-12-30,14.399999999999999,55.29,51.72,92.911,435.0,76.73,726.051,121.00850000000001
2025-12-31,14.399999999999999,48.64,57.92,74.933,393.01,79.71,668.613,111.4355
