reportingYear,EPRTRAnnexIMainActivity,Longitude,Latitude,Pollutant,Releases,distance_from_rome_km,Sector_Chemical industry,Sector_Energy sector,Sector_Intensive livestock production and aquaculture,Sector_Mineral industry,Sector_Other activities,Sector_Paper and wood production and processing,Sector_Production and processing of metals,Sector_Waste and wastewater management
2021,7(a),11.106667,45.123611,Ammonia (NH3),31920.0,375.24594232047895,0,0,1,0,0,0,0,0
2021,7(a),10.7394,45.3317,Ammonia (NH3),27910.6,406.6374781001603,0,0,1,0,0,0,0,0
2021,1(c),11.7654,42.1231,Carbon dioxide (CO2),530453000.0,65.17174386427507,0,1,0,0,0,0,0,0
2022,2(b),12.6667,42.5667,Nitrogen oxides (NOX),510200.0,75.14187357873665,0,0,0,0,0,0,1,0
2022,5(d),10.9386,44.3408,Methane (CH4),133874.2,299.1115060532361,0,0,0,0,0,0,0,1
2022,7(a),12.386111,44.053333,Ammonia (NH3),12070.0,239.2965497068425,0,0,1,0,0,0,0,0
2024,7(a),10.4919,45.3809,Ammonia (NH3),30400.0,418.99815196073837,0,0,1,0,0,0,0,0
2024,2(e),10.3928,45.4767,Polychlorinated biphenyls (PCBs),1.15,431.85393204495546,0,0,0,0,0,0,1,0
2022,7(a),9.9147,45.4508,Ammonia (NH3),12070.0,445.75603623783854,0,0,1,0,0,0,0,0
2022,1(c),17.9919,40.6411,Carbon dioxide (CO2),2428705000.0,480.12109605671674,0,1,0,0,0,0,0,0
2022,7(a),9.5606,45.3256,Ammonia (NH3),22530.0,447.93657561176553,0,0,1,0,0,0,0,0
2022,7(a),10.3821,45.4863,Ammonia (NH3),24050.0,433.1673437506241,0,0,1,0,0,0,0,0
2022,7(a),10.1494,45.3306,Ammonia (NH3),18530.0,425.3632019373156,0,0,1,0,0,0,0,0
2022,7(a),7.5633,44.6922,Ammonia (NH3),12013.0,505.3940875422444,0,0,1,0,0,0,0,0
2023,7(a),13.248906,43.488567,Ammonia (NH3),28833.0,186.74351747192836,0,0,1,0,0,0,0,0
2024,7(a),13.29075,46.104806,Ammonia (NH3),14335.0,471.53415372095014,0,0,1,0,0,0,0,0
2024,7(a),9.9278,45.4336,Ammonia (NH3),37490.0,443.58762798868474,0,0,1,0,0,0,0,0
2021,7(a),9.3267,45.4119,Ammonia (NH3),17232.0,466.03621859810676,0,0,1,0,0,0,0,0
2023,4(e),8.9767,45.0575,Non-methane volatile organic compounds (NMVOC),181370.0,451.2332413641436,1,0,0,0,0,0,0,0
2022,3(e),12.2592,45.4644,Sulphur oxides (SOX),180450.0,396.4903506366455,0,0,0,1,0,0,0,0
2024,4(e),9.3747,45.4044,Hydro-fluorocarbons (HFCS),496.0,463.2452754182313,1,0,0,0,0,0,0,0
2024,4(e),9.7828,45.6836,Hydro-fluorocarbons (HFCS),148.0,473.4049560693992,1,0,0,0,0,0,0,0
2024,7(a),10.1681,45.1642,Ammonia (NH3),12880.0,408.2969907889651,0,0,1,0,0,0,0,0
2022,3(c),12.259722,45.815833,Nitrogen oxides (NOX),246526.0,435.5224044699912,0,0,0,1,0,0,0,0
2021,6(b),10.5167,44.9167,Zinc and compounds (as Zn),4306.0,371.29893725265117,0,0,0,0,0,1,0,0
2022,2(b),17.1999,40.5167,Zinc and compounds (as Zn),1255.94,422.49503361756746,0,0,0,0,0,0,1,0
2024,7(a),7.7055,44.717694,Ammonia (NH3),17100.0,498.0765493632422,0,0,1,0,0,0,0,0
2023,1(c),8.2991,40.8516,Fluorine and inorganic compounds (as HF),8233.1541,369.15699948624194,0,1,0,0,0,0,0,0
2022,2(e),14.326944,41.030278,Nitrogen oxides (NOX),184900.0,180.7619232906541,0,0,0,0,0,0,1,0
2023,4(a),12.2667,45.4594,Carbon dioxide (CO2),295889970.0,395.9064965826192,1,0,0,0,0,0,0,0
2023,1(c),18.0321,40.5638,Nitrous oxide (N2O),17585.9,486.1548254028064,0,1,0,0,0,0,0,0
2023,7(a),10.7983,43.5044,Ammonia (NH3),20131.0,225.75389188624004,0,0,1,0,0,0,0,0
2022,7(a),10.6975,45.0417,Ammonia (NH3),22979.0,377.9861726675765,0,0,1,0,0,0,0,0
2023,4(e),10.0128,45.8022,Non-methane volatile organic compounds (NMVOC),141023.9,477.0774099939351,1,0,0,0,0,0,0,0
2022,7(a),10.1019,45.0048,Ammonia (NH3),11770.0,395.34354005536096,0,0,1,0,0,0,0,0
2024,4(e),10.0128,45.8022,Dichloromethane (DCM),44305.0,477.0774099939351,1,0,0,0,0,0,0,0
2021,2(b),12.6667,42.5667,Fluorine and inorganic compounds (as HF),6105.1,75.14187357873665,0,0,0,0,0,0,1,0
2021,1(c),14.9543,38.474,Nitrogen oxides (NOX),156082.0,434.63889175383196,0,1,0,0,0,0,0,0
2023,7(a),9.4147,45.1303,Ammonia (NH3),103220.0,436.43837193430693,0,0,1,0,0,0,0,0
2022,7(a),9.9272,45.2317,Ammonia (NH3),19242.0,424.0459601497846,0,0,1,0,0,0,0,0
2022,5(a),7.723071,45.153355,Ammonia (NH3),13682.0,527.7757227599947,0,0,0,0,0,0,0,1
2023,1(a),17.193,40.4892,Nitrous oxide (N2O),18390.0,423.1599159692294,0,1,0,0,0,0,0,0
2024,7(a),9.6223,45.3141,Ammonia (NH3),42103.0,444.2587580906657,0,0,1,0,0,0,0,0
2024,5(d),11.7264,42.8483,Methane (CH4),146770.0,122.6935294008584,0,0,0,0,0,0,0,1
2021,7(a),13.7019,42.5958,Ammonia (NH3),13800.0,125.62949050198593,0,0,1,0,0,0,0,0
2022,7(a),10.3761,45.4758,Ammonia (NH3),11407.0,432.2894431922402,0,0,1,0,0,0,0,0
2022,1(c),11.7586,42.1275,Sulphur oxides (SOX),1437170.0,65.87472663400173,0,1,0,0,0,0,0,0
2021,5(b),10.9439,44.6714,Carbon dioxide (CO2),186706872.8,332.4959009741118,0,0,0,0,0,0,0,1
2022,4(b),12.2236,45.4483,Hydro-fluorocarbons (HFCS),1410.0,394.8508736063738,1,0,0,0,0,0,0,0
2023,7(a),10.1053,45.5697,Ammonia (NH3),11110.0,450.6739409169753,0,0,1,0,0,0,0,0
2023,8(b),8.5825,45.425,Ammonia (NH3),16200.0,502.367040546723,0,0,0,0,0,0,0,0
2024,1(c),9.0197,40.2392,Nitrogen oxides (NOX),106070.0,345.1538185907066,0,1,0,0,0,0,0,0
2021,1(c),12.2003,42.9946,Nitrogen oxides (NOX),126421.0,123.80937782008826,0,1,0,0,0,0,0,0
2023,3(c),13.0042,41.7367,Carbon dioxide (CO2),326434000.0,45.95489691933602,0,0,0,1,0,0,0,0
2023,1(c),8.4008,39.1962,Nitrogen oxides (NOX),611387.4,458.5068450836283,0,1,0,0,0,0,0,0
2024,9(c),12.3992,45.9307,Non-methane volatile organic compounds (NMVOC),139370.0,447.94960416655414,0,0,0,0,1,0,0,0
2022,9(c),8.9946,45.6018,Non-methane volatile organic compounds (NMVOC),329977.0,498.16775196513777,0,0,0,0,1,0,0,0
2024,1(c),9.2828,45.4172,Carbon dioxide (CO2),129316000.0,468.4601167335642,0,1,0,0,0,0,0,0
2024,7(a),10.1525,45.2933,Ammonia (NH3),23600.0,421.5663200102679,0,0,1,0,0,0,0,0
2023,3(c),9.7186,45.0497,Sulphur oxides (SOX),204917.0,415.4886311061949,0,0,0,1,0,0,0,0
2021,3(c),12.6178,43.2844,Carbon monoxide (CO),545800.0,153.94793754868223,0,0,0,1,0,0,0,0
2024,7(a),10.6692,45.0736,Ammonia (NH3),28034.0,382.12286736829003,0,0,1,0,0,0,0,0
2024,7(a),10.1831,45.1781,Ammonia (NH3),29120.0,409.1082979543727,0,0,1,0,0,0,0,0
2021,1(a),9.0113,39.0971,Nickel and compounds (as Ni),605.6533,429.0677199992063,0,1,0,0,0,0,0,0
2023,1(a),15.219444,37.135556,Nitrous oxide (N2O),12098.0,579.1857861069731,0,1,0,0,0,0,0,0
2023,3(e),12.2592,45.4644,Nitrogen oxides (NOX),459210.0,396.4903506366455,0,0,0,1,0,0,0,0
2021,7(a)(ii),8.9644,45.0942,Ammonia (NH3),14508.0,454.97684420220054,0,0,1,0,0,0,0,0
2023,4(a),18.0022,40.6395,Nitrogen oxides (NOX),263630.0,481.00117134663145,1,0,0,0,0,0,0,0
2021,7(a),11.2732,45.074,Ammonia (NH3),36464.0,366.15589412172045,0,0,1,0,0,0,0,0
2023,1(c),11.7586,42.1275,Carbon dioxide (CO2),3339651000.0,65.87472663400173,0,1,0,0,0,0,0,0
2022,7(a),8.5892,45.503,Ammonia (NH3),29862.0,508.6938510029393,0,0,1,0,0,0,0,0
2024,3(c),7.5,44.2833,Carbon dioxide (CO2),716671543.2,484.2811228602819,0,0,0,1,0,0,0,0
2022,4(a),15.1973,37.167,Nitrogen oxides (NOX),561081.0,575.2012058760492,1,0,0,0,0,0,0,0
2022,7(a),12.158333,44.751944,Ammonia (NH3),12930.0,317.9874525517358,0,0,1,0,0,0,0,0
2024,7(a),12.3957,43.1373,Methane (CH4),114680.0,137.51796750832895,0,0,1,0,0,0,0,0
2023,1(a),15.1905,37.2216,Benzene,3660.8,569.3767495576742,0,1,0,0,0,0,0,0
2021,7(a),13.8574,42.5876,Ammonia (NH3),18000.0,135.4558229226069,0,0,1,0,0,0,0,0
2024,7(a),11.91933,44.72925,Ammonia (NH3),10458.0,317.733048063295,0,0,1,0,0,0,0,0
2022,3(c),9.6261,45.7886,Carbon dioxide (CO2),228594000.0,489.48589579402653,0,0,0,1,0,0,0,0
2024,7(a),10.7811,45.2879,Ammonia (NH3),10448.0,400.92528303763004,0,0,1,0,0,0,0,0
2022,7(a),10.4919,45.3809,Ammonia (NH3),43650.0,418.99815196073837,0,0,1,0,0,0,0,0
2021,3(c),12.6178,43.2844,Carbon dioxide (CO2),423914000.0,153.94793754868223,0,0,0,1,0,0,0,0
2021,7(a)(ii),9.8925,45.2036,Ammonia (NH3),13994.0,422.7253223266113,0,0,1,0,0,0,0,0
2021,1(c),9.5102,45.5119,Carbon dioxide (CO2),652194000.0,467.53659705314686,0,1,0,0,0,0,0,0
2023,7(a),10.8086,45.2619,Ammonia (NH3),14565.0,397.46079970214606,0,0,1,0,0,0,0,0
2022,1(c),15.4759,41.2018,Carbon dioxide (CO2),696479000.0,259.8801424448694,0,1,0,0,0,0,0,0
2022,1(c),11.9045,44.3163,Nitrogen oxides (NOX),137440.0,272.634114693117,0,1,0,0,0,0,0,0
2023,3(c),16.4489,38.9141,Nitrogen oxides (NOX),280100.0,471.52423078778224,0,0,0,1,0,0,0,0
2022,9(c),9.410564,45.30866,Non-methane volatile organic compounds (NMVOC),268998.3,452.8604934666745,0,0,0,0,1,0,0,0
2024,4(b),12.25,44.45,Carbon monoxide (CO),1493000.0,283.93915705228454,1,0,0,0,0,0,0,0
2021,4(b),12.25,44.45,Nitrogen oxides (NOX),828000.0,283.93915705228454,1,0,0,0,0,0,0,0
2023,7(a),10.8747,45.0375,Ammonia (NH3),11171.0,372.2982530102093,0,0,1,0,0,0,0,0
2023,3(c),12.6178,43.2844,Ammonia (NH3),26000.0,153.94793754868223,0,0,0,1,0,0,0,0
2021,1(c),15.1825,37.1791,Nickel and compounds (as Ni),117.1718,573.451982183205,0,1,0,0,0,0,0,0
2024,7(a),9.8156,45.2261,Methane (CH4),110384.0,427.9690109246469,0,0,1,0,0,0,0,0
2021,1(c),12.2661,44.4844,Carbon monoxide (CO),524082.0,287.6669114626911,0,1,0,0,0,0,0,0
2022,7(a),10.9178,44.9818,Ammonia (NH3),52134.0,365.30096828724606,0,0,1,0,0,0,0,0
2021,7(a),9.9692,45.3808,Ammonia (NH3),18110.0,436.8857967971654,0,0,1,0,0,0,0,0
2023,7(a),9.9561,45.2844,Ammonia (NH3),21868.0,428.0094573536063,0,0,1,0,0,0,0,0
2021,5(d),13.398611,37.380555,Methane (CH4),188700.0,508.7408183204527,0,0,0,0,0,0,0,1
2023,7(a),12.3957,43.1373,Ammonia (NH3),16350.0,137.51796750832895,0,0,1,0,0,0,0,0
2021,1(c),7.9005,45.1854,Carbon monoxide (CO),527900.0,519.876589257793,0,1,0,0,0,0,0,0
2024,2(e),18.318,40.1011,Polychlorinated biphenyls (PCBs),0.234,527.8715494715622,0,0,0,0,0,0,1,0
2021,7(a),9.725,45.5583,Methane (CH4),174036.0,463.3995249211472,0,0,1,0,0,0,0,0
2021,3(e),10.3858,43.7061,Sulphur oxides (SOX),152500.0,264.2817592979229,0,0,0,1,0,0,0,0
2024,3(c),9.7186,45.0497,Nitrogen oxides (NOX),491409.0,415.4886311061949,0,0,0,1,0,0,0,0
2023,7(a),10.020556,45.294722,Ammonia (NH3),38270.0,426.56201654300463,0,0,1,0,0,0,0,0
2021,7(a),8.7044,45.2328,Methane (CH4),152181.0,479.92703519196357,0,0,1,0,0,0,0,0
2022,7(a),9.4228,45.3898,Ammonia (NH3),10170.0,459.8086224396931,0,0,1,0,0,0,0,0
2024,2(b),17.1999,40.5167,Sulphur oxides (SOX),2419620.0,422.49503361756746,0,0,0,0,0,0,1,0
2023,7(a)(i),11.84,44.6991,Ammonia (NH3),17669.0,315.4356517248701,0,0,1,0,0,0,0,0
2024,7(a),9.8089,45.1986,Ammonia (NH3),14625.0,425.6316362060307,0,0,1,0,0,0,0,0
2023,1(c),8.739,45.5212,Nitrous oxide (N2O),19670.0,502.9487066098593,0,1,0,0,0,0,0,0
2023,7(a),9.968889,45.555556,Ammonia (NH3),38440.0,454.0503975113994,0,0,1,0,0,0,0,0
2024,7(a),11.0651,45.3634,Ammonia (NH3),14778.0,401.65347833902695,0,0,1,0,0,0,0,0
2021,7(a),12.3811,44.0086,Ammonia (NH3),22136.0,234.34213329577935,0,0,1,0,0,0,0,0
2021,1(a),15.1905,37.2216,Carbon dioxide (CO2),2008361437.7,569.3767495576742,0,1,0,0,0,0,0,0
2021,2(e),9.3242,45.5611,Sulphur oxides (SOX),241660.0,479.9435168749245,0,0,0,0,0,0,1,0
2022,3(c),16.6569,40.6753,Carbon dioxide (CO2),394573000.0,373.3984326170081,0,0,0,1,0,0,0,0
2023,5(d),12.5756,43.6901,Methane (CH4),427000.0,198.84369245266902,0,0,0,0,0,0,0,1
2023,7(a),12.012,45.552,Ammonia (NH3),13520.0,407.63272664256453,0,0,1,0,0,0,0,0
2024,1(c),16.7564,41.1024,Carbon dioxide (CO2),545353167.9,365.7083823283547,0,1,0,0,0,0,0,0
2022,2(e),10.3928,45.4767,Polychlorinated biphenyls (PCBs),0.573,431.85393204495546,0,0,0,0,0,0,1,0
2024,3(e),9.093056,45.429722,Nitrogen oxides (NOX),276397.7,478.16514829891844,0,0,0,1,0,0,0,0
2024,1(c),13.5906,45.9153,Nitrogen oxides (NOX),184883.0,454.6854917174831,0,1,0,0,0,0,0,0
2023,7(a),11.1679,45.3886,Ammonia (NH3),16722.0,402.05656759211234,0,0,1,0,0,0,0,0
2024,7(a),7.4706,44.2812,Ammonia (NH3),11984.0,486.15953169030996,0,0,1,0,0,0,0,0
2024,9(c),13.4258,41.9964,Sulphur hexafluoride (SF6),1598.7,77.56184590909317,0,0,0,0,1,0,0,0
2024,2(b),17.1999,40.5167,Nitrogen oxides (NOX),3023460.0,422.49503361756746,0,0,0,0,0,0,1,0
2021,2(f),14.4894,42.2097,Cadmium and compounds (as Cd),11.77,168.04097671877324,0,0,0,0,0,0,1,0
2024,7(a),7.8938,45.2458,Ammonia (NH3),13500.0,524.8583541680262,0,0,1,0,0,0,0,0
2021,3(e),9.6395,45.5201,Ammonia (NH3),32409.0,463.0780622267851,0,0,0,1,0,0,0,0
2023,7(a),7.851667,44.576111,Ammonia (NH3),11600.0,479.36895543929313,0,0,1,0,0,0,0,0
2024,7(a),7.8898,44.9805,Ammonia (NH3),27288.0,505.2549258306158,0,0,1,0,0,0,0,0
2023,7(a),12.8419,45.8839,Ammonia (NH3),14797.0,443.541677280921,0,0,1,0,0,0,0,0
2023,9(c),9.4614,45.685,Non-methane volatile organic compounds (NMVOC),110479.0,485.9282401989016,0,0,0,0,1,0,0,0
2023,3(c),12.7394,46.1778,Carbon monoxide (CO),1273066.0,475.75427963107893,0,0,0,1,0,0,0,0
2023,4(e),8.0153,44.2144,Hydro-fluorocarbons (HFCS),100.0,445.5530500261605,1,0,0,0,0,0,0,0
2021,5(d),11.9528,44.5133,Methane (CH4),132828.6,293.59665977949845,0,0,0,0,0,0,0,1
2022,7(a)(i),13.198056,45.901111,Ammonia (NH3),10461.0,448.12646144621823,0,0,1,0,0,0,0,0
2023,2(b),11.0,45.4333,Nickel and compounds (as Ni),82.7,410.5887775813313,0,0,0,0,0,0,1,0
2022,7(a),11.0103,45.0928,Ammonia (NH3),12555.0,374.3997894222247,0,0,1,0,0,0,0,0
2022,4(e),13.2664,45.8193,Hydro-fluorocarbons (HFCS),280.0,439.8423537564886,1,0,0,0,0,0,0,0
2024,1(a),15.219444,37.135556,Nitrogen oxides (NOX),1028012.0,579.1857861069731,0,1,0,0,0,0,0,0
2021,1(c),9.4359,45.3345,Carbon dioxide (CO2),1649336000.0,454.1275854590648,0,1,0,0,0,0,0,0
2021,7(a),10.0245,44.9145,Ammonia (NH3),33000.0,389.85092051859044,0,0,1,0,0,0,0,0
2023,7(a),9.2524,45.2904,Ammonia (NH3),21784.0,458.3143838205518,0,0,1,0,0,0,0,0
2021,7(a),12.3814,44.0025,Ammonia (NH3),13007.0,233.66342984182612,0,0,1,0,0,0,0,0
2021,5(a),7.5856,45.0381,Nitrogen oxides (NOX),190270.0,527.6333775226544,0,0,0,0,0,0,0,1
2023,7(a),11.0014,44.9542,Ammonia (NH3),16341.0,360.119946404735,0,0,1,0,0,0,0,0
2024,7(a),10.8989,44.955,Ammonia (NH3),14800.0,363.0587706641299,0,0,1,0,0,0,0,0
2021,7(a),9.9702,45.4521,Ammonia (NH3),26370.0,443.8249444507975,0,0,1,0,0,0,0,0
2024,3(c),10.8333,45.5792,Nitrogen oxides (NOX),204810.0,430.048733792792,0,0,0,1,0,0,0,0
2022,7(a),9.5927,45.2422,Ammonia (NH3),60130.0,438.79331530959837,0,0,1,0,0,0,0,0
2024,1(c),11.8897,44.6231,Nitrogen oxides (NOX),204660.0,306.4442616358695,0,1,0,0,0,0,0,0
2024,5(d),10.558333,42.965,Methane (CH4),335000.0,198.10260700583234,0,0,0,0,0,0,0,1
2021,4(a),18.0022,40.6395,Nitrogen oxides (NOX),322200.0,481.00117134663145,1,0,0,0,0,0,0,0
2022,7(a),11.051,44.737,Ammonia (NH3),23301.0,336.1261331447292,0,0,1,0,0,0,0,0
2023,7(a),11.9979,43.011153,Ammonia (NH3),13000.0,129.85060422402802,0,0,1,0,0,0,0,0
2021,1(d),8.2897,44.3808,Carbon dioxide (CO2),127916000.0,438.54873299619953,0,1,0,0,0,0,0,0
2023,7(a),12.3228,45.9511,Ammonia (NH3),24788.0,450.36472544874243,0,0,1,0,0,0,0,0
2021,7(a),11.0885,44.9487,Ammonia (NH3),20736.0,357.24733520922206,0,0,1,0,0,0,0,0
2021,7(a),11.7359,45.5142,Ammonia (NH3),48100.0,406.1895407298534,0,0,1,0,0,0,0,0
2024,1(c),11.5833,44.8499,Nitrogen oxides (NOX),440000.0,335.9030476325577,0,1,0,0,0,0,0,0
2021,1(c),8.7397,45.6203,Carbon dioxide (CO2),122010000.0,511.6199893408119,0,1,0,0,0,0,0,0
2022,7(a),13.5831,45.8972,Ammonia (NH3),20118.0,452.5976217699409,0,0,1,0,0,0,0,0
2022,9(c),14.771123,40.783681,Non-methane volatile organic compounds (NMVOC),241696.0,227.02505782072916,0,0,0,0,1,0,0,0
2021,7(a),13.6366,43.1903,Ammonia (NH3),14420.0,170.93558412114717,0,0,1,0,0,0,0,0
2022,7(a),15.4634,41.3812,Ammonia (NH3),39995.6,253.26493347550792,0,0,1,0,0,0,0,0
2022,7(a),10.6428,45.1961,Ammonia (NH3),10030.0,395.46596604352055,0,0,1,0,0,0,0,0
2024,7(a),10.8214,45.2358,Ammonia (NH3),17663.0,394.39160150447384,0,0,1,0,0,0,0,0
2023,7(a),10.154722,45.193333,Ammonia (NH3),18685.0,411.64811356782957,0,0,1,0,0,0,0,0
2021,7(a),8.5297,45.5086,Ammonia (NH3),29800.0,512.133806146261,0,0,1,0,0,0,0,0
2022,7(a),7.5761,44.6911,Ammonia (NH3),17121.0,504.505038952982,0,0,1,0,0,0,0,0
2022,7(a),7.8167,44.9186,Ammonia (NH3),18235.0,505.16196747543046,0,0,1,0,0,0,0,0
2021,7(a),10.8686,44.7202,Ammonia (NH3),16670.0,339.8195978766441,0,0,1,0,0,0,0,0
2021,3(e),15.938142,41.6503009,Nitrogen oxides (NOX),256219.0,286.75917685947906,0,0,0,1,0,0,0,0
2023,7(a),12.2114,43.1667,Ammonia (NH3),16016.0,142.46582393109662,0,0,1,0,0,0,0,0
2024,7(a),8.9311,45.4658,Ammonia (NH3),36383.0,488.9216189799064,0,0,1,0,0,0,0,0
2023,7(a),12.5803,46.0297,Ammonia (NH3),34627.0,458.93938622243024,0,0,1,0,0,0,0,0
2021,7(a),10.962017,45.046117,Ammonia (NH3),11683.0,370.7826240003628,0,0,1,0,0,0,0,0
2021,2(d),11.796,45.0706,Benzene,1941.368,356.7424169062214,0,0,0,0,0,0,1,0
2023,7(a)(i),11.7295,45.1965,Ammonia (NH3),11820.3,371.4158707451715,0,0,1,0,0,0,0,0
2021,1(c),15.268,38.1977,Nitrogen oxides (NOX),173780.0,474.6827614028966,0,1,0,0,0,0,0,0
2023,7(a),12.5072,45.9344,Ammonia (NH3),11312.0,448.29429956597073,0,0,1,0,0,0,0,0
2021,1(c),9.6491,45.2219,Carbon dioxide (CO2),681606754.4,434.4931203224939,0,1,0,0,0,0,0,0
2021,7(a),9.7858,45.0939,Ammonia (NH3),13732.0,416.7248609167934,0,0,1,0,0,0,0,0
2022,1(a),17.193,40.4892,Non-methane volatile organic compounds (NMVOC),380430.0,423.1599159692294,0,1,0,0,0,0,0,0
2021,1(c),9.4359,45.3345,Hydro-fluorocarbons (HFCS),110.2,454.1275854590648,0,1,0,0,0,0,0,0
2022,7(a),10.3558,45.1489,Ammonia (NH3),27362.0,400.0479036243928,0,0,1,0,0,0,0,0
2024,7(a),9.8047,45.4556,Ammonia (NH3),40341.0,450.4026414035515,0,0,1,0,0,0,0,0
2023,1(c),18.0321,40.5638,Carbon dioxide (CO2),3253144400.0,486.1548254028064,0,1,0,0,0,0,0,0
2023,2(b),12.6667,42.5667,Fluorine and inorganic compounds (as HF),5708.3,75.14187357873665,0,0,0,0,0,0,1,0
2022,7(a)(ii),9.5228,45.3564,Ammonia (NH3),11050.0,452.41700002708785,0,0,1,0,0,0,0,0
2022,5(d),17.1475,40.5522,Methane (CH4),195100.0,416.8836401075435,0,0,0,0,0,0,0,1
2021,4(b),12.2333,44.4333,Nitrogen oxides (NOX),644784.0,282.1861503637189,1,0,0,0,0,0,0,0
2024,1(a),15.2723,38.2027,Nickel and compounds (as Ni),61.9459,474.37811556178303,0,1,0,0,0,0,0,0
2021,7(a),9.6982,45.1575,Ammonia (NH3),10591.0,426.39043212108373,0,0,1,0,0,0,0,0
2021,7(a),10.2625,45.3533,Ammonia (NH3),45654.0,423.67236642882324,0,0,1,0,0,0,0,0
2023,5(d),10.979167,44.669722,Methane (CH4),354873.0,331.25575629359884,0,0,0,0,0,0,0,1
2022,9(c),8.9967,45.6008,Non-methane volatile organic compounds (NMVOC),224210.0,497.98225290146166,0,0,0,0,1,0,0,0
2024,2(a),10.2269,45.5333,Copper and compounds (as Cu),390.2288,442.934350852115,0,0,0,0,0,0,1,0
2024,2(b),12.6667,42.5667,Fluorine and inorganic compounds (as HF),5533.7,75.14187357873665,0,0,0,0,0,0,1,0
2022,7(a)(i),12.1441,44.7714,Ammonia (NH3),14480.0,320.24280447101296,0,0,1,0,0,0,0,0
2022,4(b),12.25,44.45,Carbon dioxide (CO2),204097000.0,283.93915705228454,1,0,0,0,0,0,0,0
2022,7(a),12.2994,44.1514,Ammonia (NH3),39796.0,250.54494829404263,0,0,1,0,0,0,0,0
2022,7(a),10.0195,45.2352,Ammonia (NH3),17520.0,420.81011309304284,0,0,1,0,0,0,0,0
2021,7(a),9.8422,45.5178,Ammonia (NH3),73100.0,455.0067386584105,0,0,1,0,0,0,0,0
2023,3(e),12.2592,45.4644,Carbon dioxide (CO2),111471000.0,396.4903506366455,0,0,0,1,0,0,0,0
2022,7(a),11.8478,42.9487,Ammonia (NH3),28977.0,127.90316066566719,0,0,1,0,0,0,0,0
2024,3(c),9.4667,45.6847,Carbon dioxide (CO2),739939000.0,485.68689503915584,0,0,0,1,0,0,0,0
2024,5(d),13.063778,43.789417,Methane (CH4),228000.0,214.81974200653355,0,0,0,0,0,0,0,1
2023,7(a),11.0103,45.0928,Ammonia (NH3),14390.0,374.3997894222247,0,0,1,0,0,0,0,0
2024,2(b),17.1999,40.5167,Ammonia (NH3),55880.0,422.49503361756746,0,0,0,0,0,0,1,0
2022,7(a),11.988658,44.166372,Ammonia (NH3),14429.0,255.05678901207023,0,0,1,0,0,0,0,0
2022,2(b),11.0,45.4333,Carbon monoxide (CO),1046207.6,410.5887775813313,0,0,0,0,0,0,1,0
2021,1(c),12.2661,44.4844,Nitrogen oxides (NOX),279769.0,287.6669114626911,0,1,0,0,0,0,0,0
2023,7(a),10.6411,45.3053,Ammonia (NH3),35200.0,406.7342125644568,0,0,1,0,0,0,0,0
2023,7(a),9.8306,45.5139,Ammonia (NH3),13680.0,455.0647377577469,0,0,1,0,0,0,0,0
2023,7(a),7.519722,44.736111,Ammonia (NH3),19330.0,511.0573477479774,0,0,1,0,0,0,0,0
2023,7(a),10.8095,45.0619,Ammonia (NH3),17115.0,376.6967265516976,0,0,1,0,0,0,0,0
2022,1(c),14.441111,37.5425,Carbon dioxide (CO2),177954640.0,512.5366645240119,0,1,0,0,0,0,0,0
2023,7(a),9.98,45.2831,Ammonia (NH3),10930.0,426.9677819082548,0,0,1,0,0,0,0,0
2021,1(c),17.2152,40.5108,Sulphur oxides (SOX),1145298.0,423.94185302872364,0,1,0,0,0,0,0,0
2022,1(d),8.2897,44.3808,Carbon dioxide (CO2),129179000.0,438.54873299619953,0,1,0,0,0,0,0,0
2021,6(b),11.0347,45.9197,Carbon dioxide (CO2),128226000.0,461.72831268666476,0,0,0,0,0,1,0,0
2022,7(a),10.0335,44.7903,Ammonia (NH3),22620.0,377.78172318226456,0,0,1,0,0,0,0,0
2024,7(a),10.4549,45.5108,Ammonia (NH3),10394.0,433.41434876694893,0,0,1,0,0,0,0,0
2021,1(c),9.4794,45.0899,Nitrous oxide (N2O),32898.5,429.82876504034436,0,1,0,0,0,0,0,0
2022,2(e),9.15395,45.553903,Sulphur oxides (SOX),241000.0,486.67604362036775,0,0,0,0,0,0,1,0
2024,3(c),13.258717,42.463755,Nitrogen oxides (NOX),242558.4,88.52024109973759,0,0,0,1,0,0,0,0
2024,2(e),8.7622,45.2842,Zinc and compounds (as Zn),257.6072,481.3472687010468,0,0,0,0,0,0,1,0
2022,1(c),12.2458,45.4313,Nickel and compounds (as Ni),91.195,392.8681219243284,0,1,0,0,0,0,0,0
2023,1(c),8.9733,45.0286,Nitrogen oxides (NOX),248752.0,448.95765443327025,0,1,0,0,0,0,0,0
2022,1(c),12.2458,45.4313,Arsenic and compounds (as As),91.195,392.8681219243284,0,1,0,0,0,0,0,0
2022,4(b),11.5921,44.856,Carbon dioxide (CO2),264046000.0,336.40887356733657,1,0,0,0,0,0,0,0
2022,7(a),9.9702,45.4521,Ammonia (NH3),27120.0,443.8249444507975,0,0,1,0,0,0,0,0
2024,1(c),8.8666,45.1002,Carbon dioxide (CO2),2237927000.0,460.4565851575858,0,1,0,0,0,0,0,0
2021,1(c),8.2991,40.8516,Mercury and compounds (as Hg),19.5755,369.15699948624194,0,1,0,0,0,0,0,0
2022,4(a),10.8376,45.1457,Carbon dioxide (CO2),170264190.0,384.57325764280205,1,0,0,0,0,0,0,0
2023,4(a),14.6793,36.912727,Non-methane volatile organic compounds (NMVOC),130450.0,585.6491093157239,1,0,0,0,0,0,0,0
2021,7(a),12.359722,44.133889,Ammonia (NH3),14338.0,248.33438557468116,0,0,1,0,0,0,0,0
2024,7(a),9.8133,45.3304,Ammonia (NH3),31000.0,438.01751118159683,0,0,1,0,0,0,0,0
2021,1(c),12.6308,41.5494,Nitrogen oxides (NOX),225241.3,40.84851703727441,0,1,0,0,0,0,0,0
2022,5(c),7.7887,44.4765,Methane (CH4),146759.0,476.90334070765385,0,0,0,0,0,0,0,1
2021,7(a),12.194444,44.073056,Ammonia (NH3),12306.0,242.56754632503632,0,0,1,0,0,0,0,0
2024,7(a),12.194444,44.073056,Ammonia (NH3),12323.0,242.56754632503632,0,0,1,0,0,0,0,0
2021,1(c),11.9045,44.3163,Nitrogen oxides (NOX),146700.0,272.634114693117,0,1,0,0,0,0,0,0
2024,1(c),8.739,45.5212,Nitrogen oxides (NOX),294500.0,502.9487066098593,0,1,0,0,0,0,0,0
2024,4(a),15.1973,37.167,Nitrogen oxides (NOX),507005.0,575.2012058760492,1,0,0,0,0,0,0,0
2023,7(a),12.0308,43.8772,Ammonia (NH3),11292.0,222.7948334087897,0,0,1,0,0,0,0,0
2024,3(c),11.8367,43.6581,Nitrogen oxides (NOX),499300.0,202.46809270796382,0,0,0,1,0,0,0,0
2023,7(a)(i),10.7625,45.295278,Ammonia (NH3),10214.0,402.20946210213174,0,0,1,0,0,0,0,0
2023,8(b),13.238014,45.778114,Non-methane volatile organic compounds (NMVOC),139000.0,434.9949077450424,0,0,0,0,0,0,0,0
2021,5(d),8.8556,44.9211,Methane (CH4),1007816.9,446.1395145648609,0,0,0,0,0,0,0,1
2023,3(e),8.3269,44.3328,Cadmium and compounds (as Cd),12.0,432.96114215749304,0,0,0,1,0,0,0,0
2023,7(a),10.09289,45.346,Ammonia (NH3),14446.2,428.9169362630338,0,0,1,0,0,0,0,0
2021,7(a),12.0817,44.1206,Ammonia (NH3),19805.0,248.90150235876683,0,0,1,0,0,0,0,0
2021,3(e),7.5908,44.3867,Nitrogen oxides (NOX),406667.0,484.3039076585716,0,0,0,1,0,0,0,0
2021,7(a),9.9484,45.3575,Ammonia (NH3),40574.0,435.398184231251,0,0,1,0,0,0,0,0
2022,1(c),12.2549,45.4458,Nitrogen oxides (NOX),254790.0,394.44153545873087,0,1,0,0,0,0,0,0
2024,3(a),16.0871,40.4101,Hydro-fluorocarbons (HFCS),125.0,343.3499001389804,0,0,0,1,0,0,0,0
2021,7(a),7.6874,44.8144,Ammonia (NH3),16717.0,505.78124980244866,0,0,1,0,0,0,0,0
2022,1(c),8.4008,39.1962,Sulphur oxides (SOX),596107.0,458.5068450836283,0,1,0,0,0,0,0,0
2024,2(e),8.4079,39.2091,Carbon dioxide (CO2),169079000.0,457.08909962129064,0,0,0,0,0,0,1,0
2024,3(e),10.3858,43.7061,Nitrogen oxides (NOX),287420.0,264.2817592979229,0,0,0,1,0,0,0,0
2023,5(b),9.1825,45.6164,Carbon dioxide (CO2),101151278.0,491.1642063260129,0,0,0,0,0,0,0,1
2022,1(a),8.8768,45.0997,Carbon dioxide (CO2),1636980390.0,459.8924322368035,0,1,0,0,0,0,0,0
2021,7(a),10.5739,44.9908,Ammonia (NH3),28370.0,376.78616163868645,0,0,1,0,0,0,0,0
2021,2(b),11.0708,45.3331,Nitrogen oxides (NOX),140500.0,398.3032399103224,0,0,0,0,0,0,1,0
2021,1(c),9.163333,45.426111,Hydro-fluorocarbons (HFCS),1000.0,474.6294916085253,0,1,0,0,0,0,0,0
2024,3(c),10.3316,45.4594,Carbon dioxide (CO2),203439000.0,432.0511865711123,0,0,0,1,0,0,0,0
2024,3(c),9.024167,39.469722,Nitrogen oxides (NOX),240851.1,398.5698826322054,0,0,0,1,0,0,0,0
2021,2(b),10.2008,45.6489,Carbon monoxide (CO),611553.8,455.4495951039566,0,0,0,0,0,0,1,0
2024,7(a),10.38494,45.01997,Ammonia (NH3),21165.0,386.2047797395062,0,0,1,0,0,0,0,0
2024,7(a),9.725,45.5583,Ammonia (NH3),24551.0,463.3995249211472,0,0,1,0,0,0,0,0
2023,7(a),9.7011,45.0869,Ammonia (NH3),18280.0,419.6958274575044,0,0,1,0,0,0,0,0
2023,2(b),10.3894,45.6392,Polychlorinated biphenyls (PCBs),0.306,448.5499430851952,0,0,0,0,0,0,1,0
2023,2(f),8.8711,44.4094,Nitrogen oxides (NOX),260731.0,405.09099341653547,0,0,0,0,0,0,1,0
2024,7(a),7.876762,44.957191,Ammonia (NH3),10250.0,504.3349627793708,0,0,1,0,0,0,0,0
2022,7(a),9.9322,45.4581,Ammonia (NH3),10410.0,445.81673188760186,0,0,1,0,0,0,0,0
2024,9(c),10.7594,44.9961,Non-methane volatile organic compounds (NMVOC),342728.0,371.41796783549,0,0,0,0,1,0,0,0
2022,7(a)(i),10.1645,45.269,Ammonia (NH3),13673.0,418.73557855970506,0,0,1,0,0,0,0,0
2022,7(a),11.1764,44.9539,Ammonia (NH3),19375.0,355.6041188659677,0,0,1,0,0,0,0,0
2023,7(a),10.3433,45.1253,Ammonia (NH3),26160.0,398.1350476789066,0,0,1,0,0,0,0,0
2023,5(b),9.0706,45.5042,Chlorine and inorganic compounds (as HCl),14807.2,485.8999911744329,0,0,0,0,0,0,0,1
2021,5(c),18.2143,39.8941,Methane (CH4),480000.0,529.8021718550275,0,0,0,0,0,0,0,1
2021,7(a),11.2169,44.8392,Ammonia (NH3),33960.0,342.487816089263,0,0,1,0,0,0,0,0
2021,1(a),17.193,40.4892,Arsenic and compounds (as As),69.2,423.1599159692294,0,1,0,0,0,0,0,0
2024,7(a),12.7703,46.0653,Ammonia (NH3),42551.0,463.3665099207542,0,0,1,0,0,0,0,0
2023,5(d),8.4217,44.2506,Methane (CH4),260550.0,421.43372520145147,0,0,0,0,0,0,0,1
2022,1(a),17.193,40.4892,Nitrous oxide (N2O),24624.0,423.1599159692294,0,1,0,0,0,0,0,0
2024,7(a),7.8056,45.4192,Ammonia (NH3),13100.0,543.1999916779392,0,0,1,0,0,0,0,0
2022,7(a),11.1308,45.0008,Ammonia (NH3),10398.0,361.6741380228851,0,0,1,0,0,0,0,0
2021,4(e),9.3585,45.5945,Non-methane volatile organic compounds (NMVOC),316737.0,481.61083842064687,1,0,0,0,0,0,0,0
2023,7(a),9.8358,45.36,Ammonia (NH3),11730.0,439.9743211277368,0,0,1,0,0,0,0,0
2023,7(a),11.5931,44.4844,Ammonia (NH3),10308.0,296.24779165051837,0,0,1,0,0,0,0,0
2024,9(c),9.3333,45.5667,Sulphur hexafluoride (SF6),1001.0,480.07797140875863,0,0,0,0,1,0,0,0
2023,2(e),18.318,40.1011,PCDD + PCDF (dioxins + furans) (as Teq),0.00016,527.8715494715622,0,0,0,0,0,0,1,0
2021,7(a),9.6444,45.3345,Ammonia (NH3),31860.0,445.2572561014441,0,0,1,0,0,0,0,0
2023,7(a),9.8353,45.2461,Ammonia (NH3),13380.0,429.07789885821626,0,0,1,0,0,0,0,0
2022,3(c),12.6178,43.2844,Carbon dioxide (CO2),301883000.0,153.94793754868223,0,0,0,1,0,0,0,0
2022,7(a),10.1533,45.1294,Ammonia (NH3),20375.0,405.4441030701432,0,0,1,0,0,0,0,0
2024,7(a),11.89794,44.84211,Ammonia (NH3),24297.0,330.39370196694586,0,0,1,0,0,0,0,0
2024,5(d),10.8039,43.5667,Methane (CH4),1382100.0,230.94139994534785,0,0,0,0,0,0,0,1
2023,3(e),11.0928,45.1436,Zinc and compounds (as Zn),407.0,377.69529539990066,0,0,0,1,0,0,0,0
2021,8(b),,,Carbon dioxide (CO2),242246000.0,,0,0,0,0,0,0,0,0
2021,2(b),17.1999,40.5167,Chromium and compounds (as Cr),1374.25,422.49503361756746,0,0,0,0,0,0,1,0
2021,3(e),12.6167,41.55,Nitrogen oxides (NOX),228800.0,40.47997255590173,0,0,0,1,0,0,0,0
2023,3(c),13.258717,42.463755,Ammonia (NH3),16395.4,88.52024109973759,0,0,0,1,0,0,0,0
2024,1(a),15.2723,38.2027,Carbon dioxide (CO2),2150831000.0,474.37811556178303,0,1,0,0,0,0,0,0
2021,5(b),9.0706,45.5042,Carbon dioxide (CO2),323606842.0,485.8999911744329,0,0,0,0,0,0,0,1
2024,4(a),,,Carbon dioxide (CO2),240888444.0,,1,0,0,0,0,0,0,0
2021,5(d),8.5178,44.9339,Methane (CH4),263800.0,465.56260610650116,0,0,0,0,0,0,0,1
2022,7(a)(i),12.2172,44.253,Ammonia (NH3),23143.0,262.31183231452013,0,0,1,0,0,0,0,0
2024,9(c),13.8667,41.2589,Non-methane volatile organic compounds (NMVOC),464000.0,134.596259387173,0,0,0,0,1,0,0,0
2021,1(a),8.9466,44.5752,Nitrogen oxides (NOX),104630.1,413.42809160734026,0,1,0,0,0,0,0,0
2024,7(a),10.2192,45.3617,Ammonia (NH3),15129.0,425.9985864715776,0,0,1,0,0,0,0,0
2022,3(c),14.0658,41.4456,Carbon dioxide (CO2),662398000.0,139.90801467376932,0,0,0,1,0,0,0,0
2022,7(a)(ii),7.5147,44.7347,Ammonia (NH3),10880.0,511.2842018463095,0,0,1,0,0,0,0,0
2021,7(a),10.4944,45.2442,Ammonia (NH3),16306.0,405.0058257875577,0,0,1,0,0,0,0,0
2023,7(a)(ii),9.938611,45.388333,Ammonia (NH3),11200.0,438.7688725846422,0,0,1,0,0,0,0,0
2024,3(c),10.963889,46.040556,Ammonia (NH3),23932.3,476.13534821064076,0,0,0,1,0,0,0,0
2023,7(a),11.899281,45.684858,Ammonia (NH3),28630.0,423.2641518326679,0,0,1,0,0,0,0,0
2023,1(a),15.2723,38.2027,Sulphur oxides (SOX),2376728.6,474.37811556178303,0,1,0,0,0,0,0,0
2023,3(c),8.6794,45.7794,Carbon monoxide (CO),717140.0,528.5578509656057,0,0,0,1,0,0,0,0
2023,3(c),16.4489,38.9141,Carbon dioxide (CO2),164080580.0,471.52423078778224,0,0,0,1,0,0,0,0
2021,3(c),9.024167,39.469722,Sulphur oxides (SOX),159073.0,398.5698826322054,0,0,0,1,0,0,0,0
2021,7(a),10.80375,45.238722,Ammonia (NH3),13677.0,395.1836422801964,0,0,1,0,0,0,0,0
2023,1(c),15.2022,37.1291,Carbon dioxide (CO2),1738309000.0,579.2538732559473,0,1,0,0,0,0,0,0
2022,7(a),11.0635,45.1875,Ammonia (NH3),39664.0,383.04747181438677,0,0,1,0,0,0,0,0
2023,4(e),9.1669,45.3892,Non-methane volatile organic compounds (NMVOC),171770.0,471.1331141779833,1,0,0,0,0,0,0,0
2022,7(a)(ii),9.2394,45.2897,Ammonia (NH3),11682.0,458.8481184917276,0,0,1,0,0,0,0,0
2024,7(a),13.248906,43.488567,Ammonia (NH3),29198.0,186.74351747192836,0,0,1,0,0,0,0,0
2022,5(b),9.3583,45.8378,Carbon dioxide (CO2),130558450.0,504.6090359802653,0,0,0,0,0,0,0,1
2021,1(c),18.0321,40.5638,Carbon dioxide (CO2),3855796600.0,486.1548254028064,0,1,0,0,0,0,0,0
2024,7(a),10.9097,45.2153,Ammonia (NH3),12102.0,389.8701969455342,0,0,1,0,0,0,0,0
2022,7(a),9.8156,45.2261,Ammonia (NH3),36478.0,427.9690109246469,0,0,1,0,0,0,0,0
2024,7(a),10.292355,45.344723,Ammonia (NH3),12964.0,421.7994357047309,0,0,1,0,0,0,0,0
2024,7(a),12.6077,45.9476,Ammonia (NH3),11762.0,449.84942217845145,0,0,1,0,0,0,0,0
2023,1(c),9.7104,45.0545,Nitrogen oxides (NOX),116735.0,416.28976618018316,0,1,0,0,0,0,0,0
2023,4(c),12.238056,44.445833,Ammonia (NH3),30216.0,283.54688050614993,1,0,0,0,0,0,0,0
2023,4(c),11.365556,45.5025,Ammonia (NH3),38228.0,410.4487397514657,1,0,0,0,0,0,0,0
2024,5(d),11.5667,44.6333,Methane (CH4),234216.4,312.80361908016346,0,0,0,0,0,0,0,1
2023,4(e),15.056389,37.449444,Polychlorinated biphenyls (PCBs),1.0497,541.4216506535732,1,0,0,0,0,0,0,0
2022,1(c),15.7796,40.2672,Methane (CH4),214779.0,329.80239954425923,0,1,0,0,0,0,0,0
2022,4(a),11.5869,44.8582,Non-methane volatile organic compounds (NMVOC),112370.0,336.7387773498995,1,0,0,0,0,0,0,0
2021,1(c),18.0321,40.5638,Nitrous oxide (N2O),20835.8,486.1548254028064,0,1,0,0,0,0,0,0
2024,1(c),12.2549,45.4458,Ammonia (NH3),20478.0,394.44153545873087,0,1,0,0,0,0,0,0
2023,1(c),15.2022,37.1291,Nickel and compounds (as Ni),58.3,579.2538732559473,0,1,0,0,0,0,0,0
2021,9(c),13.4701,45.9567,Non-methane volatile organic compounds (NMVOC),105938.4,457.45698889275104,0,0,0,0,1,0,0,0
2023,7(a),8.7853,45.1753,Ammonia (NH3),21762.0,470.94572006708864,0,0,1,0,0,0,0,0
2021,7(a)(ii),7.548889,44.688056,Ammonia (NH3),12600.0,506.0436382904124,0,0,1,0,0,0,0,0
2024,3(e),10.6864,43.8683,Nitrogen oxides (NOX),177140.0,263.6362401569864,0,0,0,1,0,0,0,0
2022,3(c),,,Nitrogen oxides (NOX),113429.8,,0,0,0,1,0,0,0,0
2022,2(b),13.2534,46.0067,PCDD + PCDF (dioxins + furans) (as Teq),0.000291,460.33206608834774,0,0,0,0,0,0,1,0
2022,2(b),13.0778,46.2306,Zinc and compounds (as Zn),2141.0,483.46211416770933,0,0,0,0,0,0,1,0
2022,7(a),11.5481,45.0126,Ammonia (NH3),12044.0,354.1563259942748,0,0,1,0,0,0,0,0
2024,3(c),7.5,44.2833,Ammonia (NH3),11500.2,484.2811228602819,0,0,0,1,0,0,0,0
2022,1(c),18.0321,40.5638,Chlorine and inorganic compounds (as HCl),46120.5,486.1548254028064,0,1,0,0,0,0,0,0
2021,4(b),12.2333,44.4333,Hydrogen cyanide (HCN),4036.0,282.1861503637189,1,0,0,0,0,0,0,0
2021,3(c),13.258717,42.463755,Carbon dioxide (CO2),203945000.0,88.52024109973759,0,0,0,1,0,0,0,0
2023,7(a),10.1994,45.1942,Ammonia (NH3),10517.0,410.0970895487763,0,0,1,0,0,0,0,0
2021,1(c),18.0321,40.5638,Arsenic and compounds (as As),103.4126,486.1548254028064,0,1,0,0,0,0,0,0
2022,3(c),10.3444,45.5153,Carbon dioxide (CO2),898887000.0,437.306929605887,0,0,0,1,0,0,0,0
2021,7(a),12.0181,43.1059,Ammonia (NH3),13000.0,139.4053899790899,0,0,1,0,0,0,0,0
2023,7(a),8.18,45.4742,Ammonia (NH3),18878.0,527.2431918757889,0,0,1,0,0,0,0,0
2024,7(a),10.0761,44.9185,Ammonia (NH3),15634.0,388.11545703543754,0,0,1,0,0,0,0,0
2023,7(a)(i),13.3813,45.8998,Ammonia (NH3),15072.0,450.05681881519524,0,0,1,0,0,0,0,0
2023,1(c),8.2991,40.8516,Carbon dioxide (CO2),2276654000.0,369.15699948624194,0,1,0,0,0,0,0,0
2021,7(a),13.248906,43.488567,Ammonia (NH3),27422.0,186.74351747192836,0,0,1,0,0,0,0,0
2024,3(c),,,Nitrogen oxides (NOX),959600.0,,0,0,0,1,0,0,0,0
2022,7(a),13.4913,45.7501,Ammonia (NH3),15601.0,435.17102394666557,0,0,1,0,0,0,0,0
2021,7(a),7.7775,44.4276,Ammonia (NH3),12294.0,474.51866721096326,0,0,1,0,0,0,0,0
2024,7(a),9.32,45.3963,Ammonia (NH3),51190.0,464.89946088890144,0,0,1,0,0,0,0,0
2023,1(c),7.6763,44.9925,Nitrous oxide (N2O),33600.0,518.9089994637612,0,1,0,0,0,0,0,0
2024,4(b),8.7952,45.4334,Nitrogen oxides (NOX),431430.0,492.57280171328154,1,0,0,0,0,0,0,0
2024,7(a),15.3515,41.3721,Methane (CH4),896.8164,244.48258469190336,0,0,1,0,0,0,0,0
2022,7(a),10.5103,45.2108,Methane (CH4),122870.0,401.10773759126573,0,0,1,0,0,0,0,0
2022,7(a),9.173889,45.469167,Ammonia (NH3),13856.0,478.05873061814333,0,0,1,0,0,0,0,0
2022,7(a),9.8235,45.4676,Ammonia (NH3),20681.0,450.841024532994,0,0,1,0,0,0,0,0
2021,3(c),11.966666,45.877777,Carbon dioxide (CO2),351766000.0,444.0279993253838,0,0,0,1,0,0,0,0
2021,1(a),17.193,40.4892,Nitrous oxide (N2O),20800.0,423.1599159692294,0,1,0,0,0,0,0,0
2023,5(f),10.178611,45.515,Nitrous oxide (N2O),14280.0,442.70964107658654,0,0,0,0,0,0,0,1
2022,7(a),11.7678,44.9256,Ammonia (NH3),13115.0,341.22881990238113,0,0,1,0,0,0,0,0
2022,7(a),11.883594,45.015297,Ammonia (NH3),24675.0,349.60713104445097,0,0,1,0,0,0,0,0
2023,1(c),12.2661,44.4844,Nitrous oxide (N2O),15566.8,287.6669114626911,0,1,0,0,0,0,0,0
2021,4(e),13.2664,45.8193,Hydro-fluorocarbons (HFCS),745.0,439.8423537564886,1,0,0,0,0,0,0,0
2022,7(a),9.8555,45.1751,Ammonia (NH3),13051.0,421.49903302079076,0,0,1,0,0,0,0,0
2024,7(a),9.7306,45.5975,Ammonia (NH3),35500.0,466.9775405733168,0,0,1,0,0,0,0,0
2024,3(c),9.7192,40.5425,Nitrogen oxides (NOX),141780.6,277.1588315763164,0,0,0,1,0,0,0,0
2023,7(a),12.343889,44.127222,Ammonia (NH3),10955.0,247.65490646377256,0,0,1,0,0,0,0,0
2023,7(a),10.8989,44.955,Ammonia (NH3),16000.0,363.0587706641299,0,0,1,0,0,0,0,0
2021,1(c),11.5001,44.6,Methane (CH4),331223.0,310.5725771825175,0,1,0,0,0,0,0,0
2023,7(a)(ii),9.6033,45.1792,Ammonia (NH3),29645.0,432.48917640556687,0,0,1,0,0,0,0,0
2021,3(c),10.3444,45.5153,Carbon dioxide (CO2),918742000.0,437.306929605887,0,0,0,1,0,0,0,0
2024,5(d),11.4875,44.7325,Methane (CH4),355305.7,325.0546245199025,0,0,0,0,0,0,0,1
2021,,12.082222,44.135278,Ammonia (NH3),14947.0,250.51241958591075,0,0,0,0,0,0,0,0
2024,7(a),11.8852,43.2213,Ammonia (NH3),28850.0,154.91926216062265,0,0,1,0,0,0,0,0
2023,7(a),11.9987,45.715,Ammonia (NH3),29004.0,425.7718942612748,0,0,1,0,0,0,0,0
2021,4(a),12.2363,45.4438,Nitrous oxide (N2O),13470.0,394.29587462725914,1,0,0,0,0,0,0,0
2023,7(a),9.9267,45.1836,Ammonia (NH3),34302.0,419.4475220738715,0,0,1,0,0,0,0,0
2022,4(a),,,Perfluorocarbons (PFCs),45300.0,,1,0,0,0,0,0,0,0
2024,1(c),14.1132,41.3774,Ammonia (NH3),17170.0,146.5044836253199,0,1,0,0,0,0,0,0
2021,3(c),9.024167,39.469722,Nitrogen oxides (NOX),524324.0,398.5698826322054,0,0,0,1,0,0,0,0
2021,3(c),13.258717,42.463755,Ammonia (NH3),35094.0,88.52024109973759,0,0,0,1,0,0,0,0
2022,7(a)(ii),9.9788,45.3686,Ammonia (NH3),12600.0,435.3357886362723,0,0,1,0,0,0,0,0
2021,1(c),15.1825,37.1791,Nitrous oxide (N2O),25954.9,573.451982183205,0,1,0,0,0,0,0,0
2022,7(a),11.9869,43.1454,Ammonia (NH3),25240.0,144.34084897811667,0,0,1,0,0,0,0,0
2024,7(a),9.8425,45.4325,Ammonia (NH3),46280.0,446.71349842738647,0,0,1,0,0,0,0,0
2022,7(a),11.268611,44.983056,Ammonia (NH3),10765.0,356.55162175983145,0,0,1,0,0,0,0,0
2023,7(a),9.8235,45.4676,Ammonia (NH3),20907.0,450.841024532994,0,0,1,0,0,0,0,0
2021,2(e),9.8061,45.1922,Carbon monoxide (CO),1077180.0,425.14004008084015,0,0,0,0,0,0,1,0
2021,7(a),11.5931,44.4844,Ammonia (NH3),13417.0,296.24779165051837,0,0,1,0,0,0,0,0
2021,1(c),11.7586,42.1275,Cadmium and compounds (as Cd),33.4169,65.87472663400173,0,1,0,0,0,0,0,0
2024,2(b),17.1999,40.5167,Copper and compounds (as Cu),117.38,422.49503361756746,0,0,0,0,0,0,1,0
2022,5(d),12.2057,44.4833,Methane (CH4),1844053.9,287.90402456135735,0,0,0,0,0,0,0,1
2024,1(c),12.4432,42.3621,Methane (CH4),101186.0,51.25989552939951,0,1,0,0,0,0,0,0
2022,7(a),12.5072,45.9344,Ammonia (NH3),11804.0,448.29429956597073,0,0,1,0,0,0,0,0
2021,1(c),13.7483,37.9691,Nitrous oxide (N2O),17884.0,450.22665809519594,0,1,0,0,0,0,0,0
2024,5(d),8.5178,44.9339,Methane (CH4),977350.0,465.56260610650116,0,0,0,0,0,0,0,1
2021,3(c),7.5,44.2833,Carbon dioxide (CO2),933726000.0,484.2811228602819,0,0,0,1,0,0,0,0
2022,7(a),9.295617,45.18505,Ammonia (NH3),31856.0,446.8568670391226,0,0,1,0,0,0,0,0
2024,7(a),10.1607,45.4418,Ammonia (NH3),16033.0,436.00697447621354,0,0,1,0,0,0,0,0
2024,5(f),8.872361,45.415839,Nitrous oxide (N2O),12870.0,487.3122900218992,0,0,0,0,0,0,0,1
2022,1(c),17.0326,39.1022,Nitrogen oxides (NOX),113690.0,493.91500700012966,0,1,0,0,0,0,0,0
2024,3(c),10.3316,45.4594,Nitrogen oxides (NOX),174118.0,432.0511865711123,0,0,0,1,0,0,0,0
2022,7(a),11.2169,44.8392,Ammonia (NH3),29420.0,342.487816089263,0,0,1,0,0,0,0,0
2022,7(a),12.7467,46.0939,Ammonia (NH3),13488.0,466.45820250475316,0,0,1,0,0,0,0,0
2024,7(a),15.733333,41.383333,Ammonia (NH3),8299.2514,275.089438487004,0,0,1,0,0,0,0,0
2022,2(f),11.1011,46.106,Tetrachloroethylene,6934.0,480.4908101739868,0,0,0,0,0,0,1,0
2022,7(a),10.6411,45.3053,Ammonia (NH3),21229.0,406.7342125644568,0,0,1,0,0,0,0,0
2021,7(a),10.725,45.2139,Ammonia (NH3),23488.0,394.85108476118614,0,0,1,0,0,0,0,0
2021,7(a),12.1755,45.8976,Ammonia (NH3),45284.0,444.9438234817582,0,0,1,0,0,0,0,0
2023,3(c),9.4667,45.6847,Benzene,2196.53,485.68689503915584,0,0,0,1,0,0,0,0
2022,3(e),11.240556,45.058889,Nitrogen oxides (NOX),155469.6,365.26263593197933,0,0,0,1,0,0,0,0
2022,7(a)(ii),9.5558,45.1702,Ammonia (NH3),31336.0,433.7343681255699,0,0,1,0,0,0,0,0
2021,7(a),12.3975,45.705,Ammonia (NH3),15310.0,422.8597382375929,0,0,1,0,0,0,0,0
2021,7(a),10.8736,44.9758,Ammonia (NH3),12294.0,365.93936837600995,0,0,1,0,0,0,0,0
2021,7(a),9.9272,45.2317,Ammonia (NH3),21015.0,424.0459601497846,0,0,1,0,0,0,0,0
2023,7(a),10.1806,45.0561,Ammonia (NH3),15885.0,397.2664297807644,0,0,1,0,0,0,0,0
2023,7(a),12.568889,45.719444,Ammonia (NH3),12704.0,424.4312526944435,0,0,1,0,0,0,0,0
2023,7(a)(ii),12.2505,44.5651,Ammonia (NH3),24527.0,296.7033251546424,0,0,1,0,0,0,0,0
2021,4(a),,,Hydrochlorofluorocarbons (HCFCs),4911.8496,,1,0,0,0,0,0,0,0
2024,7(a),11.8774,45.0163,Ammonia (NH3),26350.0,349.78846933998545,0,0,1,0,0,0,0,0
2024,5(b),12.6615,42.5806,Carbon dioxide (CO2),111497400.0,76.58347838215289,0,0,0,0,0,0,0,1
2022,7(a),12.1755,45.8976,Ammonia (NH3),37169.0,444.9438234817582,0,0,1,0,0,0,0,0
2024,1(c),11.7586,42.1275,Carbon dioxide (CO2),274990000.0,65.87472663400173,0,1,0,0,0,0,0,0
2024,7(a),10.5835,45.3252,Ammonia (NH3),10370.0,410.4989075680788,0,0,1,0,0,0,0,0
2022,3(e),12.2592,45.4644,Carbon dioxide (CO2),115035000.0,396.4903506366455,0,0,0,1,0,0,0,0
2021,7(a),9.8306,45.5139,Ammonia (NH3),11600.0,455.0647377577469,0,0,1,0,0,0,0,0
2024,1(c),7.6763,44.9925,Ammonia (NH3),10670.0,518.9089994637612,0,1,0,0,0,0,0,0
2023,1(c),17.2152,40.5108,Copper and compounds (as Cu),424.96,423.94185302872364,0,1,0,0,0,0,0,0
2022,2(b),17.1999,40.5167,Carbon monoxide (CO),73817620.0,422.49503361756746,0,0,0,0,0,0,1,0
2024,7(a),13.4913,45.7501,Ammonia (NH3),16250.0,435.17102394666557,0,0,1,0,0,0,0,0
2022,8(b),10.9497,45.3595,Hydro-fluorocarbons (HFCS),162.5,404.0003247731464,0,0,0,0,0,0,0,0
2022,7(a),12.0955,44.577,Ammonia (NH3),20670.0,299.12434508455885,0,0,1,0,0,0,0,0
2021,7(a),11.8781,45.7128,Ammonia (NH3),15128.0,426.5441296944465,0,0,1,0,0,0,0,0
2022,1(b),12.5844,45.0905,Carbon dioxide (CO2),100947000.0,354.52706745552194,0,1,0,0,0,0,0,0
2023,1(a),8.8768,45.0997,Non-methane volatile organic compounds (NMVOC),315140.0,459.8924322368035,0,1,0,0,0,0,0,0
2021,4(c),12.238056,44.445833,Nitrogen oxides (NOX),192010.0,283.54688050614993,1,0,0,0,0,0,0,0
2023,7(a),11.0885,44.9487,Ammonia (NH3),17763.0,357.24733520922206,0,0,1,0,0,0,0,0
2024,7(a),10.2883,45.3342,Ammonia (NH3),10314.0,420.8824085056446,0,0,1,0,0,0,0,0
2021,5(d),8.4217,44.2506,Methane (CH4),290804.0,421.43372520145147,0,0,0,0,0,0,0,1
2021,5(b),10.2114,45.5119,Nitrogen oxides (NOX),244918.0,441.2971093995787,0,0,0,0,0,0,0,1
2022,3(c),10.3444,45.5153,Nitrogen oxides (NOX),696080.0,437.306929605887,0,0,0,1,0,0,0,0
2022,3(c),16.2892,41.3167,Carbon dioxide (CO2),275506000.0,321.96370092329715,0,0,0,1,0,0,0,0
2021,7(a),10.7162,45.1085,Ammonia (NH3),17095.0,384.25870479981893,0,0,1,0,0,0,0,0
2021,5(d),11.5667,44.6333,Methane (CH4),312664.0,312.80361908016346,0,0,0,0,0,0,0,1
2023,3(e),8.3089,44.4447,Nitrogen oxides (NOX),331931.0,441.7092860060149,0,0,0,1,0,0,0,0
2024,8(b),11.3028,45.0292,Nitrogen oxides (NOX),176632.0,360.72672194530134,0,0,0,0,0,0,0,0
2022,4(a),,,Nitrogen oxides (NOX),115376.0,,1,0,0,0,0,0,0,0
2021,3(e),12.0833,42.9667,Nitrogen oxides (NOX),397400.0,123.06167547132851,0,0,0,1,0,0,0,0
2022,3(c),16.4489,38.9141,Carbon dioxide (CO2),157958300.0,471.52423078778224,0,0,0,1,0,0,0,0
2021,7(a),11.9028,44.9869,Ammonia (NH3),20757.0,346.2654684343772,0,0,1,0,0,0,0,0
2023,7(a),10.9178,44.9818,Ammonia (NH3),30031.0,365.30096828724606,0,0,1,0,0,0,0,0
2021,9(c),9.7139,45.0506,Non-methane volatile organic compounds (NMVOC),679200.0,415.77642007803644,0,0,0,0,1,0,0,0
2023,7(a),9.8089,45.1986,Ammonia (NH3),16394.0,425.6316362060307,0,0,1,0,0,0,0,0
2023,7(a),10.5275,45.2553,Methane (CH4),212472.0,405.08217932930353,0,0,1,0,0,0,0,0
2021,7(a)(i),10.1645,45.269,Ammonia (NH3),13673.0,418.73557855970506,0,0,1,0,0,0,0,0
2022,7(a),9.5862,45.4042,Ammonia (NH3),32070.0,454.2390005457822,0,0,1,0,0,0,0,0
2024,7(a),13.0221,45.8341,Ammonia (NH3),24941.0,439.16426523421075,0,0,1,0,0,0,0,0
2022,7(a),11.7973,44.4104,Ammonia (NH3),110761.0,284.53713278512015,0,0,1,0,0,0,0,0
2024,7(a),10.8061,44.5785,Ammonia (NH3),16169.0,327.49776921019975,0,0,1,0,0,0,0,0
2023,7(a),12.5734,43.3554,Ammonia (NH3),12200.0,161.64452468688194,0,0,1,0,0,0,0,0
2022,7(a)(i),7.7311,44.445,Ammonia (NH3),13412.0,478.6499036106543,0,0,1,0,0,0,0,0
2024,7(a),12.0977,44.3208,Ammonia (NH3),10767.0,270.8091632681896,0,0,1,0,0,0,0,0
2022,1(c),18.0321,40.5638,Nitrous oxide (N2O),39593.5,486.1548254028064,0,1,0,0,0,0,0,0
2021,7(a),11.1156,45.1103,Ammonia (NH3),19942.0,373.6222652094686,0,0,1,0,0,0,0,0
2024,2(b),17.1999,40.5167,Benzene,1516.53,422.49503361756746,0,0,0,0,0,0,1,0
2021,7(a),12.0955,44.577,Ammonia (NH3),18990.0,299.12434508455885,0,0,1,0,0,0,0,0
2024,7(a),10.3628,45.0403,Ammonia (NH3),35590.0,389.00850440447186,0,0,1,0,0,0,0,0
2021,7(a),10.2336,45.4467,Ammonia (NH3),11049.0,434.0078059678944,0,0,1,0,0,0,0,0
2021,6(b),7.5397,45.2533,Carbon dioxide (CO2),145906000.0,545.9014159132201,0,0,0,0,0,1,0,0
2023,2(b),9.9469,45.1494,Zinc and compounds (as Zn),210.0,415.3672054730542,0,0,0,0,0,0,1,0
2023,7(a),9.9214,45.4117,Ammonia (NH3),11436.0,441.6930554046909,0,0,1,0,0,0,0,0
2021,7(a),10.1494,45.3306,Ammonia (NH3),20550.0,425.3632019373156,0,0,1,0,0,0,0,0
2021,9(c),13.532778,45.804444,Non-methane volatile organic compounds (NMVOC),177174.0,441.7186661820599,0,0,0,0,1,0,0,0
2023,7(a),12.3806,45.9436,Ammonia (NH3),22884.0,449.41201775218593,0,0,1,0,0,0,0,0
2024,4(c),11.365556,45.5025,Ammonia (NH3),29228.4,410.4487397514657,1,0,0,0,0,0,0,0
2021,1(c),16.6566,38.875,Carbon dioxide (CO2),1346222000.0,487.2165784775803,0,1,0,0,0,0,0,0
2022,1(c),17.2152,40.5108,Arsenic and compounds (as As),89.778,423.94185302872364,0,1,0,0,0,0,0,0
2023,3(c),10.963889,46.040556,Nitrogen oxides (NOX),120374.0,476.13534821064076,0,0,0,1,0,0,0,0
2022,1(a),15.1905,37.2216,Carbon dioxide (CO2),2029350424.6,569.3767495576742,0,1,0,0,0,0,0,0
2023,7(a),9.9612,45.3253,Ammonia (NH3),17870.0,431.7821411707818,0,0,1,0,0,0,0,0
2022,3(e),12.0833,42.9667,Nitrogen oxides (NOX),369800.0,123.06167547132851,0,0,0,1,0,0,0,0
2023,7(a),10.292355,45.344723,Ammonia (NH3),19417.0,421.7994357047309,0,0,1,0,0,0,0,0
2023,1(c),13.7483,37.9691,Carbon dioxide (CO2),1299513320.0,450.22665809519594,0,1,0,0,0,0,0,0
2024,7(a),10.263478,45.152342,Ammonia (NH3),23889.0,403.65147975532744,0,0,1,0,0,0,0,0
2024,7(a),10.879492,45.229942,Ammonia (NH3),20581.0,392.2042619421258,0,0,1,0,0,0,0,0
2023,7(a),9.8061,45.1922,Ammonia (NH3),12110.0,425.14004008084015,0,0,1,0,0,0,0,0
2023,7(a),12.356389,44.032222,Ammonia (NH3),16275.0,237.0547021561387,0,0,1,0,0,0,0,0
2024,7(a),9.9824,45.3821,Ammonia (NH3),16841.0,436.5200865583169,0,0,1,0,0,0,0,0
2022,7(a)(ii),9.2946,45.2772,Ammonia (NH3),11563.0,455.1944539906943,0,0,1,0,0,0,0,0
2024,2(b),10.2008,45.6489,Carbon monoxide (CO),658671.0,455.4495951039566,0,0,0,0,0,0,1,0
2024,7(a),12.3228,45.9511,Ammonia (NH3),26745.0,450.36472544874243,0,0,1,0,0,0,0,0
2022,3(e),13.2324,45.7701,Carbon monoxide (CO),515600.0,434.0513576127998,0,0,0,1,0,0,0,0
2024,3(c),9.81,44.7667,Nitrogen oxides (NOX),592659.3,385.45810832592576,0,0,0,1,0,0,0,0
2024,1(a),8.8768,45.0997,Non-methane volatile organic compounds (NMVOC),270911.0,459.8924322368035,0,1,0,0,0,0,0,0
2022,5(d),10.558333,42.965,Methane (CH4),302540.0,198.10260700583234,0,0,0,0,0,0,0,1
2023,9(a),9.0561,45.5906,Tetrachloroethylene,12577.3,494.3815894496035,0,0,0,0,1,0,0,0
2021,7(a),11.1664,45.0236,Ammonia (NH3),11167.0,363.2245643777854,0,0,1,0,0,0,0,0
2021,5(d),10.979167,44.669722,Methane (CH4),361137.9,331.25575629359884,0,0,0,0,0,0,0,1
2022,5(b),11.4311,44.5239,Nitrogen oxides (NOX),104500.0,303.9624931186366,0,0,0,0,0,0,0,1
2021,2(b),10.459167,45.4625,Zinc and compounds (as Zn),252.6647,428.34294478117357,0,0,0,0,0,0,1,0
2023,7(a),7.7783,44.7236,Ammonia (NH3),10672.0,493.91400956416254,0,0,1,0,0,0,0,0
2024,7(a),9.563889,45.526667,Ammonia (NH3),18880.0,466.7404986556734,0,0,1,0,0,0,0,0
2021,2(b),10.3894,45.6392,Zinc and compounds (as Zn),2530.165,448.5499430851952,0,0,0,0,0,0,1,0
2022,3(e),11.3731,45.4181,Arsenic and compounds (as As),30.0,401.18016620160887,0,0,0,1,0,0,0,0
2021,7(a),10.5497,45.2917,Ammonia (NH3),14500.0,408.1014372644518,0,0,1,0,0,0,0,0
2023,1(c),9.7104,45.0545,Carbon dioxide (CO2),395934246.7,416.28976618018316,0,1,0,0,0,0,0,0
2024,3(c),15.180555,37.194444,Nitrogen oxides (NOX),477665.4,571.8128643506107,0,0,0,1,0,0,0,0
2023,7(a),7.6525,44.5792,Ammonia (NH3),10719.0,492.3176930335651,0,0,1,0,0,0,0,0
2021,7(a),13.9321,42.5626,Ammonia (NH3),11700.0,139.11738485032413,0,0,1,0,0,0,0,0
2021,1(a),15.219444,37.135556,Nitrogen oxides (NOX),915518.0,579.1857861069731,0,1,0,0,0,0,0,0
2024,7(a),11.3302,44.8471,Ammonia (NH3),11224.0,340.6790668159784,0,0,1,0,0,0,0,0
2023,5(b),11.4311,44.5239,Carbon dioxide (CO2),196555000.0,303.9624931186366,0,0,0,0,0,0,0,1
2021,7(a),13.9716,42.3839,Ammonia (NH3),14300.0,132.86898412889684,0,0,1,0,0,0,0,0
2024,3(e),17.1872,40.8686,Nitrogen oxides (NOX),102139.2,407.82271882162723,0,0,0,1,0,0,0,0
2024,1(c),10.4494,43.3816,Nitrous oxide (N2O),13455.0,234.66174872826318,0,1,0,0,0,0,0,0
2021,1(c),11.5833,44.8499,Nitrogen oxides (NOX),384273.0,335.9030476325577,0,1,0,0,0,0,0,0
2024,4(a),14.2772,37.0554,Carbon dioxide (CO2),187669000.0,560.2184704049324,1,0,0,0,0,0,0,0
2023,7(a),10.5547,45.2547,Ammonia (NH3),13659.0,404.1691415462678,0,0,1,0,0,0,0,0
2021,1(c),10.6167,44.7,Carbon dioxide (CO2),183193000.0,346.2112452441395,0,1,0,0,0,0,0,0
2024,7(a),12.1202,45.315,Ammonia (NH3),11311.0,380.62504314893107,0,0,1,0,0,0,0,0
2022,2(b),15.8136,40.635,Fluorine and inorganic compounds (as HF),5305.0,310.9916304131043,0,0,0,0,0,0,1,0
2021,7(a),12.3486,45.6836,Ammonia (NH3),12923.4,420.5728976213861,0,0,1,0,0,0,0,0
2024,7(a),10.09289,45.346,Ammonia (NH3),11434.0,428.9169362630338,0,0,1,0,0,0,0,0
2024,7(a),10.1053,45.5697,Ammonia (NH3),13540.0,450.6739409169753,0,0,1,0,0,0,0,0
2022,7(a),12.184,44.224,Ammonia (NH3),20660.0,259.3497803053749,0,0,1,0,0,0,0,0
2021,1(c),11.9005,44.8,Methane (CH4),128341.0,325.7343389661802,0,1,0,0,0,0,0,0
2021,1(c),13.5215,37.2869,Carbon dioxide (CO2),132502000.0,520.7135805201973,0,1,0,0,0,0,0,0
2023,7(a),10.8529,45.2374,Ammonia (NH3),33160.0,393.6983796155753,0,0,1,0,0,0,0,0
2021,9(c),11.3515,45.5088,Non-methane volatile organic compounds (NMVOC),363265.0,411.38178789770933,0,0,0,0,1,0,0,0
2022,5(d),11.3889,44.1194,Methane (CH4),756366.1,262.40193067491055,0,0,0,0,0,0,0,1
2023,1(a),15.219444,37.135556,Arsenic and compounds (as As),26.592,579.1857861069731,0,1,0,0,0,0,0,0
2022,7(a),12.260886,44.212061,Ammonia (NH3),18067.0,257.48971930610776,0,0,1,0,0,0,0,0
2023,7(a)(i),12.2792,45.566,Ammonia (NH3),16074.0,407.7024183166868,0,0,1,0,0,0,0,0
2023,7(a),9.7751,44.8871,Ammonia (NH3),10147.0,398.01765683246794,0,0,1,0,0,0,0,0
2023,7(a),10.3362,44.6492,Ammonia (NH3),10950.0,351.8823234639824,0,0,1,0,0,0,0,0
2024,9(c),14.6958,40.7212,Non-methane volatile organic compounds (NMVOC),120623.0,225.83529251576073,0,0,0,0,1,0,0,0
2023,1(c),11.1387,45.0593,Carbon monoxide (CO),925924.0,367.66839201636236,0,1,0,0,0,0,0,0
2024,1(a),8.8768,45.0997,Nitrogen oxides (NOX),1339520.0,459.8924322368035,0,1,0,0,0,0,0,0
2023,7(a),9.8861,44.8783,Ammonia (NH3),20428.0,392.32209579313763,0,0,1,0,0,0,0,0
2023,7(a),10.8392,45.3097,Ammonia (NH3),13423.0,401.61655007337293,0,0,1,0,0,0,0,0
2022,1(c),11.6413,43.5576,Methane (CH4),101617.0,196.8117666559032,0,1,0,0,0,0,0,0
2022,2(b),13.2534,46.0067,Carbon dioxide (CO2),238956500.0,460.33206608834774,0,0,0,0,0,0,1,0
2022,7(a),11.0124,44.8648,Ammonia (NH3),12700.0,350.49650134211697,0,0,1,0,0,0,0,0
2021,7(a)(i),7.7239,44.4906,Ammonia (NH3),19095.0,482.0104127706705,0,0,1,0,0,0,0,0
2022,7(a),10.861111,45.2275,Ammonia (NH3),24163.0,392.4432285898526,0,0,1,0,0,0,0,0
2022,4(a),14.2772,37.0554,Non-methane volatile organic compounds (NMVOC),113815.3,560.2184704049324,1,0,0,0,0,0,0,0
2021,7(a),9.6595,45.1125,Ammonia (NH3),35883.0,423.87283137486867,0,0,1,0,0,0,0,0
2024,8(b),7.483333,44.649444,Carbon dioxide (CO2),131576609.8,507.75804342067056,0,0,0,0,0,0,0,0
2023,2(b),9.5969,45.6425,Carbon monoxide (CO),511510.0,476.48876713324137,0,0,0,0,0,0,1,0
2021,1(c),15.2164,37.1399,Carbon monoxide (CO),612657.0,578.6358064271149,0,1,0,0,0,0,0,0
2021,7(a),10.702778,44.475556,Ammonia (NH3),23600.0,320.89145800535647,0,0,1,0,0,0,0,0
2021,5(a),15.5525,40.6955,Hydrochlorofluorocarbons (HCFCs),191.2892,288.4185562798682,0,0,0,0,0,0,0,1
2024,3(c),11.966666,45.877777,Nitrogen oxides (NOX),251357.0,444.0279993253838,0,0,0,1,0,0,0,0
2023,4(a),18.0022,40.6395,Benzene,3519.94,481.00117134663145,1,0,0,0,0,0,0,0
2024,2(b),12.6667,42.5667,Chlorine and inorganic compounds (as HCl),10770.0,75.14187357873665,0,0,0,0,0,0,1,0
2024,7(a),10.392777,45.415,Ammonia (NH3),10470.0,425.58577056261674,0,0,1,0,0,0,0,0
2021,2(b),11.0,45.4333,Zinc and compounds (as Zn),622.9,410.5887775813313,0,0,0,0,0,0,1,0
2024,5(a),7.5856,45.0381,Carbon dioxide (CO2),565730000.0,527.6333775226544,0,0,0,0,0,0,0,1
2023,7(a),7.8898,44.9805,Ammonia (NH3),16029.0,505.2549258306158,0,0,1,0,0,0,0,0
2023,3(c),10.3316,45.4594,Carbon dioxide (CO2),203439000.0,432.0511865711123,0,0,0,1,0,0,0,0
2021,7(a),7.6624,44.8982,Ammonia (NH3),15197.0,513.1184705441993,0,0,1,0,0,0,0,0
2023,7(a),10.9375,45.2319,Ammonia (NH3),10104.0,390.88393961760613,0,0,1,0,0,0,0,0
2024,7(a),13.9321,42.5626,Ammonia (NH3),10361.0,139.11738485032413,0,0,1,0,0,0,0,0
2023,1(c),10.4494,43.3816,Nitrous oxide (N2O),13017.0,234.66174872826318,0,1,0,0,0,0,0,0
2024,7(a),7.7111,44.4589,Ammonia (NH3),10357.0,480.833990120145,0,0,1,0,0,0,0,0
2021,7(a),12.18,44.025278,Ammonia (NH3),16030.0,237.408316324722,0,0,1,0,0,0,0,0
2023,9(c),9.2209,45.7447,Non-methane volatile organic compounds (NMVOC),281000.0,501.441479219339,0,0,0,0,1,0,0,0
2021,1(c),15.1825,37.1791,Cadmium and compounds (as Cd),33.4677,573.451982183205,0,1,0,0,0,0,0,0
2023,7(a),10.259444,45.187222,Ammonia (NH3),10470.0,407.2467987388088,0,0,1,0,0,0,0,0
2024,2(b),11.95,45.3833,Sulphur oxides (SOX),845000.0,389.5005263497925,0,0,0,0,0,0,1,0
2024,7(a),7.465278,44.704444,Ammonia (NH3),14635.0,512.4680977362208,0,0,1,0,0,0,0,0
2021,7(a),9.921944,45.417222,Ammonia (NH3),10240.0,442.21043334656474,0,0,1,0,0,0,0,0
2021,7(a)(ii),7.5397,44.7694,Ammonia (NH3),12797.0,511.99380676091516,0,0,1,0,0,0,0,0
2024,9(c),14.771123,40.783681,Non-methane volatile organic compounds (NMVOC),166028.0,227.02505782072916,0,0,0,0,1,0,0,0
2021,7(a),7.7111,44.4589,Ammonia (NH3),10345.0,480.833990120145,0,0,1,0,0,0,0,0
2022,1(c),15.2808,38.2019,Nitrogen oxides (NOX),621953.7,474.81617636859517,0,1,0,0,0,0,0,0
2021,7(a),11.123813,44.769525,Ammonia (NH3),11721.0,337.52749463244504,0,0,1,0,0,0,0,0
2021,7(a),7.639478,44.508831,Ammonia (NH3),11787.0,488.664187958199,0,0,1,0,0,0,0,0
2022,7(a),10.3124,45.0493,Ammonia (NH3),34190.0,391.71118621286234,0,0,1,0,0,0,0,0
2024,5(a),14.322,41.626,Chlorofluorocarbons (CFCs),39.0938,154.5071221193467,0,0,0,0,0,0,0,1
2022,9(c),14.3833,40.9281,Non-methane volatile organic compounds (NMVOC),342945.0,191.05349226321462,0,0,0,0,1,0,0,0
2024,7(a),9.8477,45.4749,Ammonia (NH3),10200.0,450.6268071249102,0,0,1,0,0,0,0,0
2024,7(a),12.0192,44.165,Ammonia (NH3),21070.0,254.5164027114181,0,0,1,0,0,0,0,0
2022,1(c),11.1387,45.0593,Carbon dioxide (CO2),1576715730.0,367.66839201636236,0,1,0,0,0,0,0,0
2023,7(a),10.6194,45.0653,Ammonia (NH3),13754.0,382.84532435350553,0,0,1,0,0,0,0,0
2024,2(b),17.1999,40.5167,Chromium and compounds (as Cr),378.606,422.49503361756746,0,0,0,0,0,0,1,0
2021,3(e),7.5908,44.3867,Sulphur oxides (SOX),216204.0,484.3039076585716,0,0,0,1,0,0,0,0
2024,3(c),13.0042,41.7367,Nitrogen oxides (NOX),423537.5,45.95489691933602,0,0,0,1,0,0,0,0
2022,7(a),10.6578,45.2753,Ammonia (NH3),21150.0,403.1520295921574,0,0,1,0,0,0,0,0
2021,2(b),11.5006,45.5236,Nickel and compounds (as Ni),86.2044,410.48270996553,0,0,0,0,0,0,1,0
2022,1(c),8.1927,45.2377,Carbon dioxide (CO2),1092716000.0,507.5180888612842,0,1,0,0,0,0,0,0
2024,7(a),7.519722,44.736111,Ammonia (NH3),18240.0,511.0573477479774,0,0,1,0,0,0,0,0
2024,7(a),10.9857,44.812,Ammonia (NH3),11604.0,345.76006033109917,0,0,1,0,0,0,0,0
2022,1(a),9.0113,39.0971,Arsenic and compounds (as As),36.495,429.0677199992063,0,1,0,0,0,0,0,0
2023,2(e),7.6883,45.6617,Hydro-fluorocarbons (HFCS),3120.65,568.7249641000947,0,0,0,0,0,0,1,0
2022,7(a),9.7497,45.4275,Ammonia (NH3),72150.0,449.8433692842449,0,0,1,0,0,0,0,0
2021,7(a),10.8008,44.9797,Methane (CH4),7724000.0,368.48369206998126,0,0,1,0,0,0,0,0
2024,4(a),15.1973,37.167,Carbon dioxide (CO2),733437500.0,575.2012058760492,1,0,0,0,0,0,0,0
2022,1(c),15.9735,38.4408,Carbon dioxide (CO2),743911000.0,485.15807676212285,0,1,0,0,0,0,0,0
2022,9(d),12.52,42.5175,Benzene,4529.0,68.37915143730088,0,0,0,0,1,0,0,0
2023,2(b),13.2534,46.0067,Arsenic and compounds (as As),30.335,460.33206608834774,0,0,0,0,0,0,1,0
2023,1(c),9.4359,45.3345,Nitrogen oxides (NOX),461540.0,454.1275854590648,0,1,0,0,0,0,0,0
2022,7(a),10.5497,45.2917,Ammonia (NH3),14650.0,408.1014372644518,0,0,1,0,0,0,0,0
2024,7(a),10.5497,45.2917,Ammonia (NH3),11860.0,408.1014372644518,0,0,1,0,0,0,0,0
2021,2(b),17.1999,40.5167,Lead and compounds (as Pb),3476.26,422.49503361756746,0,0,0,0,0,0,1,0
2021,7(a),10.6192,45.0533,Ammonia (NH3),18400.0,381.63264495036884,0,0,1,0,0,0,0,0
2024,1(a),17.193,40.4892,Benzene,3273.7894,423.1599159692294,0,1,0,0,0,0,0,0
2023,7(a),9.725,45.5583,Ammonia (NH3),19726.0,463.3995249211472,0,0,1,0,0,0,0,0
2022,1(a),13.3813,43.6395,Carbon dioxide (CO2),523999000.0,206.17477195412638,0,1,0,0,0,0,0,0
2022,4(b),12.25,44.45,Sulphur oxides (SOX),2171000.0,283.93915705228454,1,0,0,0,0,0,0,0
2021,7(a),12.1745,45.5803,Ammonia (NH3),12737.0,409.7351474259222,0,0,1,0,0,0,0,0
2023,5(d),8.978056,40.571111,Methane (CH4),426000.0,329.3217479871604,0,0,0,0,0,0,0,1
2022,3(e),14.7333,42.0667,Nitrogen oxides (NOX),474616.0,185.7787565112474,0,0,0,1,0,0,0,0
2021,1(c),9.4794,45.0899,Carbon monoxide (CO),652146.8,429.82876504034436,0,1,0,0,0,0,0,0
2021,3(c),12.6178,43.2844,Ammonia (NH3),56100.0,153.94793754868223,0,0,0,1,0,0,0,0
2022,2(b),15.8136,40.635,Carbon monoxide (CO),724000.0,310.9916304131043,0,0,0,0,0,0,1,0
2024,1(c),9.6831,45.3286,Methane (CH4),550742.0,443.1028237477304,0,1,0,0,0,0,0,0
2022,7(a)(ii),10.1778,45.1722,Ammonia (NH3),15606.0,408.7236564081497,0,0,1,0,0,0,0,0
2024,7(a),10.1753,45.3947,Ammonia (NH3),21426.0,430.8094953246309,0,0,1,0,0,0,0,0
2024,7(a),10.8086,45.2619,Ammonia (NH3),12910.0,397.46079970214606,0,0,1,0,0,0,0,0
2023,1(c),16.6566,38.875,Carbon dioxide (CO2),1497053000.0,487.2165784775803,0,1,0,0,0,0,0,0
2021,7(a),9.55785,45.285233,Ammonia (NH3),11299.0,444.29069020281884,0,0,1,0,0,0,0,0
2022,7(a),11.9991,44.1631,Ammonia (NH3),11243.0,254.56186460182496,0,0,1,0,0,0,0,0
2024,7(a),10.6125,45.2039,Ammonia (NH3),36838.0,397.19130743601784,0,0,1,0,0,0,0,0
2024,7(a),12.1499,44.242,Ammonia (NH3),15698.0,261.6247118508109,0,0,1,0,0,0,0,0
2022,1(c),12.2661,44.4844,Nitrogen oxides (NOX),370131.0,287.6669114626911,0,1,0,0,0,0,0,0
2022,7(a),9.986449,45.457268,Ammonia (NH3),24756.0,443.73676407399853,0,0,1,0,0,0,0,0
2023,7(a)(ii),12.2078,43.1447,Ammonia (NH3),10110.0,140.10337968917906,0,0,1,0,0,0,0,0
2023,7(a),10.904722,45.291666,Ammonia (NH3),20660.0,398.00408464067954,0,0,1,0,0,0,0,0
2023,7(a),10.8383,45.0036,Ammonia (NH3),32740.0,369.8370761079601,0,0,1,0,0,0,0,0
2023,1(a),8.7858,45.4372,Nitrous oxide (N2O),10735.0,493.3600021474541,0,1,0,0,0,0,0,0
2023,7(a),9.5862,45.4042,Ammonia (NH3),32070.0,454.2390005457822,0,0,1,0,0,0,0,0
2021,7(a),7.8167,44.9186,Ammonia (NH3),16972.0,505.16196747543046,0,0,1,0,0,0,0,0
2022,7(a),7.737222,44.703889,Ammonia (NH3),12590.0,495.15219283204493,0,0,1,0,0,0,0,0
2021,7(a),11.9979,43.011153,Ammonia (NH3),13500.0,129.85060422402802,0,0,1,0,0,0,0,0
2024,7(a),13.1169,46.17,Ammonia (NH3),10461.0,477.0719680870205,0,0,1,0,0,0,0,0
2023,2(b),17.1999,40.5167,Nickel and compounds (as Ni),117.86,422.49503361756746,0,0,0,0,0,0,1,0
2024,1(a),13.3813,43.6395,Nitrogen oxides (NOX),305000.0,206.17477195412638,0,1,0,0,0,0,0,0
2021,7(a),12.244722,45.007728,Ammonia (NH3),11149.0,345.8488549433984,0,0,1,0,0,0,0,0
2022,1(c),11.4777,43.5643,Nitrogen oxides (NOX),204182.1,202.61650375491504,0,1,0,0,0,0,0,0
2022,7(a),8.553056,45.589444,Ammonia (NH3),17320.0,517.9163993349813,0,0,1,0,0,0,0,0
2024,2(b),11.0708,45.3331,Nitrogen oxides (NOX),186000.0,398.3032399103224,0,0,0,0,0,0,1,0
2022,1(c),8.2991,40.8516,Sulphur oxides (SOX),982880.0,369.15699948624194,0,1,0,0,0,0,0,0
2021,1(c),11.1387,45.0593,Carbon dioxide (CO2),1795088000.0,367.66839201636236,0,1,0,0,0,0,0,0
2022,2(b),17.1999,40.5167,Carbon dioxide (CO2),4703124870.0,422.49503361756746,0,0,0,0,0,0,1,0
2024,7(a),10.8686,44.7202,Ammonia (NH3),12251.0,339.8195978766441,0,0,1,0,0,0,0,0
2021,7(a),7.9486,44.6981,Ammonia (NH3),22963.0,481.5833620073078,0,0,1,0,0,0,0,0
2024,7(a),9.8555,45.1751,Ammonia (NH3),15900.0,421.49903302079076,0,0,1,0,0,0,0,0
2023,1(c),14.441111,37.5425,Nitrogen oxides (NOX),114000.0,512.5366645240119,0,1,0,0,0,0,0,0
2021,1(a),8.7858,45.4372,Nitrogen oxides (NOX),1054108.0,493.3600021474541,0,1,0,0,0,0,0,0
2022,1(c),11.5338,42.3589,Sulphur hexafluoride (SF6),92.7,94.19692549156771,0,1,0,0,0,0,0,0
2023,7(a),10.1831,45.1781,Ammonia (NH3),29120.0,409.1082979543727,0,0,1,0,0,0,0,0
2023,3(c),12.259722,45.815833,Nitrogen oxides (NOX),287631.0,435.5224044699912,0,0,0,1,0,0,0,0
2022,7(a),10.4549,45.5108,Ammonia (NH3),37720.0,433.41434876694893,0,0,1,0,0,0,0,0
2024,7(a),10.4747,45.0525,Ammonia (NH3),14116.0,386.3232975866797,0,0,1,0,0,0,0,0
2023,1(a),15.219444,37.135556,Chromium and compounds (as Cr),256.032,579.1857861069731,0,1,0,0,0,0,0,0
2021,7(a),7.715556,44.391667,Ammonia (NH3),13418.0,476.3379166388307,0,0,1,0,0,0,0,0
2021,7(a),7.465278,44.704444,Ammonia (NH3),12000.0,512.4680977362208,0,0,1,0,0,0,0,0
2024,4(a),8.6421,45.4596,Nitrous oxide (N2O),42704.7,502.3468288780493,1,0,0,0,0,0,0,0
2021,2(a),10.2269,45.5333,Zinc and compounds (as Zn),4952.52,442.934350852115,0,0,0,0,0,0,1,0
2022,1(a),9.0113,39.0971,Nitrogen oxides (NOX),3110864.2,429.0677199992063,0,1,0,0,0,0,0,0
2022,7(a),8.0536,44.7963,Ammonia (NH3),18793.0,482.11985765221243,0,0,1,0,0,0,0,0
2021,5(a),12.047,45.377542,Chlorofluorocarbons (CFCs),6.048,388.0604555525377,0,0,0,0,0,0,0,1
2021,7(a),11.268611,44.983056,Ammonia (NH3),10765.0,356.55162175983145,0,0,1,0,0,0,0,0
2022,3(c),16.2892,41.3167,Nitrogen oxides (NOX),297372.0,321.96370092329715,0,0,0,1,0,0,0,0
2023,7(a)(i),12.9864,45.9597,Ammonia (NH3),10916.0,452.8073666191868,0,0,1,0,0,0,0,0
2023,7(a)(i),13.2869,45.9403,Ammonia (NH3),22461.0,453.3849634237648,0,0,1,0,0,0,0,0
2021,1(a),9.0113,39.0971,Nitrogen oxides (NOX),3147722.0,429.0677199992063,0,1,0,0,0,0,0,0
2022,7(a),10.5302,45.0961,Ammonia (NH3),20454.0,388.8531746682871,0,0,1,0,0,0,0,0
2024,8(b),8.0236,44.6986,Carbon dioxide (CO2),198986000.0,477.0019609773903,0,0,0,0,0,0,0,0
2023,4(a),12.235556,44.4455,Hydro-fluorocarbons (HFCS),736.0,283.52500163154707,1,0,0,0,0,0,0,0
2024,3(e),9.6395,45.5201,Ammonia (NH3),21920.0,463.0780622267851,0,0,0,1,0,0,0,0
2022,7(a),10.8529,45.2374,Ammonia (NH3),26282.0,393.6983796155753,0,0,1,0,0,0,0,0
2024,7(a),13.935196,42.657161,Ammonia (NH3),10145.0,145.07303599532997,0,0,1,0,0,0,0,0
2024,7(a),10.019167,45.261667,Ammonia (NH3),41380.0,423.3950397088629,0,0,1,0,0,0,0,0
2023,1(a),8.7858,45.4372,Sulphur oxides (SOX),1248273.9,493.3600021474541,0,1,0,0,0,0,0,0
2023,7(a),12.3759,42.7561,Ammonia (NH3),18000.0,95.39826857041656,0,0,1,0,0,0,0,0
2023,7(a),10.8453,44.9406,Ammonia (NH3),41130.0,363.1338025798689,0,0,1,0,0,0,0,0
2022,7(a),13.8921,42.6847,Ammonia (NH3),14300.0,144.00268511610722,0,0,1,0,0,0,0,0
2022,7(a),9.5589,45.5181,Ammonia (NH3),27025.0,466.1298936690603,0,0,1,0,0,0,0,0
2023,7(a),10.7517,45.2928,Ammonia (NH3),17140.0,402.25466670961305,0,0,1,0,0,0,0,0
2022,4(b),10.7951,42.9236,Sulphur oxides (SOX),421800.0,179.9690791802994,1,0,0,0,0,0,0,0
2024,3(e),12.9114,45.7825,Nitrogen oxides (NOX),252217.1,432.68306868071477,0,0,0,1,0,0,0,0
2024,7(a)(ii),9.65,45.2335,Ammonia (NH3),25744.0,435.5390706361366,0,0,1,0,0,0,0,0
2022,2(b),11.5006,45.5236,Nickel and compounds (as Ni),53.9378,410.48270996553,0,0,0,0,0,0,1,0
2023,4(b),8.9883,39.2347,Sulphur oxides (SOX),178949.8,419.23745250947223,1,0,0,0,0,0,0,0
2021,4(b),10.4739,43.4089,Carbon dioxide (CO2),321265000.0,235.36059793219042,1,0,0,0,0,0,0,0
2024,7(a),7.884457,44.878874,Ammonia (NH3),12357.0,498.2342288263328,0,0,1,0,0,0,0,0
2021,7(a),11.876917,45.762833,Ammonia (NH3),27789.0,432.07871033366393,0,0,1,0,0,0,0,0
2024,5(a),15.5525,40.6955,Chlorofluorocarbons (CFCs),47.71,288.4185562798682,0,0,0,0,0,0,0,1
2021,1(c),17.2152,40.5108,Nitrogen oxides (NOX),1470821.0,423.94185302872364,0,1,0,0,0,0,0,0
2024,7(a),11.9979,43.011153,Ammonia (NH3),12100.0,129.85060422402802,0,0,1,0,0,0,0,0
2022,7(a),10.265556,45.096944,Ammonia (NH3),23279.0,398.1098456010429,0,0,1,0,0,0,0,0
2023,7(a),12.6888,46.0737,Ammonia (NH3),12376.0,464.0378532056598,0,0,1,0,0,0,0,0
2024,2(b),13.2534,46.0067,Nitrogen oxides (NOX),369570.0,460.33206608834774,0,0,0,0,0,0,1,0
2023,4(e),7.7701,45.1432,Dichloromethane (DCM),62460.0,524.2692658113206,1,0,0,0,0,0,0,0
2023,7(a),11.062741,45.077522,Ammonia (NH3),32769.0,371.45822244192584,0,0,1,0,0,0,0,0
2021,2(b),10.459167,45.4625,Carbon monoxide (CO),1729937.3,428.34294478117357,0,0,0,0,0,0,1,0
2023,7(a),12.3811,44.0086,Ammonia (NH3),24863.0,234.34213329577935,0,0,1,0,0,0,0,0
2024,7(a),10.313139,44.940611,Ammonia (NH3),12854.0,381.0033968786184,0,0,1,0,0,0,0,0
2022,1(c),18.0321,40.5638,Zinc and compounds (as Zn),2163.877,486.1548254028064,0,1,0,0,0,0,0,0
2024,7(a),11.0075,44.9942,Ammonia (NH3),11676.0,364.1372799092765,0,0,1,0,0,0,0,0
2023,4(b),10.4739,43.4089,Carbon monoxide (CO),5957009.2,235.36059793219042,1,0,0,0,0,0,0,0
2023,1(c),13.7483,37.9691,Nitrogen oxides (NOX),429360.0,450.22665809519594,0,1,0,0,0,0,0,0
2023,1(c),17.107777,39.224722,Nitrogen oxides (NOX),152027.0,490.1974853078209,0,1,0,0,0,0,0,0
2021,7(a),10.5285,44.9996,Ammonia (NH3),13290.0,379.1924424751448,0,0,1,0,0,0,0,0
2024,1(a),13.3813,43.6395,Carbon dioxide (CO2),505602000.0,206.17477195412638,0,1,0,0,0,0,0,0
2022,3(c),12.5467,43.3636,Carbon dioxide (CO2),498444000.0,162.48565083014304,0,0,0,1,0,0,0,0
2023,7(a),10.155,45.454167,Ammonia (NH3),17357.0,437.4367150846399,0,0,1,0,0,0,0,0
2021,3(c),10.3316,45.4594,Carbon dioxide (CO2),203184000.0,432.0511865711123,0,0,0,1,0,0,0,0
2021,7(a),7.4758,44.795,Ammonia (NH3),16370.0,517.738554941606,0,0,1,0,0,0,0,0
2022,3(c),8.6794,45.7794,Nitrogen oxides (NOX),594573.0,528.5578509656057,0,0,0,1,0,0,0,0
2023,1(a),8.8768,45.0997,Carbon dioxide (CO2),1627809000.0,459.8924322368035,0,1,0,0,0,0,0,0
2024,3(e),7.5908,44.3867,Sulphur oxides (SOX),206646.0,484.3039076585716,0,0,0,1,0,0,0,0
2022,1(c),9.4794,45.0899,Methane (CH4),111620.0,429.82876504034436,0,1,0,0,0,0,0,0
2021,9(c),12.0741,44.1418,Non-methane volatile organic compounds (NMVOC),117570.0,251.32012695849141,0,0,0,0,1,0,0,0
2023,7(a),10.9097,45.2153,Ammonia (NH3),31900.0,389.8701969455342,0,0,1,0,0,0,0,0
2021,4(a),12.2363,45.4438,Benzene,1488.0,394.29587462725914,1,0,0,0,0,0,0,0
2023,1(c),11.1387,45.0593,Carbon dioxide (CO2),998587643.2,367.66839201636236,0,1,0,0,0,0,0,0
2021,2(b),11.95,45.3833,Nitrogen oxides (NOX),198685.1,389.5005263497925,0,0,0,0,0,0,1,0
2021,7(a),11.1375,45.462,Ammonia (NH3),12510.0,410.55596640961437,0,0,1,0,0,0,0,0
2022,1(a),15.1825,37.1791,Nitrogen oxides (NOX),383372.0,573.451982183205,0,1,0,0,0,0,0,0
2022,1(c),16.2508,39.5906,Methane (CH4),148074.0,407.5226526375484,0,1,0,0,0,0,0,0
2024,2(b),9.9469,45.1494,Zinc and compounds (as Zn),1278.0,415.3672054730542,0,0,0,0,0,0,1,0
2021,4(c),12.238056,44.445833,Nitrous oxide (N2O),70690.0,283.54688050614993,1,0,0,0,0,0,0,0
2024,7(a),10.6428,45.1961,Ammonia (NH3),11670.0,395.46596604352055,0,0,1,0,0,0,0,0
2022,7(a),10.5958,45.1808,Ammonia (NH3),29550.0,395.34941313893785,0,0,1,0,0,0,0,0
2022,1(c),10.4494,43.3822,Nitrous oxide (N2O),16403.0,234.7079187361305,0,1,0,0,0,0,0,0
2023,3(c),9.81,44.7667,Mercury and compounds (as Hg),13.0,385.45810832592576,0,0,0,1,0,0,0,0
2023,7(a),11.898772,44.718303,Ammonia (NH3),10668.0,316.7791373103209,0,0,1,0,0,0,0,0
2024,7(a),10.725,45.2139,Ammonia (NH3),10347.0,394.85108476118614,0,0,1,0,0,0,0,0
2022,1(c),15.0005,41.9372,Carbon dioxide (CO2),408944199.9,207.21151513826103,0,1,0,0,0,0,0,0
2023,2(b),17.1999,40.5167,Carbon dioxide (CO2),4351958300.0,422.49503361756746,0,0,0,0,0,0,1,0
2021,6(b),13.0739,46.2325,Mercury and compounds (as Hg),59.67,483.64256280003474,0,0,0,0,0,1,0,0
2022,1(c),11.7586,42.1275,Benzene,1084.574,65.87472663400173,0,1,0,0,0,0,0,0
2024,7(a),10.2145,45.3295,Ammonia (NH3),11755.0,422.9548821618038,0,0,1,0,0,0,0,0
2023,1(a),15.219444,37.135556,Nitrogen oxides (NOX),1079449.0,579.1857861069731,0,1,0,0,0,0,0,0
2021,1(a),17.193,40.4892,Hydro-fluorocarbons (HFCS),122.5,423.1599159692294,0,1,0,0,0,0,0,0
2022,5(d),10.8924,45.8945,Methane (CH4),100600.0,462.06055993461314,0,0,0,0,0,0,0,1
2022,4(b),10.4739,43.4089,Ammonia (NH3),206145.0,235.36059793219042,1,0,0,0,0,0,0,0
2024,1(a),15.1825,37.1791,Carbon dioxide (CO2),467464000.0,573.451982183205,0,1,0,0,0,0,0,0
2024,7(a),8.1635,45.4613,Ammonia (NH3),13760.0,527.0640060349571,0,0,1,0,0,0,0,0
2022,7(a),12.7802,46.0838,Ammonia (NH3),24395.0,465.4590513926547,0,0,1,0,0,0,0,0
2022,1(a),10.3365,43.5872,Nitrous oxide (N2O),115784.0,257.2528399694245,0,1,0,0,0,0,0,0
2021,5(b),9.3583,45.8378,Carbon dioxide (CO2),128208990.0,504.6090359802653,0,0,0,0,0,0,0,1
2024,7(a),10.1386,45.4528,Ammonia (NH3),45008.0,437.8692177323516,0,0,1,0,0,0,0,0
2024,1(c),8.4008,39.1962,Nitrogen oxides (NOX),592616.0,458.5068450836283,0,1,0,0,0,0,0,0
2022,2(b),17.1999,40.5167,Mercury and compounds (as Hg),39.84,422.49503361756746,0,0,0,0,0,0,1,0
2024,7(a),12.958056,43.585833,Ammonia (NH3),14932.0,190.90311466410958,0,0,1,0,0,0,0,0
2023,7(a),9.8011,45.4889,Ammonia (NH3),11879.0,453.76198998481414,0,0,1,0,0,0,0,0
2023,7(a),7.4745,44.427,Ammonia (NH3),13007.0,494.49369759983017,0,0,1,0,0,0,0,0
2024,7(a),9.880917,44.995472,Ammonia (NH3),18371.0,403.47887720675874,0,0,1,0,0,0,0,0
2022,9(c),15.7367,41.0689,Non-methane volatile organic compounds (NMVOC),390932.0,285.3722831934332,0,0,0,0,1,0,0,0
2023,3(c),7.5,44.2833,Carbon dioxide (CO2),700973360.0,484.2811228602819,0,0,0,1,0,0,0,0
2021,4(e),10.0128,45.8022,Dichloromethane (DCM),259712.0,477.0774099939351,1,0,0,0,0,0,0,0
2024,2(e),9.8839,45.8656,Mercury and compounds (as Hg),25.23,487.7848023077205,0,0,0,0,0,0,1,0
2021,6(b),11.05,45.0667,Zinc and compounds (as Zn),478.0,370.6401970890199,0,0,0,0,0,1,0,0
2022,3(c),14.725278,36.903056,Carbon dioxide (CO2),322083000.0,587.9442813117303,0,0,0,1,0,0,0,0
2022,2(b),11.5083,45.5194,PCDD + PCDF (dioxins + furans) (as Teq),0.000102,409.9050166276053,0,0,0,0,0,0,1,0
2022,7(a),9.8353,45.2461,Ammonia (NH3),12320.0,429.07789885821626,0,0,1,0,0,0,0,0
2021,1(c),8.2991,40.8516,Sulphur oxides (SOX),1046787.6,369.15699948624194,0,1,0,0,0,0,0,0
2022,4(b),10.4739,43.4089,Carbon monoxide (CO),7021081.0,235.36059793219042,1,0,0,0,0,0,0,0
2022,6(b),7.5397,45.2533,Nitrogen oxides (NOX),101400.0,545.9014159132201,0,0,0,0,0,1,0,0
2024,7(a),9.5606,45.3256,Ammonia (NH3),16960.0,447.93657561176553,0,0,1,0,0,0,0,0
2024,7(a),7.76,44.7,Ammonia (NH3),12400.0,493.4589256967627,0,0,1,0,0,0,0,0
2021,2(a),10.2269,45.5333,Lead and compounds (as Pb),469.09,442.934350852115,0,0,0,0,0,0,1,0
2023,2(b),10.3894,45.6392,Mercury and compounds (as Hg),30.743,448.5499430851952,0,0,0,0,0,0,1,0
2022,3(e),11.1619,45.4211,Nitrogen oxides (NOX),163000.0,405.66099670163334,0,0,0,1,0,0,0,0
2023,6(b),10.75,45.0667,Nitrogen oxides (NOX),108670.0,378.94918081031824,0,0,0,0,0,1,0,0
2024,2(e),7.6883,45.6617,Hydro-fluorocarbons (HFCS),563.47,568.7249641000947,0,0,0,0,0,0,1,0
2021,7(a),11.3572,45.0995,Ammonia (NH3),12067.0,367.1293258633771,0,0,1,0,0,0,0,0
2022,7(a),9.2515,45.3095,Ammonia (NH3),26477.0,460.0781479911421,0,0,1,0,0,0,0,0
2021,7(a),10.3634,45.4661,Ammonia (NH3),15400.0,431.70821729253737,0,0,1,0,0,0,0,0
2021,9(c),15.7367,41.0689,Non-methane volatile organic compounds (NMVOC),460082.0,285.3722831934332,0,0,0,0,1,0,0,0
2022,2(b),12.6667,42.5667,Mercury and compounds (as Hg),57.8,75.14187357873665,0,0,0,0,0,0,1,0
2022,2(b),9.5969,45.6425,Nitrogen oxides (NOX),165500.0,476.48876713324137,0,0,0,0,0,0,1,0
2024,7(a),9.4147,45.1303,Ammonia (NH3),88510.0,436.43837193430693,0,0,1,0,0,0,0,0
2022,7(a),9.6511,45.46,Ammonia (NH3),36720.0,456.87841280982144,0,0,1,0,0,0,0,0
2021,5(d),8.85,44.4666,Methane (CH4),3791000.0,410.6203623249786,0,0,0,0,0,0,0,1
2022,7(a),11.0739,44.599,Ammonia (NH3),17719.0,321.1634400111711,0,0,1,0,0,0,0,0
2022,8(c),11.3889,44.5328,Hydro-fluorocarbons (HFCS),178.1,305.89477684753956,0,0,0,0,0,0,0,0
2024,7(a),10.4619,45.0448,Ammonia (NH3),11381.0,385.98953349147246,0,0,1,0,0,0,0,0
2023,2(f),11.1011,46.106,Tetrachloroethylene,4259.0,480.4908101739868,0,0,0,0,0,0,1,0
2023,1(a),15.1825,37.1791,Benzene,2124.4,573.451982183205,0,1,0,0,0,0,0,0
2024,7(a),11.620094,45.200139,Ammonia (NH3),12994.0,373.3797384956236,0,0,1,0,0,0,0,0
2023,7(a),12.3814,44.0025,Ammonia (NH3),22965.0,233.66342984182612,0,0,1,0,0,0,0,0
2024,7(a),11.8781,45.7128,Ammonia (NH3),11214.0,426.5441296944465,0,0,1,0,0,0,0,0
2024,7(a),11.1615,45.3416,Ammonia (NH3),12290.0,397.1713193046045,0,0,1,0,0,0,0,0
2024,2(e),14.2956,41.0225,Sulphur oxides (SOX),199793.0,179.04284453919206,0,0,0,0,0,0,1,0
2022,7(a),7.6739,44.7775,Ammonia (NH3),23400.0,504.1021213295117,0,0,1,0,0,0,0,0
2023,7(a),10.263478,45.152342,Ammonia (NH3),24739.0,403.65147975532744,0,0,1,0,0,0,0,0
2024,5(b),8.7776,45.2804,Nitrogen oxides (NOX),118538.0,480.25011833890966,0,0,0,0,0,0,0,1
2021,4(e),9.355,45.3172,Non-methane volatile organic compounds (NMVOC),119674.0,456.1069141522995,1,0,0,0,0,0,0,0
2022,3(e),8.3269,44.3328,Zinc and compounds (as Zn),430.7019,432.96114215749304,0,0,0,1,0,0,0,0
2022,3(e),15.938142,41.6503009,Carbon dioxide (CO2),121712000.0,286.75917685947906,0,0,0,1,0,0,0,0
2022,3(c),,,Nitrogen oxides (NOX),962000.0,,0,0,0,1,0,0,0,0
2024,7(a),11.449722,45.643139,Ammonia (NH3),14650.0,424.3013722463416,0,0,1,0,0,0,0,0
2024,6(b),11.05,45.0667,PCDD + PCDF (dioxins + furans) (as Teq),0.00658,370.6401970890199,0,0,0,0,0,1,0,0
2021,1(a),10.3365,43.5872,Carbon dioxide (CO2),642233114.0,257.2528399694245,0,1,0,0,0,0,0,0
2021,2(b),13.2534,46.0067,Arsenic and compounds (as As),155.418,460.33206608834774,0,0,0,0,0,0,1,0
2023,1(c),7.9005,45.1854,Nitrogen oxides (NOX),171534.0,519.876589257793,0,1,0,0,0,0,0,0
2024,7(a),11.060595,45.552892,Ammonia (NH3),19760.0,421.93026850976213,0,0,1,0,0,0,0,0
2024,1(a),15.2723,38.2027,Sulphur oxides (SOX),3407918.6,474.37811556178303,0,1,0,0,0,0,0,0
2022,5(b),9.0706,45.5042,Nitrogen oxides (NOX),147095.0,485.8999911744329,0,0,0,0,0,0,0,1
2021,7(a),12.064167,43.895,Ammonia (NH3),11125.0,224.30202424439238,0,0,1,0,0,0,0,0
2023,4(b),8.7952,45.4334,Nitrogen oxides (NOX),105033.6,492.57280171328154,1,0,0,0,0,0,0,0
2021,7(a),10.9606,44.793,Ammonia (NH3),25862.0,344.51705480905605,0,0,1,0,0,0,0,0
2023,7(a)(ii),9.9788,45.3686,Ammonia (NH3),13820.0,435.3357886362723,0,0,1,0,0,0,0,0
2022,7(a),10.6111,45.08,Ammonia (NH3),11190.0,384.6037378361844,0,0,1,0,0,0,0,0
2024,7(a),10.9172,44.9039,Ammonia (NH3),10936.0,357.2430080519243,0,0,1,0,0,0,0,0
2024,7(a),11.9464,45.7189,Ammonia (NH3),15884.0,426.6166354354654,0,0,1,0,0,0,0,0
2023,7(a),10.6066,45.3474,Ammonia (NH3),22414.0,412.0882655073563,0,0,1,0,0,0,0,0
2021,1(a),8.7858,45.4372,"1,1,1-trichloroethane (TCE-1,1,1)",306.938,493.3600021474541,0,1,0,0,0,0,0,0
2024,3(c),,,Nitrogen oxides (NOX),156750.0,,0,0,0,1,0,0,0,0
2022,3(e),16.8178,41.1025,Nitrogen oxides (NOX),189760.0,370.66533294984737,0,0,0,1,0,0,0,0
2023,7(a),9.9014,45.5608,Ammonia (NH3),25040.0,457.0127532585118,0,0,1,0,0,0,0,0
2021,7(a),7.519722,44.736111,Ammonia (NH3),17700.0,511.0573477479774,0,0,1,0,0,0,0,0
2024,1(c),8.6505,45.4593,Carbon dioxide (CO2),291113000.0,501.9051977007532,0,1,0,0,0,0,0,0
2022,7(a),12.9669,46.1539,Ammonia (NH3),10480.0,474.19245201438366,0,0,1,0,0,0,0,0
2022,1(c),15.2808,38.2019,Nickel and compounds (as Ni),408.3664,474.81617636859517,0,1,0,0,0,0,0,0
2024,7(a),10.8392,45.3097,Ammonia (NH3),39750.0,401.61655007337293,0,0,1,0,0,0,0,0
2022,7(a),10.702778,44.475556,Ammonia (NH3),19848.0,320.89145800535647,0,0,1,0,0,0,0,0
2021,7(a),10.0802,45.3384,Ammonia (NH3),12787.0,428.6304708525926,0,0,1,0,0,0,0,0
2021,7(a),10.7064,44.7672,Methane (CH4),100929.0,349.84076680299376,0,0,1,0,0,0,0,0
2022,7(a),12.583611,45.981944,Ammonia (NH3),10604.0,453.63377386022086,0,0,1,0,0,0,0,0
2022,2(e),14.2956,41.0225,Sulphur oxides (SOX),315000.0,179.04284453919206,0,0,0,0,0,0,1,0
2022,1(c),15.7796,40.2672,Carbon dioxide (CO2),108026000.0,329.80239954425923,0,1,0,0,0,0,0,0
2023,1(c),8.4008,39.1962,Sulphur oxides (SOX),584466.3,458.5068450836283,0,1,0,0,0,0,0,0
2021,3(c),15.180555,37.194444,Nitrous oxide (N2O),227521.0,571.8128643506107,0,0,0,1,0,0,0,0
2023,7(a),11.9028,44.9869,Ammonia (NH3),18238.0,346.2654684343772,0,0,1,0,0,0,0,0
2023,1(c),11.5338,42.3589,Sulphur hexafluoride (SF6),88.05,94.19692549156771,0,1,0,0,0,0,0,0
2024,7(a),9.966944,45.443333,Ammonia (NH3),15110.0,443.08539861505756,0,0,1,0,0,0,0,0
2023,8(b),,,Nitrogen oxides (NOX),214979.3,,0,0,0,0,0,0,0,0
2023,7(a),10.6758,44.8297,Ammonia (NH3),18128.0,357.15954829832845,0,0,1,0,0,0,0,0
2023,3(e),13.2324,45.7701,Carbon dioxide (CO2),103879000.0,434.0513576127998,0,0,0,1,0,0,0,0
2022,1(c),15.2808,38.2019,Carbon dioxide (CO2),1838448879.0,474.81617636859517,0,1,0,0,0,0,0,0
2024,7(a),12.6888,46.0737,Ammonia (NH3),12119.0,464.0378532056598,0,0,1,0,0,0,0,0
2022,2(b),11.5006,45.5236,Mercury and compounds (as Hg),16.3993,410.48270996553,0,0,0,0,0,0,1,0
2023,7(a),9.8353,45.4525,Ammonia (NH3),95300.0,448.92643101605097,0,0,1,0,0,0,0,0
2021,7(a),10.3761,45.4758,Ammonia (NH3),11407.0,432.2894431922402,0,0,1,0,0,0,0,0
2022,3(c),9.81,44.7667,Carbon dioxide (CO2),473012000.0,385.45810832592576,0,0,0,1,0,0,0,0
2022,4(a),15.1752,37.2191,Benzene,4857.4,569.10296764055,1,0,0,0,0,0,0,0
2022,2(b),11.0,45.4333,Zinc and compounds (as Zn),2495.9642,410.5887775813313,0,0,0,0,0,0,1,0
2023,7(a),9.9181,45.2167,Ammonia (NH3),15130.0,422.96314899366496,0,0,1,0,0,0,0,0
2023,1(c),10.6167,44.7,Carbon dioxide (CO2),143941000.0,346.2112452441395,0,1,0,0,0,0,0,0
2024,4(a),12.2667,45.4594,Nitrogen oxides (NOX),298995.0,395.9064965826192,1,0,0,0,0,0,0,0
2024,5(d),10.9386,44.3408,Methane (CH4),179959.9,299.1115060532361,0,0,0,0,0,0,0,1
2024,7(a),12.7097,46.0478,Ammonia (NH3),67208.0,461.21837966978154,0,0,1,0,0,0,0,0
2024,7(a),10.0181,45.44,Ammonia (NH3),17759.0,440.88599281539393,0,0,1,0,0,0,0,0
2024,1(d),8.2897,44.3808,Benzene,2940.0,438.54873299619953,0,1,0,0,0,0,0,0
2023,1(a),15.1825,37.1791,Non-methane volatile organic compounds (NMVOC),123981.0,573.451982183205,0,1,0,0,0,0,0,0
2021,7(a),7.5633,44.6922,Ammonia (NH3),17860.0,505.3940875422444,0,0,1,0,0,0,0,0
2023,1(a),15.1905,37.2216,Non-methane volatile organic compounds (NMVOC),311771.0,569.3767495576742,0,1,0,0,0,0,0,0
2023,7(a),10.1525,45.2933,Ammonia (NH3),29450.0,421.5663200102679,0,0,1,0,0,0,0,0
2021,2(b),13.0778,46.2306,Nitrogen oxides (NOX),136230.0,483.46211416770933,0,0,0,0,0,0,1,0
2022,7(a),10.9701,44.9466,Ammonia (NH3),15988.0,360.18287048828904,0,0,1,0,0,0,0,0
2024,7(a),10.204,45.2189,Ammonia (NH3),13270.0,412.36641173141743,0,0,1,0,0,0,0,0
2022,3(c),8.6794,45.7794,Ammonia (NH3),23957.0,528.5578509656057,0,0,0,1,0,0,0,0
2021,7(a),10.9701,44.9466,Ammonia (NH3),15988.0,360.18287048828904,0,0,1,0,0,0,0,0
2021,1(a),8.8768,45.0997,Arsenic and compounds (as As),89.34,459.8924322368035,0,1,0,0,0,0,0,0
2023,1(c),10.6002,43.8233,Carbon dioxide (CO2),294337022.6,263.5896029410928,0,1,0,0,0,0,0,0
2021,4(a),14.6793,36.912727,Non-methane volatile organic compounds (NMVOC),192410.0,585.6491093157239,1,0,0,0,0,0,0,0
2024,6(b),8.7167,45.2333,Nitrogen oxides (NOX),268300.0,479.3398056935004,0,0,0,0,0,1,0,0
2023,7(a),13.29075,46.104806,Ammonia (NH3),14193.0,471.53415372095014,0,0,1,0,0,0,0,0
2023,7(a),11.0078,44.9839,Ammonia (NH3),10091.0,363.0517960221433,0,0,1,0,0,0,0,0
2021,3(c),,,Carbon dioxide (CO2),164799000.0,,0,0,0,1,0,0,0,0
2024,7(a),15.917222,41.855,Ammonia (NH3),6068.3836,283.24440313804433,0,0,1,0,0,0,0,0
2023,7(a),13.385475,42.0542,Ammonia (NH3),10900.0,75.39572084760931,0,0,1,0,0,0,0,0
2023,2(b),11.5083,45.5194,PCDD + PCDF (dioxins + furans) (as Teq),0.000168,409.9050166276053,0,0,0,0,0,0,1,0
2021,9(c),12.8154,45.8461,Non-methane volatile organic compounds (NMVOC),136000.0,439.2187649386811,0,0,0,0,1,0,0,0
2021,2(e),8.4079,39.2091,Lead and compounds (as Pb),228.8439,457.08909962129064,0,0,0,0,0,0,1,0
2022,1(c),11.7586,42.1275,Chlorine and inorganic compounds (as HCl),15100.0,65.87472663400173,0,1,0,0,0,0,0,0
2024,7(a),10.95,45.0817,Ammonia (NH3),10754.0,374.8234112634752,0,0,1,0,0,0,0,0
2021,7(a),15.598972,41.2495,Ammonia (NH3),16473.6,268.08945888555263,0,0,1,0,0,0,0,0
2023,1(c),12.2549,45.4458,Nitrogen oxides (NOX),140630.0,394.44153545873087,0,1,0,0,0,0,0,0
2022,1(a),15.1825,37.1791,Carbon dioxide (CO2),535059000.0,573.451982183205,0,1,0,0,0,0,0,0
2023,7(a),10.6799,44.785,Ammonia (NH3),15331.0,352.52149151379643,0,0,1,0,0,0,0,0
2023,7(a)(ii),9.958056,45.341111,Ammonia (NH3),12340.0,433.43844899973357,0,0,1,0,0,0,0,0
2022,2(e),12.2528,45.4722,Zinc and compounds (as Zn),761.51,397.3816107540915,0,0,0,0,0,0,1,0
2024,1(a),9.0113,39.0971,Nickel and compounds (as Ni),135.2542,429.0677199992063,0,1,0,0,0,0,0,0
2022,7(a)(ii),12.0749,44.8441,Ammonia (NH3),26023.0,328.8258218118225,0,0,1,0,0,0,0,0
2024,7(a),13.8453,42.7567,Ammonia (NH3),10151.0,145.9791480447949,0,0,1,0,0,0,0,0
2021,1(c),9.4794,45.0899,Cadmium and compounds (as Cd),13.57,429.82876504034436,0,1,0,0,0,0,0,0
2021,7(a),12.2114,43.1667,Ammonia (NH3),19907.0,142.46582393109662,0,0,1,0,0,0,0,0
2024,3(e),8.3089,44.4447,Cadmium and compounds (as Cd),18.93,441.7092860060149,0,0,0,1,0,0,0,0
2021,7(a),7.4491,44.8875,Ammonia (NH3),10220.0,525.6113859280752,0,0,1,0,0,0,0,0
2022,1(c),9.6831,45.3286,Methane (CH4),387163.0,443.1028237477304,0,1,0,0,0,0,0,0
2021,1(c),9.4,45.45,Methane (CH4),185895.0,466.3737875856662,0,1,0,0,0,0,0,0
2022,4(a),12.235556,44.4455,Non-methane volatile organic compounds (NMVOC),209552.0,283.52500163154707,1,0,0,0,0,0,0,0
2021,5(d),10.9386,44.3408,Methane (CH4),114800.3,299.1115060532361,0,0,0,0,0,0,0,1
2022,2(a),10.2269,45.5333,Zinc and compounds (as Zn),3889.7,442.934350852115,0,0,0,0,0,0,1,0
2021,9(c),13.4258,41.9964,Methane (CH4),331000.0,77.56184590909317,0,0,0,0,1,0,0,0
2023,7(a),9.4644,45.0793,Ammonia (NH3),39274.0,429.55709820131216,0,0,1,0,0,0,0,0
2023,7(a),12.7802,46.0838,Ammonia (NH3),38485.0,465.4590513926547,0,0,1,0,0,0,0,0
2024,1(a),10.3365,43.5872,Non-methane volatile organic compounds (NMVOC),162690.0,257.2528399694245,0,1,0,0,0,0,0,0
2024,1(a),15.1825,37.1791,Polychlorinated biphenyls (PCBs),0.446,573.451982183205,0,1,0,0,0,0,0,0
2022,2(b),10.3894,45.6392,Polychlorinated biphenyls (PCBs),0.216,448.5499430851952,0,0,0,0,0,0,1,0
2021,7(a),9.786667,45.4725,Ammonia (NH3),35729.0,452.7316675999643,0,0,1,0,0,0,0,0
2023,5(b),9.7325,45.0585,Carbon dioxide (CO2),111487000.0,415.70192378791603,0,0,0,0,0,0,0,1
2024,5(a),7.5856,45.0381,Zinc and compounds (as Zn),219.781,527.6333775226544,0,0,0,0,0,0,0,1
2023,4(e),7.7701,45.1432,Trichloromethane,2400.0,524.2692658113206,1,0,0,0,0,0,0,0
2021,8(b),10.3783,44.8144,Hydro-fluorocarbons (HFCS),507.2,366.21874731017965,0,0,0,0,0,0,0,0
2023,7(a),10.2145,45.3295,Ammonia (NH3),12522.0,422.9548821618038,0,0,1,0,0,0,0,0
2024,7(a),11.051317,45.006433,Ammonia (NH3),19660.0,364.2706792278206,0,0,1,0,0,0,0,0
2023,7(a),10.4549,45.5108,Ammonia (NH3),11569.0,433.41434876694893,0,0,1,0,0,0,0,0
2021,7(a),10.276667,45.269722,Ammonia (NH3),13350.0,414.838715260458,0,0,1,0,0,0,0,0
2024,3(e),12.4,45.783333,Nitrogen oxides (NOX),233572.2,431.5647360874732,0,0,0,1,0,0,0,0
2021,7(a),12.0559,44.1005,Ammonia (NH3),29947.0,246.9834682087975,0,0,1,0,0,0,0,0
2022,7(a),9.7061,45.1912,Ammonia (NH3),24292.0,429.20767398263763,0,0,1,0,0,0,0,0
2021,2(b),11.5083,45.5194,Zinc and compounds (as Zn),725.33,409.9050166276053,0,0,0,0,0,0,1,0
2021,7(a),10.6515,45.1018,Ammonia (NH3),19700.0,385.55249032410495,0,0,1,0,0,0,0,0
2023,7(a),9.509444,45.444444,Ammonia (NH3),35492.0,461.219145381014,0,0,1,0,0,0,0,0
2021,2(b),17.1999,40.5167,Copper and compounds (as Cu),630.28,422.49503361756746,0,0,0,0,0,0,1,0
2021,7(a),10.7811,45.2879,Ammonia (NH3),23484.0,400.92528303763004,0,0,1,0,0,0,0,0
2022,7(a),10.5753,44.9625,Ammonia (NH3),14561.0,373.88940280209664,0,0,1,0,0,0,0,0
2022,7(a),12.1595,44.9857,Ammonia (NH3),34632.0,343.8791914246525,0,0,1,0,0,0,0,0
2023,5(d),10.8921,45.443333,Nitrogen oxides (NOX),112466.0,414.2694772769566,0,0,0,0,0,0,0,1
2021,9(c),9.2209,45.7447,Non-methane volatile organic compounds (NMVOC),363000.0,501.441479219339,0,0,0,0,1,0,0,0
2022,1(a),13.3813,43.6395,Nitrogen oxides (NOX),357300.0,206.17477195412638,0,1,0,0,0,0,0,0
2024,2(b),11.0,45.4333,Arsenic and compounds (as As),29.6,410.5887775813313,0,0,0,0,0,0,1,0
2023,1(c),15.1825,37.1791,Nitrogen oxides (NOX),311380.0,573.451982183205,0,1,0,0,0,0,0,0
2022,3(a),15.8972,40.3136,Nitrogen oxides (NOX),229400.0,335.23428566249964,0,0,0,1,0,0,0,0
2023,7(a),9.7364,45.2351,Ammonia (NH3),43546.0,432.06991799589383,0,0,1,0,0,0,0,0
2022,2(e),8.4079,39.2091,Zinc and compounds (as Zn),840.0452,457.08909962129064,0,0,0,0,0,0,1,0
2021,3(c),12.7394,46.1778,Carbon monoxide (CO),1152623.0,475.75427963107893,0,0,0,1,0,0,0,0
2023,4(b),10.3175,43.575,Nitrogen oxides (NOX),101888.0,257.34910074340945,1,0,0,0,0,0,0,0
2024,1(a),15.1905,37.2216,Nitrogen oxides (NOX),2357386.9,569.3767495576742,0,1,0,0,0,0,0,0
2021,1(c),7.6105,45.103,Carbon dioxide (CO2),904849000.0,530.7746030181577,0,1,0,0,0,0,0,0
2022,4(b),10.4504,43.3818,Hydro-fluorocarbons (HFCS),4221.0,234.6188042568021,1,0,0,0,0,0,0,0
2021,7(a),12.0861,44.102,Ammonia (NH3),14655.0,246.80460273120823,0,0,1,0,0,0,0,0
2023,3(c),15.6736,40.9497,Nitrogen oxides (NOX),275631.0,285.2888248631794,0,0,0,1,0,0,0,0
2022,3(c),12.7167,42.0001,Nitrogen oxides (NOX),497600.0,21.188596822069414,0,0,0,1,0,0,0,0
2021,5(d),12.2707,43.2088,Methane (CH4),1458500.0,146.3923527518459,0,0,0,0,0,0,0,1
2023,7(a),12.6181,42.8308,Ammonia (NH3),10470.0,103.67211424923143,0,0,1,0,0,0,0,0
2021,7(a),10.8836,44.9178,Ammonia (NH3),32200.0,359.65515938708734,0,0,1,0,0,0,0,0
2022,7(a),9.7744,45.5614,Ammonia (NH3),10186.0,461.80887571490143,0,0,1,0,0,0,0,0
2023,4(a),15.1752,37.2191,Carbon dioxide (CO2),261391000.0,569.10296764055,1,0,0,0,0,0,0,0
2023,8(b),8.0236,44.6986,Carbon dioxide (CO2),209288000.0,477.0019609773903,0,0,0,0,0,0,0,0
2024,7(a),12.1425,46.1319,Ammonia (NH3),11977.0,471.1037214234051,0,0,1,0,0,0,0,0
2022,7(a),10.6515,45.1018,Ammonia (NH3),15808.0,385.55249032410495,0,0,1,0,0,0,0,0
2021,7(a),10.7597,44.9633,Ammonia (NH3),10831.0,368.0487575899815,0,0,1,0,0,0,0,0
2021,9(c),13.4258,41.9964,Hydro-fluorocarbons (HFCS),190.0,77.56184590909317,0,0,0,0,1,0,0,0
2024,5(b),14.3883,40.9667,Nitrogen oxides (NOX),256445.8,188.96086567559271,0,0,0,0,0,0,0,1
2022,3(c),10.963889,46.040556,Ammonia (NH3),11902.0,476.13534821064076,0,0,0,1,0,0,0,0
2021,3(e),10.4017,43.7194,Nitrogen oxides (NOX),104017.0,264.55411578451634,0,0,0,1,0,0,0,0
2023,5(d),8.5178,44.9339,Methane (CH4),270100.0,465.56260610650116,0,0,0,0,0,0,0,1
2024,5(d),12.3233,43.9819,Methane (CH4),205390.0,231.6141855914539,0,0,0,0,0,0,0,1
2021,7(a),11.9464,45.7189,Ammonia (NH3),19537.0,426.6166354354654,0,0,1,0,0,0,0,0
2022,2(b),10.2269,45.5333,Zinc and compounds (as Zn),997.5245,442.934350852115,0,0,0,0,0,0,1,0
2022,7(a),10.8663,44.6733,Ammonia (NH3),10538.0,335.1117411102934,0,0,1,0,0,0,0,0
2021,7(a),12.3806,45.9436,Ammonia (NH3),16457.0,449.41201775218593,0,0,1,0,0,0,0,0
2024,7(a),12.184,44.224,Ammonia (NH3),24998.0,259.3497803053749,0,0,1,0,0,0,0,0
2022,2(d),12.1489,45.5169,Copper and compounds (as Cu),200.02,402.8378534703248,0,0,0,0,0,0,1,0
2023,1(c),9.6491,45.2219,Carbon dioxide (CO2),474170591.3,434.4931203224939,0,1,0,0,0,0,0,0
2023,7(a),10.0538,45.488,Ammonia (NH3),19341.0,444.34274870361514,0,0,1,0,0,0,0,0
2021,7(a),12.1202,45.315,Ammonia (NH3),21520.0,380.62504314893107,0,0,1,0,0,0,0,0
2021,4(a),10.8376,45.1457,Benzene,1482.8211,384.57325764280205,1,0,0,0,0,0,0,0
2024,3(c),12.7167,42.0001,Nitrogen oxides (NOX),406136.0,21.188596822069414,0,0,0,1,0,0,0,0
2024,7(a),12.0903,44.1594,Ammonia (NH3),25071.0,253.08325699390863,0,0,1,0,0,0,0,0
2024,2(b),17.1999,40.5167,Chlorine and inorganic compounds (as HCl),10000.0,422.49503361756746,0,0,0,0,0,0,1,0
2022,4(a),12.2363,45.4438,Carbon dioxide (CO2),320499480.0,394.29587462725914,1,0,0,0,0,0,0,0
2022,7(a),10.5667,45.0378,Ammonia (NH3),10900.0,381.7658808010593,0,0,1,0,0,0,0,0
2023,7(a),9.7522,45.4597,Ammonia (NH3),50750.0,452.8383352362398,0,0,1,0,0,0,0,0
2024,5(d),10.8733,45.4213,Methane (CH4),287228.0,412.4253255187534,0,0,0,0,0,0,0,1
2021,2(b),7.9431,44.3878,Zinc and compounds (as Zn),291.0,461.19956903962077,0,0,0,0,0,0,1,0
2023,1(a),15.1825,37.1791,Nitrogen oxides (NOX),421937.0,573.451982183205,0,1,0,0,0,0,0,0
2024,2(b),10.2008,45.6489,Arsenic and compounds (as As),28.0,455.4495951039566,0,0,0,0,0,0,1,0
2024,3(a),15.8972,40.3136,Nitrogen oxides (NOX),180740.4,335.23428566249964,0,0,0,1,0,0,0,0
2022,1(c),10.8354,45.149,Carbon dioxide (CO2),1719017866.0,384.9776214382663,0,1,0,0,0,0,0,0
2021,3(c),15.6736,40.9497,Nitrogen oxides (NOX),337770.0,285.2888248631794,0,0,0,1,0,0,0,0
2022,4(a),11.3403,44.3806,Non-methane volatile organic compounds (NMVOC),115000.0,291.0394415614443,1,0,0,0,0,0,0,0
2022,3(e),9.093056,45.429722,Nitrogen oxides (NOX),194110.0,478.16514829891844,0,0,0,1,0,0,0,0
2023,4(b),10.4739,43.4089,Carbon dioxide (CO2),257547000.0,235.36059793219042,1,0,0,0,0,0,0,0
2023,7(a),8.876111,45.638611,Ammonia (NH3),12613.0,506.88873597426,0,0,1,0,0,0,0,0
2021,9(c),8.9946,45.6018,Non-methane volatile organic compounds (NMVOC),588036.0,498.16775196513777,0,0,0,0,1,0,0,0
2022,2(d),9.6606,45.6228,Benzene,1555.0,472.1129597083399,0,0,0,0,0,0,1,0
2024,7(a),9.8837,45.2535,Ammonia (NH3),16756.0,427.85533723073735,0,0,1,0,0,0,0,0
2021,5(c),16.232472,38.858111,Ammonia (NH3),311140.0,463.33112205061144,0,0,0,0,0,0,0,1
2023,3(a),16.0871,40.4101,Carbon dioxide (CO2),163581000.0,343.3499001389804,0,0,0,1,0,0,0,0
2021,7(a),10.7625,45.335555,Ammonia (NH3),18019.3,406.39615570483915,0,0,1,0,0,0,0,0
2022,7(a),12.709653,46.047758,Ammonia (NH3),19798.0,461.21357397350914,0,0,1,0,0,0,0,0
2022,1(a),15.1825,37.1791,Non-methane volatile organic compounds (NMVOC),211026.0,573.451982183205,0,1,0,0,0,0,0,0
2023,7(a),10.7642,45.29,Ammonia (NH3),21624.0,401.6137784790315,0,0,1,0,0,0,0,0
2021,7(a),10.0414,45.2144,Ammonia (NH3),30645.0,417.9548551413256,0,0,1,0,0,0,0,0
2023,7(a),7.8898,44.9805,Ammonia (NH3),20348.0,505.2549258306158,0,0,1,0,0,0,0,0
2021,7(a),12.1286,44.1903,Ammonia (NH3),10310.0,256.10749036609167,0,0,1,0,0,0,0,0
2021,3(c),18.1997,40.1678,Nitrogen oxides (NOX),658000.0,515.6671288858599,0,0,0,1,0,0,0,0
2021,1(c),7.7516,45.1622,Nitrogen oxides (NOX),215657.1,526.7586534673983,0,1,0,0,0,0,0,0
2024,6(b),12.2345,44.9115,Ammonia (NH3),53340.0,335.21991004178903,0,0,0,0,0,1,0,0
2023,3(c),13.2503,38.190833,Nitrogen oxides (NOX),387927.0,417.7054329667705,0,0,0,1,0,0,0,0
2024,2(a),10.2269,45.5333,Nitrogen oxides (NOX),282033.4,442.934350852115,0,0,0,0,0,0,1,0
2024,9(c),11.3992,45.3093,Non-methane volatile organic compounds (NMVOC),242379.0,388.93979019538864,0,0,0,0,1,0,0,0
2023,4(e),9.3585,45.5945,Hydro-fluorocarbons (HFCS),178.0,481.61083842064687,1,0,0,0,0,0,0,0
2022,7(a)(ii),8.9981,45.1747,Ammonia (NH3),15193.0,460.2036883825491,0,0,1,0,0,0,0,0
2021,3(e),13.2324,45.7701,Chlorine and inorganic compounds (as HCl),11300.0,434.0513576127998,0,0,0,1,0,0,0,0
2022,7(a),13.1978,46.0033,Ammonia (NH3),21450.0,459.3932605825412,0,0,1,0,0,0,0,0
2024,7(a),9.8306,45.5139,Ammonia (NH3),11179.0,455.0647377577469,0,0,1,0,0,0,0,0
2024,7(a),10.1992,45.4786,Ammonia (NH3),17890.0,438.366642760002,0,0,1,0,0,0,0,0
2021,7(a),10.82,44.6061,Ammonia (NH3),25787.0,329.8104764377515,0,0,1,0,0,0,0,0
2023,7(a),10.2358,45.2931,Ammonia (NH3),20300.0,418.5897015482794,0,0,1,0,0,0,0,0
2022,2(b),17.1999,40.5167,Nitrogen oxides (NOX),3818300.0,422.49503361756746,0,0,0,0,0,0,1,0
2021,7(a),10.6521,44.8698,Ammonia (NH3),22250.0,361.9904384237353,0,0,1,0,0,0,0,0
2022,7(a),12.07,44.62,Ammonia (NH3),20510.0,304.1040312988552,0,0,1,0,0,0,0,0
2021,7(a),9.9297,45.0903,Ammonia (NH3),32830.0,410.4182855616139,0,0,1,0,0,0,0,0
2024,7(a),12.1432,45.6082,Ammonia (NH3),12560.0,412.99579937624657,0,0,1,0,0,0,0,0
2022,7(a),10.9547,44.7678,Methane (CH4),142434.0,342.0878227945467,0,0,1,0,0,0,0,0
2022,1(c),10.4494,43.3816,Carbon dioxide (CO2),772019640.0,234.66174872826318,0,1,0,0,0,0,0,0
2022,7(a),16.0768,40.9085,Ammonia (NH3),118229.0,318.38896765571116,0,0,1,0,0,0,0,0
2022,1(c),12.2458,45.4313,Carbon dioxide (CO2),2872828241.7,392.8681219243284,0,1,0,0,0,0,0,0
2021,7(a),10.898994,44.985167,Ammonia (NH3),16411.0,366.1820399649486,0,0,1,0,0,0,0,0
2022,6(b),10.5667,44.9333,Nitrogen oxides (NOX),160120.0,371.24431001675197,0,0,0,0,0,1,0,0
2024,7(a),10.3511,45.3533,Ammonia (NH3),13660.0,420.69931035990237,0,0,1,0,0,0,0,0
2022,5(a),14.322,41.626,Chlorofluorocarbons (CFCs),28.2,154.5071221193467,0,0,0,0,0,0,0,1
2024,7(a),9.9667,45.2242,Ammonia (NH3),18620.0,421.7793827600452,0,0,1,0,0,0,0,0
2023,7(a),10.7811,45.2879,Ammonia (NH3),13723.0,400.92528303763004,0,0,1,0,0,0,0,0
2022,1(c),7.9005,45.1854,Nitrous oxide (N2O),16613.0,519.876589257793,0,1,0,0,0,0,0,0
2021,7(a),8.2072,45.3925,Ammonia (NH3),23400.0,519.1438594761113,0,0,1,0,0,0,0,0
2022,5(b),9.0706,45.5042,Chlorine and inorganic compounds (as HCl),12735.0,485.8999911744329,0,0,0,0,0,0,0,1
2024,7(a),10.2613,45.201,Ammonia (NH3),32660.0,408.54594083217023,0,0,1,0,0,0,0,0
2021,7(a),15.917222,41.855,Ammonia (NH3),25396.8,283.24440313804433,0,0,1,0,0,0,0,0
2022,1(c),10.6167,44.7,Carbon dioxide (CO2),141959000.0,346.2112452441395,0,1,0,0,0,0,0,0
2021,1(a),8.8768,45.0997,Benzene,2766.87,459.8924322368035,0,1,0,0,0,0,0,0
2023,4(b),12.25,44.45,Carbon dioxide (CO2),186766000.0,283.93915705228454,1,0,0,0,0,0,0,0
2022,7(a),11.06299695,44.94008451,Ammonia (NH3),10209.0,357.00387277993946,0,0,1,0,0,0,0,0
2023,2(b),13.0778,46.2306,Nitrogen oxides (NOX),116330.0,483.46211416770933,0,0,0,0,0,0,1,0
2021,7(a),10.7467,45.2418,Ammonia (NH3),37787.0,397.10992461724027,0,0,1,0,0,0,0,0
2021,4(b),11.5921,44.856,Ammonia (NH3),63053.0,336.40887356733657,1,0,0,0,0,0,0,0
2023,3(c),,,Nitrogen oxides (NOX),405337.0,,0,0,0,1,0,0,0,0
2022,1(c),9.4,45.45,Methane (CH4),315744.0,466.3737875856662,0,1,0,0,0,0,0,0
2022,1(c),18.0321,40.5638,Arsenic and compounds (as As),144.8053,486.1548254028064,0,1,0,0,0,0,0,0
2024,3(c),10.3444,45.5153,Ammonia (NH3),52807.0,437.306929605887,0,0,0,1,0,0,0,0
2024,7(a),12.0511,44.4681,Ammonia (NH3),11060.0,287.5226761084846,0,0,1,0,0,0,0,0
2021,7(a),10.666,45.0917,Ammonia (NH3),11620.0,384.07092050011505,0,0,1,0,0,0,0,0
2021,7(a),8.4634,45.4033,Ammonia (NH3),12680.0,506.5989693847183,0,0,1,0,0,0,0,0
2022,3(c),12.487222,42.539722,Nitrogen oxides (NOX),234680.0,70.82652735983251,0,0,0,1,0,0,0,0
2022,1(c),8.4308,44.2766,Nitrogen oxides (NOX),189000.0,422.5973244927098,0,1,0,0,0,0,0,0
2024,7(a),11.7678,44.9256,Ammonia (NH3),11727.0,341.22881990238113,0,0,1,0,0,0,0,0
2023,8(b),11.3028,45.0292,Nitrogen oxides (NOX),186906.0,360.72672194530134,0,0,0,0,0,0,0,0
2021,3(e),8.3089,44.4447,Nitrogen oxides (NOX),289899.0,441.7092860060149,0,0,0,1,0,0,0,0
2024,7(a),9.3512,45.1834,Ammonia (NH3),14074.0,444.1401429047182,0,0,1,0,0,0,0,0
2021,6(b),10.7984,45.1776,Carbon dioxide (CO2),131431000.0,388.9877888059075,0,0,0,0,0,1,0,0
2022,1(c),7.9005,45.1854,Carbon monoxide (CO),657609.0,519.876589257793,0,1,0,0,0,0,0,0
2024,7(a),9.173889,45.469167,Ammonia (NH3),17338.0,478.05873061814333,0,0,1,0,0,0,0,0
2022,7(a),12.3811,44.0086,Ammonia (NH3),30732.0,234.34213329577935,0,0,1,0,0,0,0,0
2021,1(a),17.193,40.4892,Carbon dioxide (CO2),985618000.0,423.1599159692294,0,1,0,0,0,0,0,0
2022,7(a)(ii),9.781944,45.115,Ammonia (NH3),17116.0,418.865996918717,0,0,1,0,0,0,0,0
2024,1(c),8.7397,45.6203,Carbon dioxide (CO2),128369000.0,511.6199893408119,0,1,0,0,0,0,0,0
2024,6(b),10.5667,44.9333,Nitrogen oxides (NOX),182260.0,371.24431001675197,0,0,0,0,0,1,0,0
2021,7(a),7.683,45.188,Ammonia (NH3),12600.0,532.6819879183805,0,0,1,0,0,0,0,0
2022,7(a),10.3167,45.4667,Ammonia (NH3),22350.0,433.27253012501194,0,0,1,0,0,0,0,0
2022,7(a),11.7359,45.5142,Nitrous oxide (N2O),10118.0,406.1895407298534,0,0,1,0,0,0,0,0
2022,3(c),11.7543,45.6298,Nitrogen oxides (NOX),216332.0,418.68038827244806,0,0,0,1,0,0,0,0
2021,7(a),12.444467,42.587058,Ammonia (NH3),135290.0,76.20600973281782,0,0,1,0,0,0,0,0
2022,7(a),11.0078,44.9839,Ammonia (NH3),10091.0,363.0517960221433,0,0,1,0,0,0,0,0
2022,1(c),18.0321,40.5638,Sulphur oxides (SOX),2032539.0,486.1548254028064,0,1,0,0,0,0,0,0
2021,1(a),15.1905,37.2216,Nickel and compounds (as Ni),284.8233,569.3767495576742,0,1,0,0,0,0,0,0
2021,3(e),8.2708,44.9044,Nitrogen oxides (NOX),136900.0,477.2936154197091,0,0,0,1,0,0,0,0
2023,1(a),10.3365,43.5872,Non-methane volatile organic compounds (NMVOC),257150.0,257.2528399694245,0,1,0,0,0,0,0,0
2022,8(b),12.5268,43.0992,Ammonia (NH3),16516.0,133.05694911591047,0,0,0,0,0,0,0,0
2021,3(c),10.093611,45.737778,Nitrogen oxides (NOX),399300.0,467.92007572776174,0,0,0,1,0,0,0,0
2024,1(c),8.9733,45.0286,Nitrogen oxides (NOX),239498.0,448.95765443327025,0,1,0,0,0,0,0,0
2024,7(a),7.851667,44.576111,Ammonia (NH3),14990.0,479.36895543929313,0,0,1,0,0,0,0,0
2022,4(c),11.365556,45.5025,Ammonia (NH3),22539.9,410.4487397514657,1,0,0,0,0,0,0,0
2023,7(a),10.403,45.0662,Ammonia (NH3),10478.0,390.1632110520144,0,0,1,0,0,0,0,0
2024,4(e),9.3747,45.4044,Non-methane volatile organic compounds (NMVOC),557000.0,463.2452754182313,1,0,0,0,0,0,0,0
2021,7(a),16.0768,40.9085,Ammonia (NH3),95181.0,318.38896765571116,0,0,1,0,0,0,0,0
2023,2(d),13.225,43.1525,Zinc and compounds (as Zn),821.0,151.24208336624883,0,0,0,0,0,0,1,0
2021,3(c),10.3444,45.5153,Benzene,3816.0,437.306929605887,0,0,0,1,0,0,0,0
2024,4(a),,,Nitrogen oxides (NOX),113136.0,,1,0,0,0,0,0,0,0
2023,3(c),12.7394,46.1778,Carbon dioxide (CO2),423066010.0,475.75427963107893,0,0,0,1,0,0,0,0
2023,7(a),12.3486,45.6836,Ammonia (NH3),13093.0,420.5728976213861,0,0,1,0,0,0,0,0
2022,7(a)(i),9.393611,46.250833,Ammonia (NH3),11180.0,543.2011828119051,0,0,1,0,0,0,0,0
2021,7(a),9.938611,45.388333,Ammonia (NH3),11870.0,438.7688725846422,0,0,1,0,0,0,0,0
2022,9(c),9.7139,45.0506,Non-methane volatile organic compounds (NMVOC),582200.0,415.77642007803644,0,0,0,0,1,0,0,0
2024,2(b),10.2008,45.6489,Zinc and compounds (as Zn),389.12,455.4495951039566,0,0,0,0,0,0,1,0
2022,7(a),11.0075,44.9942,Ammonia (NH3),34456.0,364.1372799092765,0,0,1,0,0,0,0,0
2024,7(a),12.2123,44.9979,Ammonia (NH3),14599.8,344.92200432794266,0,0,1,0,0,0,0,0
2021,7(a),9.8061,45.1922,Ammonia (NH3),81580.0,425.14004008084015,0,0,1,0,0,0,0,0
2022,7(a),9.715278,45.503845,Ammonia (NH3),16416.0,458.52873817223474,0,0,1,0,0,0,0,0
2024,7(a),11.0885,44.9487,Ammonia (NH3),14058.0,357.24733520922206,0,0,1,0,0,0,0,0
2023,7(a),12.0059,44.1581,Ammonia (NH3),13862.0,253.92589573596723,0,0,1,0,0,0,0,0
2021,2(e),8.774444,39.550278,Lead and compounds (as Pb),368.0,408.33604857150374,0,0,0,0,0,0,1,0
2024,7(a),10.3675,45.3131,Ammonia (NH3),10662.0,416.10655052091795,0,0,1,0,0,0,0,0
2023,7(a),11.051317,45.006433,Ammonia (NH3),18434.0,364.2706792278206,0,0,1,0,0,0,0,0
2023,7(a)(ii),7.9185,45.2776,Ammonia (NH3),10780.0,525.902779792002,0,0,1,0,0,0,0,0
2023,2(b),12.6667,42.5667,Nitrogen oxides (NOX),585500.0,75.14187357873665,0,0,0,0,0,0,1,0
2021,7(a)(ii),9.2286,45.225,Ammonia (NH3),14799.0,453.5506780441767,0,0,1,0,0,0,0,0
2022,9(c),14.6975,40.7322,Non-methane volatile organic compounds (NMVOC),191748.0,225.2292308000999,0,0,0,0,1,0,0,0
2022,2(e),9.8061,45.1922,Carbon monoxide (CO),687910.0,425.14004008084015,0,0,0,0,0,0,1,0
2023,5(d),12.1436,44.0833,Methane (CH4),360870.9,244.15178584014328,0,0,0,0,0,0,0,1
2024,7(a),10.0802,45.3384,Ammonia (NH3),10613.0,428.6304708525926,0,0,1,0,0,0,0,0
2024,7(a),10.4417,44.6222,Ammonia (NH3),10700.0,345.1045255408196,0,0,1,0,0,0,0,0
2021,3(e),10.6864,43.8683,Arsenic and compounds (as As),22.0,263.6362401569864,0,0,0,1,0,0,0,0
2021,7(a),9.8353,45.4525,Ammonia (NH3),124970.0,448.92643101605097,0,0,1,0,0,0,0,0
2021,1(c),11.4777,43.5643,Nitrogen oxides (NOX),221575.1,202.61650375491504,0,1,0,0,0,0,0,0
2022,5(d),11.5667,44.6333,Methane (CH4),269694.4,312.80361908016346,0,0,0,0,0,0,0,1
2021,7(a),10.879492,45.229942,Ammonia (NH3),16005.0,392.2042619421258,0,0,1,0,0,0,0,0
2021,7(a)(i),13.2869,45.9403,Ammonia (NH3),28390.0,453.3849634237648,0,0,1,0,0,0,0,0
2023,7(a),8.553056,45.589444,Ammonia (NH3),17233.0,517.9163993349813,0,0,1,0,0,0,0,0
2021,5(b),10.2114,45.5119,Chlorine and inorganic compounds (as HCl),25214.5,441.2971093995787,0,0,0,0,0,0,0,1
2023,1(c),9.8308,44.0738,Methane (CH4),1291475.0,324.4389984142978,0,1,0,0,0,0,0,0
2024,7(a),12.6429,42.763483,Ammonia (NH3),26140.0,96.45819290976303,0,0,1,0,0,0,0,0
2021,7(a),12.0931,44.0156,Ammonia (NH3),12916.0,237.21300189325453,0,0,1,0,0,0,0,0
2024,7(a),12.805,45.9131,Ammonia (NH3),35887.0,446.60873598737766,0,0,1,0,0,0,0,0
2022,1(c),7.9005,45.1854,Carbon dioxide (CO2),1122827935.0,519.876589257793,0,1,0,0,0,0,0,0
2022,7(a),12.359722,44.133889,Ammonia (NH3),16864.0,248.33438557468116,0,0,1,0,0,0,0,0
2024,1(c),11.313167,45.019778,Nitrogen oxides (NOX),183503.4,359.4962804968079,0,1,0,0,0,0,0,0
2023,7(a),10.0181,45.44,Ammonia (NH3),12676.0,440.88599281539393,0,0,1,0,0,0,0,0
2022,7(a),10.5739,44.9908,Ammonia (NH3),20300.0,376.78616163868645,0,0,1,0,0,0,0,0
2022,1(c),8.8666,45.1002,Nitrous oxide (N2O),45970.0,460.4565851575858,0,1,0,0,0,0,0,0
2022,7(a)(i),13.8773,42.6617,Ammonia (NH3),12500.0,141.51102503888478,0,0,1,0,0,0,0,0
2022,7(a),10.5469,44.9964,Ammonia (NH3),29186.0,378.2513880849198,0,0,1,0,0,0,0,0
2021,1(c),9.6831,45.3286,Methane (CH4),425135.0,443.1028237477304,0,1,0,0,0,0,0,0
2021,7(a),12.9669,46.1539,Ammonia (NH3),10790.0,474.19245201438366,0,0,1,0,0,0,0,0
2021,1(c),10.4494,43.3822,Nitrous oxide (N2O),15049.0,234.7079187361305,0,1,0,0,0,0,0,0
2023,7(a),12.313056,43.941667,Ammonia (NH3),20808.0,227.2024811025456,0,0,1,0,0,0,0,0
2021,7(a),13.3268,46.0815,Ammonia (NH3),17470.0,469.366932158377,0,0,1,0,0,0,0,0
2022,1(c),18.0321,40.5638,Carbon monoxide (CO),573934.8,486.1548254028064,0,1,0,0,0,0,0,0
2024,7(a),12.5004,42.7933,Ammonia (NH3),14850.0,99.01962777935793,0,0,1,0,0,0,0,0
2022,1(a),9.0113,39.0971,Non-methane volatile organic compounds (NMVOC),513096.6,429.0677199992063,0,1,0,0,0,0,0,0
2022,3(e),9.08,45.417778,Arsenic and compounds (as As),26.28,477.6953317555612,0,0,0,1,0,0,0,0
2021,7(a),10.6411,45.3053,Ammonia (NH3),21229.0,406.7342125644568,0,0,1,0,0,0,0,0
2024,4(b),12.2333,44.4333,Sulphur oxides (SOX),1529269.2,282.1861503637189,1,0,0,0,0,0,0,0
2023,7(a),9.468721,45.105099,Ammonia (NH3),12190.0,431.6913705194391,0,0,1,0,0,0,0,0
2022,6(b),10.5167,44.9167,Nitrogen oxides (NOX),286000.0,371.29893725265117,0,0,0,0,0,1,0,0
2023,3(e),8.3269,44.3328,Zinc and compounds (as Zn),288.0,432.96114215749304,0,0,0,1,0,0,0,0
2024,7(a),10.8179,45.0899,Ammonia (NH3),33793.0,379.3479112993645,0,0,1,0,0,0,0,0
2021,2(a),10.2269,45.5333,Copper and compounds (as Cu),233.35,442.934350852115,0,0,0,0,0,0,1,0
2021,1(a),15.1905,37.2216,Zinc and compounds (as Zn),623.0584,569.3767495576742,0,1,0,0,0,0,0,0
2023,3(c),9.7192,40.5425,Carbon dioxide (CO2),149275537.0,277.1588315763164,0,0,0,1,0,0,0,0
2023,2(b),10.459167,45.4625,Nitrogen oxides (NOX),153431.2,428.34294478117357,0,0,0,0,0,0,1,0
2021,2(b),12.6667,42.5667,Non-methane volatile organic compounds (NMVOC),143800.0,75.14187357873665,0,0,0,0,0,0,1,0
2023,1(a),8.9466,44.5752,Nitrogen oxides (NOX),102460.9,413.42809160734026,0,1,0,0,0,0,0,0
2021,7(a),12.3579,45.8274,Ammonia (NH3),12057.5,436.5366308911425,0,0,1,0,0,0,0,0
2023,1(c),17.2152,40.5108,Nitrogen oxides (NOX),1053900.0,423.94185302872364,0,1,0,0,0,0,0,0
2022,7(a),12.6558,46.1008,Ammonia (NH3),10196.0,466.97008663548957,0,0,1,0,0,0,0,0
2024,7(a),11.0014,44.9542,Ammonia (NH3),16436.0,360.119946404735,0,0,1,0,0,0,0,0
2023,7(a)(ii),9.7425,45.21,Ammonia (NH3),16334.0,429.4498027026977,0,0,1,0,0,0,0,0
2022,1(a),8.7858,45.4372,Nitrous oxide (N2O),11727.2,493.3600021474541,0,1,0,0,0,0,0,0
2024,5(b),9.6097,45.6356,Carbon dioxide (CO2),204780500.0,475.32489616255566,0,0,0,0,0,0,0,1
2023,7(a),8.1345,45.4249,Ammonia (NH3),15062.0,525.6569957465897,0,0,1,0,0,0,0,0
2023,7(a),11.060595,45.552892,Ammonia (NH3),19755.0,421.93026850976213,0,0,1,0,0,0,0,0
2022,3(c),13.0042,41.7367,Ammonia (NH3),23597.0,45.95489691933602,0,0,0,1,0,0,0,0
2023,1(c),15.1825,37.1791,Cadmium and compounds (as Cd),32.02,573.451982183205,0,1,0,0,0,0,0,0
2021,2(b),12.6667,42.5667,Nitrogen oxides (NOX),728700.0,75.14187357873665,0,0,0,0,0,0,1,0
2024,7(a),7.7847,44.5853,Ammonia (NH3),15599.0,484.23863177920754,0,0,1,0,0,0,0,0
2021,7(a)(ii),8.4515,44.8639,Ammonia (NH3),12900.0,463.84879971719874,0,0,1,0,0,0,0,0
2021,1(c),11.7654,42.1231,Nitrous oxide (N2O),18580.0,65.17174386427507,0,1,0,0,0,0,0,0
2023,7(a),11.3586,45.1281,Ammonia (NH3),13938.0,370.1756752096091,0,0,1,0,0,0,0,0
2022,7(a),13.016944,45.884722,Ammonia (NH3),11930.0,444.7269105358692,0,0,1,0,0,0,0,0
2024,3(c),12.6178,43.2844,Nitrogen oxides (NOX),672600.0,153.94793754868223,0,0,0,1,0,0,0,0
2021,5(d),11.5881,45.1389,Methane (CH4),137250.0,367.20775494242633,0,0,0,0,0,0,0,1
2023,5(b),11.5535,44.8605,Carbon dioxide (CO2),146202000.0,337.58657673341173,0,0,0,0,0,0,0,1
2023,7(a),13.2389,43.4199,Ammonia (NH3),20256.0,179.2846937786241,0,0,1,0,0,0,0,0
2024,7(a),12.359722,44.133889,Ammonia (NH3),14609.0,248.33438557468116,0,0,1,0,0,0,0,0
2023,5(b),12.6615,42.5806,Carbon dioxide (CO2),107784743.7,76.58347838215289,0,0,0,0,0,0,0,1
2022,3(e),10.8997,43.7139,Sulphur oxides (SOX),319521.0,239.8251737876945,0,0,0,1,0,0,0,0
2023,1(c),10.4494,43.3816,Carbon dioxide (CO2),724356101.0,234.66174872826318,0,1,0,0,0,0,0,0
2021,3(c),12.6178,43.2844,Nitrous oxide (N2O),13400.0,153.94793754868223,0,0,0,1,0,0,0,0
2022,1(a),15.219444,37.135556,Zinc and compounds (as Zn),530.05,579.1857861069731,0,1,0,0,0,0,0,0
2021,7(a),9.965,45.4225,Ammonia (NH3),11639.0,441.1174265991551,0,0,1,0,0,0,0,0
2021,7(a),12.072778,43.773333,Ammonia (NH3),22129.0,210.84140240881993,0,0,1,0,0,0,0,0
2024,3(e),8.8501,45.4651,Sulphur oxides (SOX),169500.0,492.7017569508096,0,0,0,1,0,0,0,0
2024,1(a),8.7858,45.4372,"1,1,1-trichloroethane (TCE-1,1,1)",290.9303,493.3600021474541,0,1,0,0,0,0,0,0
2024,3(c),9.7186,45.0497,Ammonia (NH3),22262.0,415.4886311061949,0,0,0,1,0,0,0,0
2022,3(c),13.2503,38.190833,Carbon dioxide (CO2),283188000.0,417.7054329667705,0,0,0,1,0,0,0,0
2021,3(c),13.0042,41.7367,Ammonia (NH3),35832.0,45.95489691933602,0,0,0,1,0,0,0,0
2024,7(a),10.1297,44.8472,Ammonia (NH3),29643.0,379.1454686981345,0,0,1,0,0,0,0,0
2023,7(a),10.885,44.5614,Ammonia (NH3),40315.0,323.14673751838654,0,0,1,0,0,0,0,0
2023,7(a),10.3124,45.0493,Ammonia (NH3),34190.0,391.71118621286234,0,0,1,0,0,0,0,0
2024,2(b),11.5083,45.5194,Zinc and compounds (as Zn),1431.8471,409.9050166276053,0,0,0,0,0,0,1,0
2021,1(c),15.1825,37.1791,Carbon dioxide (CO2),921244578.2,573.451982183205,0,1,0,0,0,0,0,0
2023,1(c),14.2297,41.0088,Carbon dioxide (CO2),256910000.0,175.34271516200758,0,1,0,0,0,0,0,0
2023,9(c),8.9967,45.6008,Non-methane volatile organic compounds (NMVOC),158720.0,497.98225290146166,0,0,0,0,1,0,0,0
2023,7(a),10.6521,44.8698,Ammonia (NH3),15002.0,361.9904384237353,0,0,1,0,0,0,0,0
2023,7(a),10.553056,45.185556,Ammonia (NH3),44086.0,397.1790789748979,0,0,1,0,0,0,0,0
2021,2(e),12.2528,45.4722,Zinc and compounds (as Zn),761.51,397.3816107540915,0,0,0,0,0,0,1,0
2021,7(a),9.4467,45.5417,Ammonia (NH3),20013.0,472.97217380983216,0,0,1,0,0,0,0,0
2024,3(c),8.6794,45.7794,Carbon monoxide (CO),914420.0,528.5578509656057,0,0,0,1,0,0,0,0
2024,5(b),9.0706,45.5042,Carbon dioxide (CO2),296456771.2,485.8999911744329,0,0,0,0,0,0,0,1
2022,7(a),11.0812,45.076,Ammonia (NH3),11628.0,370.8371695722947,0,0,1,0,0,0,0,0
2022,7(a),9.7789,45.2344,Ammonia (NH3),18388.0,430.2535810993312,0,0,1,0,0,0,0,0
2021,7(a),11.0957,45.1357,Ammonia (NH3),13352.0,376.7894877561654,0,0,1,0,0,0,0,0
2022,3(e),7.5908,44.3867,Sulphur oxides (SOX),191740.4,484.3039076585716,0,0,0,1,0,0,0,0
2022,3(e),10.3858,43.7061,Nitrogen oxides (NOX),317350.0,264.2817592979229,0,0,0,1,0,0,0,0
2024,2(b),9.5969,45.6425,Zinc and compounds (as Zn),581.9499,476.48876713324137,0,0,0,0,0,0,1,0
2022,9(c),11.3515,45.5088,Non-methane volatile organic compounds (NMVOC),136111.0,411.38178789770933,0,0,0,0,1,0,0,0
2022,7(a),12.3759,42.7561,Ammonia (NH3),18500.0,95.39826857041656,0,0,1,0,0,0,0,0
2022,2(b),10.459167,45.4625,Nitrogen oxides (NOX),171828.9,428.34294478117357,0,0,0,0,0,0,1,0
2022,2(e),16.259166,38.876111,Lead and compounds (as Pb),1250.0,463.3928428836889,0,0,0,0,0,0,1,0
2021,7(a),9.98,45.2831,Ammonia (NH3),16510.0,426.9677819082548,0,0,1,0,0,0,0,0
2024,5(a),12.047,45.377542,Chlorofluorocarbons (CFCs),40.76,388.0604555525377,0,0,0,0,0,0,0,1
2023,3(c),13.258717,42.463755,Benzene,1267.55,88.52024109973759,0,0,0,1,0,0,0,0
2022,7(a),11.5146,44.6432,Ammonia (NH3),14226.0,314.9081248612696,0,0,1,0,0,0,0,0
2023,7(a),11.7359,45.5142,Ammonia (NH3),49700.0,406.1895407298534,0,0,1,0,0,0,0,0
2023,7(a),12.0861,44.102,Ammonia (NH3),15503.0,246.80460273120823,0,0,1,0,0,0,0,0
2023,3(c),16.6569,40.6753,Carbon dioxide (CO2),390621000.0,373.3984326170081,0,0,0,1,0,0,0,0
2022,3(e),12.6167,41.55,Nitrogen oxides (NOX),263100.0,40.47997255590173,0,0,0,1,0,0,0,0
2024,1(c),12.236944,44.448611,Nitrogen oxides (NOX),591992.0,283.861566092513,0,1,0,0,0,0,0,0
2024,7(a),9.9372,45.3986,Ammonia (NH3),14260.0,439.8221330064688,0,0,1,0,0,0,0,0
2022,7(a),9.9181,45.2167,Ammonia (NH3),17700.0,422.96314899366496,0,0,1,0,0,0,0,0
2022,7(a),10.6799,44.785,Ammonia (NH3),16650.0,352.52149151379643,0,0,1,0,0,0,0,0
2021,2(b),10.3894,45.6392,Carbon monoxide (CO),1477568.0,448.5499430851952,0,0,0,0,0,0,1,0
2021,7(a),7.763055,44.697222,Ammonia (NH3),11500.0,493.07946585751637,0,0,1,0,0,0,0,0
2024,3(e),11.1619,45.4211,Nitrogen oxides (NOX),219000.0,405.66099670163334,0,0,0,1,0,0,0,0
2024,7(a),12.646361,42.701947,Ammonia (NH3),16200.0,89.71278217454618,0,0,1,0,0,0,0,0
2021,7(a),9.9675,45.428611,Ammonia (NH3),39170.0,441.6229129910195,0,0,1,0,0,0,0,0
2021,7(a),12.235819,44.131313,Ammonia (NH3),13770.0,248.70288460623547,0,0,1,0,0,0,0,0
2024,7(a),9.8271,45.3705,Ammonia (NH3),10820.0,441.3252886681985,0,0,1,0,0,0,0,0
2024,4(b),12.2236,45.4483,Hydro-fluorocarbons (HFCS),512.0,394.8508736063738,1,0,0,0,0,0,0,0
2024,7(a),9.468721,45.105099,Ammonia (NH3),12318.0,431.6913705194391,0,0,1,0,0,0,0,0
2022,7(a),12.4894,42.6533,Ammonia (NH3),31730.0,83.4537794865594,0,0,1,0,0,0,0,0
2022,7(a),7.6523,44.5822,Ammonia (NH3),11270.0,492.5243723741,0,0,1,0,0,0,0,0
2023,7(a),11.8896,43.9423,Ammonia (NH3),19155.0,232.09997055053094,0,0,1,0,0,0,0,0
2021,3(e),11.0928,45.1436,Nitrogen oxides (NOX),768795.0,377.69529539990066,0,0,0,1,0,0,0,0
2024,7(a),9.804722,45.455556,Ammonia (NH3),13210.0,450.39754067825066,0,0,1,0,0,0,0,0
2023,7(a),11.9869,43.1454,Ammonia (NH3),26800.0,144.34084897811667,0,0,1,0,0,0,0,0
2024,2(a),10.2269,45.5333,Arsenic and compounds (as As),65.4183,442.934350852115,0,0,0,0,0,0,1,0
2021,4(a),12.2363,45.4438,Nitrogen oxides (NOX),358380.0,394.29587462725914,1,0,0,0,0,0,0,0
2023,7(a),9.9094,45.4039,Ammonia (NH3),15980.0,441.38748437807544,0,0,1,0,0,0,0,0
2024,3(e),11.1135,45.0051,Arsenic and compounds (as As),25.573,362.5554497680829,0,0,0,1,0,0,0,0
2021,7(a),9.3197,45.3129,Ammonia (NH3),10628.0,457.29560943944966,0,0,1,0,0,0,0,0
2023,5(d),7.7302,45.4185,Methane (CH4),179700.0,547.3695713291485,0,0,0,0,0,0,0,1
2023,7(a),7.639478,44.508831,Ammonia (NH3),10639.0,488.664187958199,0,0,1,0,0,0,0,0
2022,7(a),15.394,41.0664,Ammonia (NH3),20044.0,258.6504830708583,0,0,1,0,0,0,0,0
2021,7(a)(ii),9.9172,45.4744,Ammonia (NH3),18490.0,447.9676051277348,0,0,1,0,0,0,0,0
2021,5(d),10.8733,45.4213,Methane (CH4),163619.1,412.4253255187534,0,0,0,0,0,0,0,1
2022,9(c),9.3167,45.9167,Non-methane volatile organic compounds (NMVOC),157750.0,513.7905559199239,0,0,0,0,1,0,0,0
2024,3(c),12.487222,42.539722,Nitrogen oxides (NOX),211020.0,70.82652735983251,0,0,0,1,0,0,0,0
2023,7(a),10.9119,45.0928,Ammonia (NH3),17136.0,377.01330693781745,0,0,1,0,0,0,0,0
2022,2(b),10.3315,45.3735,Mercury and compounds (as Hg),50.668,423.3822421972733,0,0,0,0,0,0,1,0
2021,7(a),9.968889,45.555556,Ammonia (NH3),46870.0,454.0503975113994,0,0,1,0,0,0,0,0
2023,6(b),13.0169,46.3939,Carbon dioxide (CO2),108188532.1,501.10795103302587,0,0,0,0,0,1,0,0
2024,1(c),11.9045,44.3163,Nickel and compounds (as Ni),55.07,272.634114693117,0,1,0,0,0,0,0,0
2024,4(e),10.7726,44.6909,Nitrogen oxides (NOX),294598.0,339.942514993586,1,0,0,0,0,0,0,0
2022,7(a),11.0028,45.0089,Ammonia (NH3),15204.0,365.80048206773796,0,0,1,0,0,0,0,0
2023,3(c),15.180555,37.194444,Ammonia (NH3),18210.0,571.8128643506107,0,0,0,1,0,0,0,0
2023,6(b),7.5397,45.2533,Non-methane volatile organic compounds (NMVOC),436700.0,545.9014159132201,0,0,0,0,0,1,0,0
2022,7(a),12.8419,45.8839,Ammonia (NH3),12807.0,443.541677280921,0,0,1,0,0,0,0,0
2023,7(a),8.9206,45.2328,Ammonia (NH3),59033.0,469.0462435895874,0,0,1,0,0,0,0,0
2021,7(a),10.8214,45.2358,Ammonia (NH3),25262.0,394.39160150447384,0,0,1,0,0,0,0,0
2024,7(a),10.5108,45.235,Ammonia (NH3),29533.0,403.5476644593004,0,0,1,0,0,0,0,0
2024,5(d),11.1692,44.6864,Methane (CH4),245611.6,327.61704234977236,0,0,0,0,0,0,0,1
2024,3(a),16.0871,40.4101,Carbon dioxide (CO2),208173000.0,343.3499001389804,0,0,0,1,0,0,0,0
2022,7(a),11.997778,43.171667,Ammonia (NH3),15350.0,146.8863142278786,0,0,1,0,0,0,0,0
2022,5(f),11.375,45.4447,Nitrogen oxides (NOX),4123000.0,404.0238296793301,0,0,0,0,0,0,0,1
2023,7(a)(i),12.274,44.067,Ammonia (NH3),11878.0,241.32679010921817,0,0,1,0,0,0,0,0
2021,7(a)(ii),9.65,45.2335,Ammonia (NH3),25783.0,435.5390706361366,0,0,1,0,0,0,0,0
2022,7(a),7.6597,44.4478,Ammonia (NH3),13471.0,483.5057296740481,0,0,1,0,0,0,0,0
2023,7(a),10.279167,45.282778,Ammonia (NH3),20715.0,416.05437469720147,0,0,1,0,0,0,0,0
2021,6(b),8.7167,45.2333,Ammonia (NH3),68552.0,479.3398056935004,0,0,0,0,0,1,0,0
2024,5(d),17.670556,40.428333,Methane (CH4),686771.0,463.0183261587223,0,0,0,0,0,0,0,1
2022,7(a),12.072778,43.773333,Ammonia (NH3),25369.0,210.84140240881993,0,0,1,0,0,0,0,0
2021,7(a),9.6511,45.46,Ammonia (NH3),37110.0,456.87841280982144,0,0,1,0,0,0,0,0
2021,7(a),9.628611,45.461944,Ammonia (NH3),11035.0,457.9703252124111,0,0,1,0,0,0,0,0
2021,5(d),13.282777,38.146666,Methane (CH4),9420762.0,422.99049974589167,0,0,0,0,0,0,0,1
2023,7(a),7.8953,44.5608,Ammonia (NH3),12213.0,475.58090944041834,0,0,1,0,0,0,0,0
2024,7(a),13.6497,43.0489,Ammonia (NH3),11451.0,158.70212525292916,0,0,1,0,0,0,0,0
2021,7(a),7.7869,44.6466,Ammonia (NH3),11778.0,488.1731446608286,0,0,1,0,0,0,0,0
2021,3(c),11.8367,43.6581,Nitrogen oxides (NOX),613800.0,202.46809270796382,0,0,0,1,0,0,0,0
2024,1(c),7.4847,44.5942,Carbon dioxide (CO2),207511000.0,504.15092337240816,0,1,0,0,0,0,0,0
2021,1(c),17.2152,40.5108,Arsenic and compounds (as As),129.083,423.94185302872364,0,1,0,0,0,0,0,0
2023,3(a),15.8972,40.3136,Nitrogen oxides (NOX),229800.0,335.23428566249964,0,0,0,1,0,0,0,0
2021,3(c),12.487222,42.539722,Carbon dioxide (CO2),194607760.0,70.82652735983251,0,0,0,1,0,0,0,0
2021,1(a),9.0113,39.0971,Carbon dioxide (CO2),5698903288.0,429.0677199992063,0,1,0,0,0,0,0,0
2023,1(c),8.2991,40.8516,Mercury and compounds (as Hg),10.0896,369.15699948624194,0,1,0,0,0,0,0,0
2022,3(e),12.2592,45.4644,Nitrogen oxides (NOX),731060.0,396.4903506366455,0,0,0,1,0,0,0,0
2021,7(a),11.9994,44.5386,Ammonia (NH3),71337.0,295.8396801602345,0,0,1,0,0,0,0,0
2023,7(a),10.6305,44.817,Ammonia (NH3),10482.0,357.4086607578076,0,0,1,0,0,0,0,0
2023,7(a),10.4043,44.9224,Ammonia (NH3),17574.0,375.85751841911633,0,0,1,0,0,0,0,0
2022,7(a),9.2287,44.9021,Ammonia (NH3),24684.0,425.26558144775674,0,0,1,0,0,0,0,0
2024,4(a),12.2667,45.4594,Carbon dioxide (CO2),297508000.0,395.9064965826192,1,0,0,0,0,0,0,0
2024,7(a),9.8061,45.1922,Ammonia (NH3),10962.0,425.14004008084015,0,0,1,0,0,0,0,0
2021,7(a),9.9228,45.2072,Ammonia (NH3),32070.0,421.86543351187754,0,0,1,0,0,0,0,0
2023,8(b),8.0236,44.6986,Hydro-fluorocarbons (HFCS),563.5,477.0019609773903,0,0,0,0,0,0,0,0
2023,2(b),17.1999,40.5167,PCDD + PCDF (dioxins + furans) (as Teq),0.00051,422.49503361756746,0,0,0,0,0,0,1,0
2024,3(c),9.6261,45.7886,Carbon dioxide (CO2),230123000.0,489.48589579402653,0,0,0,1,0,0,0,0
2023,1(c),9.4794,45.0899,Carbon dioxide (CO2),1042493904.0,429.82876504034436,0,1,0,0,0,0,0,0
2023,7(a),9.7306,45.5975,Ammonia (NH3),35579.0,466.9775405733168,0,0,1,0,0,0,0,0
2024,1(a),9.0113,39.0971,Carbon dioxide (CO2),5931322861.6,429.0677199992063,0,1,0,0,0,0,0,0
2021,7(a),7.753365,45.279709,Ammonia (NH3),15700.0,535.4551795073916,0,0,1,0,0,0,0,0
2024,1(a),15.219444,37.135556,Polychlorinated biphenyls (PCBs),3.959,579.1857861069731,0,1,0,0,0,0,0,0
2023,7(a),12.1745,45.5803,Ammonia (NH3),10255.0,409.7351474259222,0,0,1,0,0,0,0,0
2024,3(e),14.75,42.066667,Nitrogen oxides (NOX),222470.0,187.1520362527261,0,0,0,1,0,0,0,0
2021,7(a),12.2586,44.294,Ammonia (NH3),32920.0,266.5890284310209,0,0,1,0,0,0,0,0
2024,7(a),10.9384,45.5306,Ammonia (NH3),39430.0,422.3554676415285,0,0,1,0,0,0,0,0
2024,2(b),10.459167,45.4625,Mercury and compounds (as Hg),44.9631,428.34294478117357,0,0,0,0,0,0,1,0
2024,7(a),10.159167,45.468611,Ammonia (NH3),24745.0,438.73359337707166,0,0,1,0,0,0,0,0
2021,5(d),11.2744,44.865,Methane (CH4),354275.7,343.855056212171,0,0,0,0,0,0,0,1
2021,5(d),11.3889,44.1194,Methane (CH4),629366.0,262.40193067491055,0,0,0,0,0,0,0,1
2021,4(e),9.1333,45.1667,Non-methane volatile organic compounds (NMVOC),127374.0,452.9144616594176,1,0,0,0,0,0,0,0
2023,1(a),17.193,40.4892,Carbon dioxide (CO2),961834660.0,423.1599159692294,0,1,0,0,0,0,0,0
2022,3(c),14.0658,41.4456,Ammonia (NH3),70400.0,139.90801467376932,0,0,0,1,0,0,0,0
2023,1(c),15.6048,38.274,Carbon dioxide (CO2),151061000.0,482.34767180911035,0,1,0,0,0,0,0,0
2024,1(c),15.268,38.1977,Carbon dioxide (CO2),423445000.0,474.6827614028966,0,1,0,0,0,0,0,0
2022,7(a),7.8929,44.9578,Ammonia (NH3),13180.0,503.4174089559602,0,0,1,0,0,0,0,0
2023,3(e),13.2324,45.7701,Cadmium and compounds (as Cd),15.0,434.0513576127998,0,0,0,1,0,0,0,0
2022,2(a),10.2269,45.5333,Carbon dioxide (CO2),124241700.0,442.934350852115,0,0,0,0,0,0,1,0
2024,7(a),10.3821,45.4863,Ammonia (NH3),13240.0,433.1673437506241,0,0,1,0,0,0,0,0
2022,7(a),9.8721,45.3647,Ammonia (NH3),18391.0,439.0157642852939,0,0,1,0,0,0,0,0
2021,7(a),12.709653,46.047758,Ammonia (NH3),19546.0,461.21357397350914,0,0,1,0,0,0,0,0
2023,3(c),15.180555,37.194444,Nitrogen oxides (NOX),485294.0,571.8128643506107,0,0,0,1,0,0,0,0
2023,7(a),9.880917,44.995472,Ammonia (NH3),19985.0,403.47887720675874,0,0,1,0,0,0,0,0
2024,7(a),9.7789,45.2344,Ammonia (NH3),13974.0,430.2535810993312,0,0,1,0,0,0,0,0
2024,5(d),7.555018,45.114722,Methane (CH4),140050.0,534.9395976272567,0,0,0,0,0,0,0,1
2023,6(b),12.0331,46.0708,Di-(2-ethyl hexyl) phthalate (DEHP),57.73,464.9378360835196,0,0,0,0,0,1,0,0
2021,3(c),9.81,44.7667,Carbon dioxide (CO2),587138470.0,385.45810832592576,0,0,0,1,0,0,0,0
2021,2(b),17.1999,40.5167,Carbon monoxide (CO),82366530.0,422.49503361756746,0,0,0,0,0,0,1,0
2021,7(a),11.1764,44.9539,Ammonia (NH3),19375.0,355.6041188659677,0,0,1,0,0,0,0,0
2023,1(c),9.9167,44.9833,Methane (CH4),178140.0,400.8304232185023,0,1,0,0,0,0,0,0
2022,7(a),10.9425,44.7485,Ammonia (NH3),17629.0,340.46048958204676,0,0,1,0,0,0,0,0
2022,7(a),10.07,45.4886,Ammonia (NH3),16775.0,443.8289559435831,0,0,1,0,0,0,0,0
2022,7(a),10.588333,45.377222,Ammonia (NH3),14286.0,415.6978868698581,0,0,1,0,0,0,0,0
2024,7(a),9.2284,44.9018,Ammonia (NH3),11100.0,425.2548710392367,0,0,1,0,0,0,0,0
2021,7(a),10.469,45.095,Ammonia (NH3),14200.0,390.77979733076967,0,0,1,0,0,0,0,0
2021,3(c),10.8333,45.5792,Nitrogen oxides (NOX),202652.0,430.048733792792,0,0,0,1,0,0,0,0
2022,7(a),10.9375,44.9931,Ammonia (NH3),14964.0,365.9251179103965,0,0,1,0,0,0,0,0
2022,7(a),9.8422,45.5178,Ammonia (NH3),72480.0,455.0067386584105,0,0,1,0,0,0,0,0
2022,7(a),7.8898,44.9805,Ammonia (NH3),16309.0,505.2549258306158,0,0,1,0,0,0,0,0
2022,7(a),12.0453,45.5939,Ammonia (NH3),25270.0,412.0259065778375,0,0,1,0,0,0,0,0
2021,5(d),12.1097,42.7517,Methane (CH4),1718880.0,99.60234411503073,0,0,0,0,0,0,0,1
2023,1(c),12.2549,45.4458,Carbon dioxide (CO2),753219000.0,394.44153545873087,0,1,0,0,0,0,0,0
2021,7(a),10.4817,45.3719,Ammonia (NH3),22950.0,418.3964555799259,0,0,1,0,0,0,0,0
2021,7(a),10.005,45.335278,Ammonia (NH3),11754.0,431.1026155304424,0,0,1,0,0,0,0,0
2023,8(b),12.5268,43.0992,Ammonia (NH3),13683.0,133.05694911591047,0,0,0,0,0,0,0,0
2021,3(c),9.6261,45.7886,Carbon dioxide (CO2),244453000.0,489.48589579402653,0,0,0,1,0,0,0,0
2023,1(c),11.1387,45.0593,Nitrogen oxides (NOX),396527.0,367.66839201636236,0,1,0,0,0,0,0,0
2023,1(c),13.5906,45.9153,Nitrogen oxides (NOX),182343.8,454.6854917174831,0,1,0,0,0,0,0,0
2022,7(a),10.4383,45.2425,Ammonia (NH3),21040.0,406.65291774978834,0,0,1,0,0,0,0,0
2022,7(a),11.9028,44.9869,Ammonia (NH3),20191.0,346.2654684343772,0,0,1,0,0,0,0,0
2022,7(a),11.063,44.6782,Ammonia (NH3),16791.0,329.6816716902238,0,0,1,0,0,0,0,0
2021,5(b),13.7994,45.6111,Nitrogen oxides (NOX),151478.0,425.3992685321575,0,0,0,0,0,0,0,1
2021,1(c),10.853472,45.887,Carbon dioxide (CO2),176535200.0,462.13933402006546,0,1,0,0,0,0,0,0
2021,3(c),7.5,44.2833,Carbon monoxide (CO),734282.0,484.2811228602819,0,0,0,1,0,0,0,0
2023,7(a),10.8961,45.2628,Ammonia (NH3),14715.0,395.2025636866911,0,0,1,0,0,0,0,0
2023,7(a),11.89402,44.60484,Ammonia (NH3),13016.0,304.3852545470102,0,0,1,0,0,0,0,0
2021,1(c),10.4494,43.3816,Nitrogen oxides (NOX),220502.3,234.66174872826318,0,1,0,0,0,0,0,0
2021,7(a),10.4559,45.1579,Ammonia (NH3),36842.0,397.5425475745938,0,0,1,0,0,0,0,0
2021,3(e),9.093056,45.429722,Sulphur oxides (SOX),162100.0,478.16514829891844,0,0,0,1,0,0,0,0
2023,7(a),12.1503,44.9517,Ammonia (NH3),25174.6,340.17134527177257,0,0,1,0,0,0,0,0
2021,7(a),10.3558,45.1489,Ammonia (NH3),27362.0,400.0479036243928,0,0,1,0,0,0,0,0
2023,3(c),10.3444,45.5153,Carbon monoxide (CO),586413.0,437.306929605887,0,0,0,1,0,0,0,0
2023,9(c),14.2753,40.9378,Non-methane volatile organic compounds (NMVOC),517090.0,183.0654843889624,0,0,0,0,1,0,0,0
2023,7(a),7.8938,45.2458,Ammonia (NH3),16670.0,524.8583541680262,0,0,1,0,0,0,0,0
2024,6(b),7.5397,45.2533,Non-methane volatile organic compounds (NMVOC),103000.0,545.9014159132201,0,0,0,0,0,1,0,0
2022,7(a),10.0414,45.2144,Ammonia (NH3),30645.0,417.9548551413256,0,0,1,0,0,0,0,0
2022,1(c),11.2511,45.0297,Mercury and compounds (as Hg),12.6,361.9154505330853,0,1,0,0,0,0,0,0
2022,7(a),10.0453,45.4906,Ammonia (NH3),18295.0,444.9020251261174,0,0,1,0,0,0,0,0
2024,7(a),12.293358,45.782458,Ammonia (NH3),29420.0,431.7050607940209,0,0,1,0,0,0,0,0
2023,2(b),13.2534,46.0067,Cadmium and compounds (as Cd),31.54,460.33206608834774,0,0,0,0,0,0,1,0
2021,2(b),12.6667,42.5667,Nickel and compounds (as Ni),52.4,75.14187357873665,0,0,0,0,0,0,1,0
2023,7(a),10.0625,45.251944,Ammonia (NH3),17043.0,420.8138766941062,0,0,1,0,0,0,0,0
2022,1(c),11.8897,44.6231,Nitrogen oxides (NOX),221390.0,306.4442616358695,0,1,0,0,0,0,0,0
2022,3(c),8.6794,45.7794,Carbon monoxide (CO),580835.0,528.5578509656057,0,0,0,1,0,0,0,0
2022,5(d),8.978056,40.571111,Methane (CH4),426000.0,329.3217479871604,0,0,0,0,0,0,0,1
2021,7(a),12.1499,44.242,Ammonia (NH3),13247.0,261.6247118508109,0,0,1,0,0,0,0,0
2022,5(d),11.5881,45.1389,Methane (CH4),130170.0,367.20775494242633,0,0,0,0,0,0,0,1
2023,1(c),15.4759,41.2018,Carbon dioxide (CO2),393501000.0,259.8801424448694,0,1,0,0,0,0,0,0
2022,7(a),13.29075,46.104806,Ammonia (NH3),14271.0,471.53415372095014,0,0,1,0,0,0,0,0
2024,7(a),10.7114,45.2167,Ammonia (NH3),10346.0,395.5369059396822,0,0,1,0,0,0,0,0
2023,3(e),11.0928,45.1436,Sulphur oxides (SOX),525701.0,377.69529539990066,0,0,0,1,0,0,0,0
2024,7(a)(i),13.058333,42.440833,Ammonia (NH3),12841.0,75.65507082288369,0,0,1,0,0,0,0,0
2024,7(a),9.9228,45.2072,Ammonia (NH3),11930.0,421.86543351187754,0,0,1,0,0,0,0,0
2023,7(a),10.07,45.4886,Ammonia (NH3),12630.0,443.8289559435831,0,0,1,0,0,0,0,0
2024,7(a),11.0078,44.9839,Ammonia (NH3),10091.0,363.0517960221433,0,0,1,0,0,0,0,0
2023,4(a),15.1973,37.167,Nitrogen oxides (NOX),561123.0,575.2012058760492,1,0,0,0,0,0,0,0
2024,7(a),7.4552,44.655,Ammonia (NH3),13134.0,509.93303617065163,0,0,1,0,0,0,0,0
2023,8(c),8.5842,39.7589,Hydro-fluorocarbons (HFCS),264.235,406.34044858548714,0,0,0,0,0,0,0,0
2022,7(a),11.1081,45.1161,Ammonia (NH3),27890.0,374.4165444606965,0,0,1,0,0,0,0,0
2022,5(d),8.4217,44.2506,Methane (CH4),264380.0,421.43372520145147,0,0,0,0,0,0,0,1
2023,7(a),10.5739,44.9908,Ammonia (NH3),17730.0,376.78616163868645,0,0,1,0,0,0,0,0
2023,7(a),10.8214,45.2358,Ammonia (NH3),17663.0,394.39160150447384,0,0,1,0,0,0,0,0
2024,1(a),10.3365,43.5872,Carbon dioxide (CO2),321583992.0,257.2528399694245,0,1,0,0,0,0,0,0
2023,7(a),11.8605,44.6645,Ammonia (NH3),17585.0,311.36811929508775,0,0,1,0,0,0,0,0
2022,7(a),7.5942,44.4036,Ammonia (NH3),18929.0,485.1058054678555,0,0,1,0,0,0,0,0
2024,1(c),8.739,45.5212,Carbon dioxide (CO2),862829000.0,502.9487066098593,0,1,0,0,0,0,0,0
2024,7(a),10.0956,45.0923,Ammonia (NH3),10710.0,404.0340007687398,0,0,1,0,0,0,0,0
2024,7(a),7.6374,44.7775,Ammonia (NH3),10605.0,506.38621218607653,0,0,1,0,0,0,0,0
2023,7(a),12.1755,45.8976,Ammonia (NH3),38122.0,444.9438234817582,0,0,1,0,0,0,0,0
2022,3(c),13.258717,42.463755,Nitrogen oxides (NOX),216500.0,88.52024109973759,0,0,0,1,0,0,0,0
2022,7(a),11.0019,45.2047,Ammonia (NH3),26885.0,386.38319012369584,0,0,1,0,0,0,0,0
2021,7(a),10.313,45.2742,Ammonia (NH3),13164.0,414.0353640554431,0,0,1,0,0,0,0,0
2022,5(a),7.5856,45.0381,Carbon dioxide (CO2),641075235.7,527.6333775226544,0,0,0,0,0,0,0,1
2024,7(a),10.588333,45.377222,Ammonia (NH3),12591.0,415.6978868698581,0,0,1,0,0,0,0,0
2024,7(a),10.6092,45.0825,Ammonia (NH3),20076.0,384.9183468340593,0,0,1,0,0,0,0,0
2021,7(a),10.506,45.5102,Ammonia (NH3),13490.0,431.816310872205,0,0,1,0,0,0,0,0
2022,7(a),10.6416,45.1652,Ammonia (NH3),13344.0,392.338422014634,0,0,1,0,0,0,0,0
2022,1(c),8.9733,45.0286,Carbon dioxide (CO2),952488299.0,448.95765443327025,0,1,0,0,0,0,0,0
2021,4(e),15.056389,37.449444,Polychlorinated biphenyls (PCBs),8.8311,541.4216506535732,1,0,0,0,0,0,0,0
2024,8(b),10.9497,45.3595,Hydro-fluorocarbons (HFCS),171.0,404.0003247731464,0,0,0,0,0,0,0,0
2024,7(a),10.3244,45.215,Ammonia (NH3),10807.0,407.7286776374627,0,0,1,0,0,0,0,0
2023,9(c),10.7272,46.0367,Non-methane volatile organic compounds (NMVOC),191658.0,480.9447838078425,0,0,0,0,1,0,0,0
2023,7(a),7.9603,44.4131,Ammonia (NH3),11062.0,461.7164317979635,0,0,1,0,0,0,0,0
2022,7(a),10.931,45.0352,Ammonia (NH3),18156.0,370.48757976398787,0,0,1,0,0,0,0,0
2021,7(a),10.0335,44.7903,Ammonia (NH3),26710.0,377.78172318226456,0,0,1,0,0,0,0,0
2021,7(a),12.805,45.9131,Ammonia (NH3),24423.0,446.60873598737766,0,0,1,0,0,0,0,0
2021,5(d),11.1692,44.6864,Methane (CH4),502778.5,327.61704234977236,0,0,0,0,0,0,0,1
2024,3(a),17.1061,39.106,Nitrogen oxides (NOX),163452.5,498.4787189881203,0,0,0,1,0,0,0,0
2021,7(a),10.6617,45.2511,Ammonia (NH3),17440.0,400.5457368268182,0,0,1,0,0,0,0,0
2021,2(b),11.0708,45.3331,Mercury and compounds (as Hg),29.9,398.3032399103224,0,0,0,0,0,0,1,0
2024,1(c),8.2991,40.8516,Carbon dioxide (CO2),2164601000.0,369.15699948624194,0,1,0,0,0,0,0,0
2021,2(b),17.1999,40.5167,Sulphur oxides (SOX),4474330.0,422.49503361756746,0,0,0,0,0,0,1,0
2023,7(a),10.898994,44.985167,Ammonia (NH3),19390.0,366.1820399649486,0,0,1,0,0,0,0,0
2022,3(c),10.8333,45.5792,Carbon dioxide (CO2),147613000.0,430.048733792792,0,0,0,1,0,0,0,0
2022,7(a),7.7869,44.6466,Ammonia (NH3),11309.0,488.1731446608286,0,0,1,0,0,0,0,0
2022,5(d),8.8556,44.9211,Methane (CH4),968299.8,446.1395145648609,0,0,0,0,0,0,0,1
2023,7(a)(iii),9.1047,45.2744,Ammonia (NH3),27459.0,463.7701257745326,0,0,1,0,0,0,0,0
2022,7(a)(i),12.342694,44.13125,Ammonia (NH3),13543.0,248.10709043898717,0,0,1,0,0,0,0,0
2024,5(f),9.087642,45.499964,Nitrous oxide (N2O),24660.0,484.743026253612,0,0,0,0,0,0,0,1
2022,7(a),10.5683,45.1061,Ammonia (NH3),11566.0,388.6248312008802,0,0,1,0,0,0,0,0
2023,3(e),11.0928,45.1436,Carbon dioxide (CO2),116383000.0,377.69529539990066,0,0,0,1,0,0,0,0
2021,1(c),15.423906,41.197708,Carbon dioxide (CO2),169839000.0,255.9030818592855,0,1,0,0,0,0,0,0
2023,7(a)(ii),9.2286,45.225,Ammonia (NH3),10760.0,453.5506780441767,0,0,1,0,0,0,0,0
2024,7(a),10.6515,45.1018,Ammonia (NH3),15442.0,385.55249032410495,0,0,1,0,0,0,0,0
2022,1(a),9.0113,39.0971,Carbon dioxide (CO2),6104895493.2,429.0677199992063,0,1,0,0,0,0,0,0
2022,7(a),8.876111,45.638611,Ammonia (NH3),10530.0,506.88873597426,0,0,1,0,0,0,0,0
2022,7(a),11.627389,45.083972,Ammonia (NH3),11500.0,360.60280628882623,0,0,1,0,0,0,0,0
2023,1(c),15.1825,37.1791,Chlorine and inorganic compounds (as HCl),12090.0,573.451982183205,0,1,0,0,0,0,0,0
2021,6(b),10.6042,43.8292,Nitrogen oxides (NOX),104940.0,263.92643707476645,0,0,0,0,0,1,0,0
2023,7(a),9.8947,45.3314,Ammonia (NH3),25150.0,434.9242344466684,0,0,1,0,0,0,0,0
2022,7(a),10.82,44.6061,Ammonia (NH3),26447.0,329.8104764377515,0,0,1,0,0,0,0,0
2023,3(c),14.0658,41.4456,Carbon dioxide (CO2),689345000.0,139.90801467376932,0,0,0,1,0,0,0,0
2023,5(c),12.142182,45.576876,Hydro-fluorocarbons (HFCS),171.9,409.5272183627053,0,0,0,0,0,0,0,1
2023,7(a),7.4656,44.4447,Ammonia (NH3),11425.0,496.1561334775003,0,0,1,0,0,0,0,0
2023,2(b),17.1999,40.5167,Particulate matter (PM10),51980.0,422.49503361756746,0,0,0,0,0,0,1,0
2023,1(c),8.1927,45.2377,Carbon dioxide (CO2),1226922000.0,507.5180888612842,0,1,0,0,0,0,0,0
2024,7(a),10.9927,44.9895,Ammonia (NH3),19696.0,364.0418645383865,0,0,1,0,0,0,0,0
2022,7(a),9.7522,45.4597,Methane (CH4),111270.0,452.8383352362398,0,0,1,0,0,0,0,0
2022,1(c),9.7104,45.0545,Carbon dioxide (CO2),675305000.0,416.28976618018316,0,1,0,0,0,0,0,0
2023,1(a),10.3365,43.5872,Sulphur oxides (SOX),239544.0,257.2528399694245,0,1,0,0,0,0,0,0
2022,7(a),10.0245,44.9145,Ammonia (NH3),11386.0,389.85092051859044,0,0,1,0,0,0,0,0
2022,7(a),9.3158,45.1786,Ammonia (NH3),19594.0,445.3422523845748,0,0,1,0,0,0,0,0
2024,7(a),7.6753,44.7019,Ammonia (NH3),12248.0,498.9214971192758,0,0,1,0,0,0,0,0
2022,1(c),11.7586,42.1275,Copper and compounds (as Cu),173.8581,65.87472663400173,0,1,0,0,0,0,0,0
2024,7(a),12.0059,44.1581,Ammonia (NH3),12327.0,253.92589573596723,0,0,1,0,0,0,0,0
2022,4(a),11.594444,44.859167,Non-methane volatile organic compounds (NMVOC),101414.9,336.71117819356374,1,0,0,0,0,0,0,0
2021,5(a),15.1458,40.8731,Polycyclic aromatic hydrocarbons (PAHs),92.6444,248.90338021517636,0,0,0,0,0,0,0,1
2021,7(a),10.931,45.0352,Ammonia (NH3),14127.0,370.48757976398787,0,0,1,0,0,0,0,0
2024,4(e),9.3585,45.5945,Hydro-fluorocarbons (HFCS),140.0,481.61083842064687,1,0,0,0,0,0,0,0
2024,9(c),9.4708,46.1397,Non-methane volatile organic compounds (NMVOC),101580.0,529.5034344125139,0,0,0,0,1,0,0,0
2024,1(c),15.9735,38.4408,Nitrogen oxides (NOX),139700.0,485.15807676212285,0,1,0,0,0,0,0,0
2022,7(a),10.3368,44.9401,Ammonia (NH3),10323.0,380.07353065964213,0,0,1,0,0,0,0,0
2023,7(a),10.3586,45.4569,Ammonia (NH3),21130.0,430.92860640314893,0,0,1,0,0,0,0,0
2021,7(a),11.1308,45.0008,Ammonia (NH3),11059.0,361.6741380228851,0,0,1,0,0,0,0,0
2021,7(a),10.8061,44.5785,Ammonia (NH3),19953.0,327.49776921019975,0,0,1,0,0,0,0,0
2021,1(c),10.8354,45.149,Nitrogen oxides (NOX),599867.1,384.9776214382663,0,1,0,0,0,0,0,0
2023,7(a),11.0019,45.2047,Ammonia (NH3),29381.0,386.38319012369584,0,0,1,0,0,0,0,0
2023,8(b),11.079051,45.60145,Ammonia (NH3),11000.0,426.7162170901883,0,0,0,0,0,0,0,0
2024,7(a),12.709881,46.039242,Ammonia (NH3),22213.0,460.26800993100824,0,0,1,0,0,0,0,0
2024,2(f),11.1011,46.106,Tetrachloroethylene,5602.0,480.4908101739868,0,0,0,0,0,0,1,0
2022,1(c),13.4158,46.5038,Methane (CH4),120527.0,516.8196264194823,0,1,0,0,0,0,0,0
2024,3(c),11.8367,43.6581,Ammonia (NH3),23200.0,202.46809270796382,0,0,0,1,0,0,0,0
2024,3(c),15.180555,37.194444,Carbon dioxide (CO2),399895204.6,571.8128643506107,0,0,0,1,0,0,0,0
2021,7(a),9.3649,45.2269,Ammonia (NH3),50883.0,447.4451209556297,0,0,1,0,0,0,0,0
2021,7(a),10.4333,45.4667,Ammonia (NH3),28123.0,429.57019016780146,0,0,1,0,0,0,0,0
2022,7(a)(i),13.109,43.3826,Ammonia (NH3),17940.0,172.00489660364755,0,0,1,0,0,0,0,0
2023,3(e),13.233333,45.766667,Nitrogen oxides (NOX),112200.0,433.68359052253555,0,0,0,1,0,0,0,0
2024,3(c),9.7186,45.0497,Nitrous oxide (N2O),17662.0,415.4886311061949,0,0,0,1,0,0,0,0
2024,6(b),7.5397,45.2533,Carbon dioxide (CO2),134557000.0,545.9014159132201,0,0,0,0,0,1,0,0
2024,2(b),13.0778,46.2306,Nitrogen oxides (NOX),172030.0,483.46211416770933,0,0,0,0,0,0,1,0
2021,1(c),17.2152,40.5108,Nickel and compounds (as Ni),77.31,423.94185302872364,0,1,0,0,0,0,0,0
2022,1(c),8.7397,45.6203,Carbon dioxide (CO2),111312000.0,511.6199893408119,0,1,0,0,0,0,0,0
2022,7(a),12.4894,42.6533,Methane (CH4),114940.0,83.4537794865594,0,0,1,0,0,0,0,0
2021,7(a)(ii),9.868611,45.17,Ammonia (NH3),57720.0,420.48152499886464,0,0,1,0,0,0,0,0
2023,7(a),12.709167,41.530278,Ammonia (NH3),11120.0,45.0299413226618,0,0,1,0,0,0,0,0
2022,7(a),10.6092,45.0825,Ammonia (NH3),24433.0,384.9183468340593,0,0,1,0,0,0,0,0
2024,1(c),10.4494,43.3822,Nitrous oxide (N2O),15259.0,234.7079187361305,0,1,0,0,0,0,0,0
2024,4(e),9.0411,45.5317,Dichloromethane (DCM),10450.0,489.7244934200075,1,0,0,0,0,0,0,0
2023,7(a),12.6331,42.8558,Ammonia (NH3),10200.0,106.56194315343484,0,0,1,0,0,0,0,0
2023,2(a),10.2269,45.5333,Lead and compounds (as Pb),490.44,442.934350852115,0,0,0,0,0,0,1,0
2023,3(c),9.7186,45.0497,Mercury and compounds (as Hg),17.374,415.4886311061949,0,0,0,1,0,0,0,0
2021,1(c),10.6002,43.8233,Carbon dioxide (CO2),313220000.0,263.5896029410928,0,1,0,0,0,0,0,0
2022,1(a),10.3365,43.5872,Mercury and compounds (as Hg),11.344,257.2528399694245,0,1,0,0,0,0,0,0
2023,7(a),7.704722,44.716944,Ammonia (NH3),12689.0,498.0750023739139,0,0,1,0,0,0,0,0
2023,7(a),10.3511,45.3533,Ammonia (NH3),25980.0,420.69931035990237,0,0,1,0,0,0,0,0
2022,7(a),10.1675,45.3814,Ammonia (NH3),13390.0,429.759397959264,0,0,1,0,0,0,0,0
2021,7(a),10.4619,45.0448,Ammonia (NH3),11500.0,385.98953349147246,0,0,1,0,0,0,0,0
2021,8(b),8.0236,44.6986,Carbon dioxide (CO2),206356000.0,477.0019609773903,0,0,0,0,0,0,0,0
2022,6(b),12.0331,46.0708,Di-(2-ethyl hexyl) phthalate (DEHP),37.7,464.9378360835196,0,0,0,0,0,1,0,0
2022,7(a),10.2192,45.3617,Ammonia (NH3),23224.0,425.9985864715776,0,0,1,0,0,0,0,0
2024,4(a),9.7,45.6667,Nitrogen oxides (NOX),394320.0,474.8529299188233,1,0,0,0,0,0,0,0
2021,7(a),11.1708,45.2783,Ammonia (NH3),15960.3,390.2103266781317,0,0,1,0,0,0,0,0
2021,7(a),12.194444,44.014722,Ammonia (NH3),16600.0,236.1165776379281,0,0,1,0,0,0,0,0
2021,7(a),9.8089,45.1986,Methane (CH4),128825.0,425.6316362060307,0,0,1,0,0,0,0,0
2022,7(a),13.2167,43.5033,Ammonia (NH3),17668.0,187.4459939484101,0,0,1,0,0,0,0,0
2023,2(b),10.2008,45.6489,Nitrogen oxides (NOX),128923.8,455.4495951039566,0,0,0,0,0,0,1,0
2024,4(b),10.4739,43.4089,Carbon monoxide (CO),5652850.0,235.36059793219042,1,0,0,0,0,0,0,0
2021,3(c),12.6178,43.2844,Nitrogen oxides (NOX),787400.0,153.94793754868223,0,0,0,1,0,0,0,0
2022,7(a),12.805,45.9131,Ammonia (NH3),35887.0,446.60873598737766,0,0,1,0,0,0,0,0
2022,4(a),15.1973,37.167,Carbon dioxide (CO2),810009890.0,575.2012058760492,1,0,0,0,0,0,0,0
2021,2(e),7.6883,45.6617,Hydro-fluorocarbons (HFCS),3360.55,568.7249641000947,0,0,0,0,0,0,1,0
2023,2(b),17.1999,40.5167,Sulphur oxides (SOX),2124970.0,422.49503361756746,0,0,0,0,0,0,1,0
2021,5(a),11.573889,42.374167,Chlorofluorocarbons (CFCs),9.49,92.37337609418306,0,0,0,0,0,0,0,1
2021,4(b),11.5921,44.856,Carbon dioxide (CO2),646922000.0,336.40887356733657,1,0,0,0,0,0,0,0
2021,7(a),12.635619,42.765553,Ammonia (NH3),34110.0,96.61383456643533,0,0,1,0,0,0,0,0
2022,6(b),11.05,45.0667,PCDD + PCDF (dioxins + furans) (as Teq),0.0121,370.6401970890199,0,0,0,0,0,1,0,0
2023,7(a),12.064167,43.895,Ammonia (NH3),12041.0,224.30202424439238,0,0,1,0,0,0,0,0
2023,7(a),12.1786,45.585,Ammonia (NH3),11400.0,410.2360563579321,0,0,1,0,0,0,0,0
2022,3(c),,,Carbon dioxide (CO2),520397000.0,,0,0,0,1,0,0,0,0
2024,2(b),10.3315,45.3735,Polychlorinated biphenyls (PCBs),0.17,423.3822421972733,0,0,0,0,0,0,1,0
2022,3(c),10.3444,45.5153,Carbon monoxide (CO),682763.0,437.306929605887,0,0,0,1,0,0,0,0
2023,3(e),15.938142,41.6503009,Carbon dioxide (CO2),100189000.0,286.75917685947906,0,0,0,1,0,0,0,0
2024,7(a),10.3511,45.3533,Ammonia (NH3),25980.0,420.69931035990237,0,0,1,0,0,0,0,0
2022,1(a),15.219444,37.135556,Arsenic and compounds (as As),35.41,579.1857861069731,0,1,0,0,0,0,0,0
2023,7(a),10.1681,45.1642,Ammonia (NH3),12880.0,408.2969907889651,0,0,1,0,0,0,0,0
2023,2(e),9.3242,45.5611,Sulphur oxides (SOX),311600.0,479.9435168749245,0,0,0,0,0,0,1,0
2024,5(b),11.4311,44.5239,Nitrogen oxides (NOX),104013.0,303.9624931186366,0,0,0,0,0,0,0,1
2024,7(a),7.7775,44.4276,Ammonia (NH3),10873.0,474.51866721096326,0,0,1,0,0,0,0,0
2023,9(a),8.7256,45.8978,Halons,1.0,537.0812658531855,0,0,0,0,1,0,0,0
2023,2(b),9.5969,45.6425,Carbon dioxide (CO2),402532050.0,476.48876713324137,0,0,0,0,0,0,1,0
2021,7(a),12.8435,45.9534,Ammonia (NH3),14759.0,451.2617608401903,0,0,1,0,0,0,0,0
2022,7(a),9.4147,45.1303,Ammonia (NH3),93480.0,436.43837193430693,0,0,1,0,0,0,0,0
2023,7(a),11.129444,45.398333,Ammonia (NH3),26394.0,403.9280782675193,0,0,1,0,0,0,0,0
2022,4(a),10.8376,45.1457,Benzene,1206.0,384.57325764280205,1,0,0,0,0,0,0,0
2023,1(a),15.219444,37.135556,Carbon dioxide (CO2),1420855000.0,579.1857861069731,0,1,0,0,0,0,0,0
2021,5(b),9.0706,45.5042,Chlorine and inorganic compounds (as HCl),12333.0,485.8999911744329,0,0,0,0,0,0,0,1
2022,7(a),11.4651,44.9434,Ammonia (NH3),11303.0,348.1982199414602,0,0,1,0,0,0,0,0
2024,5(d),11.9528,44.5133,Methane (CH4),137274.3,293.59665977949845,0,0,0,0,0,0,0,1
2024,5(c),9.423792,46.140064,Chlorofluorocarbons (CFCs),1.85,531.2633841420325,0,0,0,0,0,0,0,1
2022,7(a),12.1125,44.163,Ammonia (NH3),12356.0,253.25148013952972,0,0,1,0,0,0,0,0
2024,7(a),13.3143,46.1156,Ammonia (NH3),13317.3,472.9790214988363,0,0,1,0,0,0,0,0
2023,5(a),9.342778,45.513056,Hydro-fluorocarbons (HFCS),965.0,474.6832325961527,0,0,0,0,0,0,0,1
2022,2(b),17.1999,40.5167,Copper and compounds (as Cu),164.63,422.49503361756746,0,0,0,0,0,0,1,0
2021,4(a),11.5869,44.8582,Non-methane volatile organic compounds (NMVOC),164540.0,336.7387773498995,1,0,0,0,0,0,0,0
2021,7(a),11.6108,45.2897,Ammonia (NH3),30373.0,383.2918819090536,0,0,1,0,0,0,0,0
2021,5(c),11.7001,44.2944,Methane (CH4),1170798.3,273.67608813739787,0,0,0,0,0,0,0,1
2021,7(a),9.8156,45.2261,Methane (CH4),110384.0,427.9690109246469,0,0,1,0,0,0,0,0
2024,7(a),10.9764,43.4923,Ammonia (NH3),13108.0,216.01990371796236,0,0,1,0,0,0,0,0
2023,7(a),12.7703,46.0653,Ammonia (NH3),42566.0,463.3665099207542,0,0,1,0,0,0,0,0
2024,3(e),11.0928,45.1436,Nitrogen oxides (NOX),374850.0,377.69529539990066,0,0,0,1,0,0,0,0
2021,7(a),12.293358,45.782458,Ammonia (NH3),51380.0,431.7050607940209,0,0,1,0,0,0,0,0
2022,7(a),10.962017,45.046117,Ammonia (NH3),14389.0,370.7826240003628,0,0,1,0,0,0,0,0
2022,7(a),7.753365,45.279709,Ammonia (NH3),24200.0,535.4551795073916,0,0,1,0,0,0,0,0
2023,7(a),15.394,41.0664,Ammonia (NH3),14500.0,258.6504830708583,0,0,1,0,0,0,0,0
2022,7(a),9.404444,46.248333,Ammonia (NH3),14790.0,542.5625828080266,0,0,1,0,0,0,0,0
2023,3(e),8.3269,44.3328,Nitrogen oxides (NOX),140463.0,432.96114215749304,0,0,0,1,0,0,0,0
2022,9(c),12.8336,43.8881,Non-methane volatile organic compounds (NMVOC),555320.0,222.45708121005148,0,0,0,0,1,0,0,0
2023,7(a),10.9384,45.5306,Ammonia (NH3),37124.0,422.3554676415285,0,0,1,0,0,0,0,0
2022,1(c),13.2464,45.9278,Nitrogen oxides (NOX),177770.0,451.56731242237703,0,1,0,0,0,0,0,0
2024,7(a),11.551,45.1822,Ammonia (NH3),25281.0,372.521268659234,0,0,1,0,0,0,0,0
2024,1(c),15.0005,41.9372,Nitrogen oxides (NOX),105090.0,207.21151513826103,0,1,0,0,0,0,0,0
2024,4(a),15.1752,37.2191,Benzene,5594.7669,569.10296764055,1,0,0,0,0,0,0,0
2024,2(b),10.3894,45.6392,Zinc and compounds (as Zn),977.695,448.5499430851952,0,0,0,0,0,0,1,0
2021,5(b),9.0725,45.7733,Carbon dioxide (CO2),105538400.0,510.4123845793232,0,0,0,0,0,0,0,1
2022,7(a),9.8353,45.4525,Ammonia (NH3),98350.0,448.92643101605097,0,0,1,0,0,0,0,0
2024,7(a),12.8869,46.0301,Ammonia (NH3),12750.0,459.9959655875469,0,0,1,0,0,0,0,0
2022,7(a),7.5422,44.8428,Ammonia (NH3),16882.0,516.7639695797164,0,0,1,0,0,0,0,0
2022,3(c),12.5467,43.3636,Nitrogen oxides (NOX),662859.0,162.48565083014304,0,0,0,1,0,0,0,0
2024,7(a),10.7842,45.3131,Ammonia (NH3),36912.0,403.4616422647851,0,0,1,0,0,0,0,0
2022,7(a),10.2324,45.0614,Ammonia (NH3),17200.0,395.8388823858459,0,0,1,0,0,0,0,0
2023,2(b),11.5006,45.5236,Chromium and compounds (as Cr),112.0,410.48270996553,0,0,0,0,0,0,1,0
2021,1(c),12.9717,41.7625,Hydro-fluorocarbons (HFCS),161.9,42.35660394644801,0,1,0,0,0,0,0,0
2021,1(c),10.4494,43.3816,Carbon dioxide (CO2),789613896.9,234.66174872826318,0,1,0,0,0,0,0,0
2021,7(a),10.0453,45.4906,Ammonia (NH3),12165.0,444.9020251261174,0,0,1,0,0,0,0,0
2022,3(a),15.8972,40.3136,Nitrous oxide (N2O),12000.0,335.23428566249964,0,0,0,1,0,0,0,0
2024,7(a),9.7497,45.4275,Ammonia (NH3),32800.0,449.8433692842449,0,0,1,0,0,0,0,0
2021,1(c),11.7586,42.1275,Sulphur oxides (SOX),956360.0,65.87472663400173,0,1,0,0,0,0,0,0
2022,7(a),9.6444,45.3345,Ammonia (NH3),31860.0,445.2572561014441,0,0,1,0,0,0,0,0
2023,3(e),17.1872,40.8686,Nitrogen oxides (NOX),130100.0,407.82271882162723,0,0,0,1,0,0,0,0
2024,3(c),12.5467,43.3636,Ammonia (NH3),14126.0,162.48565083014304,0,0,0,1,0,0,0,0
2024,7(a),11.9097,43.9454,Ammonia (NH3),21590.0,232.09427765558974,0,0,1,0,0,0,0,0
2021,7(a),9.978333,44.953611,Ammonia (NH3),13517.0,395.46121297512906,0,0,1,0,0,0,0,0
2022,1(c),10.4494,43.3822,Carbon dioxide (CO2),916983590.0,234.7079187361305,0,1,0,0,0,0,0,0
2024,7(a),11.883594,45.015297,Ammonia (NH3),19730.0,349.60713104445097,0,0,1,0,0,0,0,0
2023,2(b),17.1999,40.5167,Nitrogen oxides (NOX),3547430.0,422.49503361756746,0,0,0,0,0,0,1,0
2021,3(c),9.024167,39.469722,Carbon dioxide (CO2),245520000.0,398.5698826322054,0,0,0,1,0,0,0,0
2023,7(a),7.6739,44.7775,Ammonia (NH3),26900.0,504.1021213295117,0,0,1,0,0,0,0,0
2023,7(a),9.9228,45.2072,Ammonia (NH3),32070.0,421.86543351187754,0,0,1,0,0,0,0,0
2023,8(b),7.483333,44.649444,Carbon dioxide (CO2),128459258.9,507.75804342067056,0,0,0,0,0,0,0,0
2021,7(a)(ii),7.5939,44.4889,Ammonia (NH3),10132.0,490.39252268296667,0,0,1,0,0,0,0,0
2022,1(c),11.5001,44.6,Methane (CH4),189163.0,310.5725771825175,0,1,0,0,0,0,0,0
2024,1(c),10.4494,43.3822,Nitrogen oxides (NOX),240698.7,234.7079187361305,0,1,0,0,0,0,0,0
2022,5(d),12.5756,43.6901,Methane (CH4),643000.0,198.84369245266902,0,0,0,0,0,0,0,1
2022,8(b),,,Carbon dioxide (CO2),241106000.0,,0,0,0,0,0,0,0,0
2024,7(a),11.1156,45.1103,Ammonia (NH3),11945.0,373.6222652094686,0,0,1,0,0,0,0,0
2024,1(c),15.2808,38.2019,Nitrogen oxides (NOX),122735.4,474.81617636859517,0,1,0,0,0,0,0,0
2023,1(c),8.2991,40.8516,Sulphur oxides (SOX),405472.3,369.15699948624194,0,1,0,0,0,0,0,0
2023,1(c),14.1129,41.1774,Carbon dioxide (CO2),522624000.0,156.8614940772323,0,1,0,0,0,0,0,0
2023,7(a),7.7847,44.5853,Ammonia (NH3),14327.0,484.23863177920754,0,0,1,0,0,0,0,0
2021,7(a),7.5476,44.5575,Ammonia (NH3),16706.0,497.7321896626864,0,0,1,0,0,0,0,0
2021,1(a),10.3365,43.5872,Nitrogen oxides (NOX),454010.0,257.2528399694245,0,1,0,0,0,0,0,0
2021,1(a),15.1905,37.2216,Sulphur oxides (SOX),4082261.5,569.3767495576742,0,1,0,0,0,0,0,0
2022,7(a)(ii),7.3756,44.7411,Ammonia (NH3),11700.0,520.601724260065,0,0,1,0,0,0,0,0
2021,7(a),10.4956,45.3794,Ammonia (NH3),10740.0,418.73058126770167,0,0,1,0,0,0,0,0
2024,7(a),11.0028,45.0089,Ammonia (NH3),15204.0,365.80048206773796,0,0,1,0,0,0,0,0
2022,7(a),9.3649,45.2269,Ammonia (NH3),53624.0,447.4451209556297,0,0,1,0,0,0,0,0
2023,9(c),12.3992,45.9307,Non-methane volatile organic compounds (NMVOC),191120.0,447.94960416655414,0,0,0,0,1,0,0,0
2024,7(a),11.0713,44.9401,Ammonia (NH3),24554.0,356.788811869361,0,0,1,0,0,0,0,0
2024,7(a),10.9483,44.9781,Ammonia (NH3),13000.0,364.064871399501,0,0,1,0,0,0,0,0
2022,1(a),15.2723,38.2027,Chlorine and inorganic compounds (as HCl),12190.0,474.37811556178303,0,1,0,0,0,0,0,0
2023,7(a),10.38494,45.01997,Ammonia (NH3),13206.0,386.2047797395062,0,0,1,0,0,0,0,0
2022,1(c),13.2897,45.8169,Carbon dioxide (CO2),1663817000.0,439.84416071720636,0,1,0,0,0,0,0,0
2023,2(b),17.1999,40.5167,Naphthalene,484.92,422.49503361756746,0,0,0,0,0,0,1,0
2023,3(g),12.5706,42.5706,Cadmium and compounds (as Cd),11.5,74.50679592478195,0,0,0,1,0,0,0,0
2022,7(a),10.4333,45.4667,Ammonia (NH3),23870.0,429.57019016780146,0,0,1,0,0,0,0,0
2021,7(a),10.3167,45.4667,Ammonia (NH3),18780.0,433.27253012501194,0,0,1,0,0,0,0,0
2022,3(e),11.0928,45.1436,Sulphur oxides (SOX),1167580.0,377.69529539990066,0,0,0,1,0,0,0,0
2022,3(c),11.966666,45.877777,Ammonia (NH3),12127.0,444.0279993253838,0,0,0,1,0,0,0,0
2024,1(c),8.4008,39.1962,Sulphur oxides (SOX),536787.0,458.5068450836283,0,1,0,0,0,0,0,0
2021,7(a)(ii),13.245608,43.205425,Ammonia (NH3),23770.0,157.30732480033177,0,0,1,0,0,0,0,0
2021,7(a),10.8764,45.0906,Ammonia (NH3),25516.0,377.7639219671862,0,0,1,0,0,0,0,0
2023,7(a),12.0511,44.4681,Ammonia (NH3),12624.0,287.5226761084846,0,0,1,0,0,0,0,0
2021,7(a),10.330833,44.699722,Ammonia (NH3),24920.0,356.9448440243061,0,0,1,0,0,0,0,0
2021,7(a),10.6039,45.3069,Ammonia (NH3),22578.0,408.00680589698726,0,0,1,0,0,0,0,0
2021,7(a),10.019167,45.261667,Methane (CH4),170150.0,423.3950397088629,0,0,1,0,0,0,0,0
2024,4(e),17.9567,40.6417,Trichloromethane,55907.0208,477.28850834047483,1,0,0,0,0,0,0,0
2021,7(a),12.1807,44.146,Ammonia (NH3),15400.0,250.74859523320197,0,0,1,0,0,0,0,0
2024,7(a),10.9402,45.3247,Ammonia (NH3),53863.0,400.57047768573455,0,0,1,0,0,0,0,0
2022,7(a),11.0651,45.3634,Ammonia (NH3),14191.0,401.65347833902695,0,0,1,0,0,0,0,0
2024,1(c),13.7483,37.9691,Carbon monoxide (CO),1888710.0,450.22665809519594,0,1,0,0,0,0,0,0
2023,2(b),10.459167,45.4625,Zinc and compounds (as Zn),252.9346,428.34294478117357,0,0,0,0,0,0,1,0
2022,7(a),8.738886,39.572967,Ammonia (NH3),13957.0,408.99700859868875,0,0,1,0,0,0,0,0
2023,3(e),12.6167,41.55,Nitrogen oxides (NOX),216900.0,40.47997255590173,0,0,0,1,0,0,0,0
2021,4(b),12.2236,45.4483,Hydro-fluorocarbons (HFCS),1750.0,394.8508736063738,1,0,0,0,0,0,0,0
2024,2(b),10.2269,45.5333,Mercury and compounds (as Hg),16.321,442.934350852115,0,0,0,0,0,0,1,0
2023,7(a),10.1908,45.485,Ammonia (NH3),35050.0,439.29207532240514,0,0,1,0,0,0,0,0
2021,7(a),10.5547,45.2547,Ammonia (NH3),40387.0,404.1691415462678,0,0,1,0,0,0,0,0
2023,7(a),7.6681,44.4139,Ammonia (NH3),17956.0,480.84597016331213,0,0,1,0,0,0,0,0
2023,4(b),12.25,44.45,Carbon monoxide (CO),1384000.0,283.93915705228454,1,0,0,0,0,0,0,0
2024,7(a),15.3515,41.3721,Nitrous oxide (N2O),134.5225,244.48258469190336,0,0,1,0,0,0,0,0
2024,3(c),9.81,44.7667,Mercury and compounds (as Hg),11.3108,385.45810832592576,0,0,0,1,0,0,0,0
2022,7(a),7.6364,44.7573,Ammonia (NH3),22068.0,505.08676287935947,0,0,1,0,0,0,0,0
2024,7(a),12.705,46.141667,Ammonia (NH3),10369.0,471.6350058771939,0,0,1,0,0,0,0,0
2022,5(d),8.920388,45.667284,Methane (CH4),1456770.0,507.44755168858563,0,0,0,0,0,0,0,1
2021,7(a),10.2324,45.0614,Ammonia (NH3),17200.0,395.8388823858459,0,0,1,0,0,0,0,0
2021,2(b),9.5969,45.6425,Carbon dioxide (CO2),405329200.0,476.48876713324137,0,0,0,0,0,0,1,0
2021,1(a),15.1825,37.1791,Non-methane volatile organic compounds (NMVOC),204041.0,573.451982183205,0,1,0,0,0,0,0,0
2024,9(c),12.4984,45.8866,Non-methane volatile organic compounds (NMVOC),148955.0,442.97837771087245,0,0,0,0,1,0,0,0
2022,5(c),16.232472,38.858111,Ammonia (NH3),10915.6,463.33112205061144,0,0,0,0,0,0,0,1
2023,7(a),9.9975,45.2825,Ammonia (NH3),11402.0,426.2431517649768,0,0,1,0,0,0,0,0
2024,7(a),11.635278,45.455,Ammonia (NH3),21001.0,401.00403441671784,0,0,1,0,0,0,0,0
2022,8(b),7.8483,44.9519,Hydro-fluorocarbons (HFCS),338.0,505.6529134018682,0,0,0,0,0,0,0,0
2024,3(c),13.0042,41.7367,Ammonia (NH3),34772.9,45.95489691933602,0,0,0,1,0,0,0,0
2024,7(a),7.4745,44.427,Ammonia (NH3),12596.0,494.49369759983017,0,0,1,0,0,0,0,0
2021,7(a),13.9494,42.3745,Ammonia (NH3),22600.0,130.78117650488363,0,0,1,0,0,0,0,0
2024,1(a),8.8768,45.0997,Arsenic and compounds (as As),22.57,459.8924322368035,0,1,0,0,0,0,0,0
2021,7(a),7.737222,44.703889,Ammonia (NH3),10040.0,495.15219283204493,0,0,1,0,0,0,0,0
2021,4(b),12.25,44.45,Carbon dioxide (CO2),201668000.0,283.93915705228454,1,0,0,0,0,0,0,0
2022,7(a),10.9036,45.1458,Ammonia (NH3),14636.0,382.7675687415761,0,0,1,0,0,0,0,0
2023,2(e),8.4079,39.2091,Lead and compounds (as Pb),216.8709,457.08909962129064,0,0,0,0,0,0,1,0
2024,8(b),10.5114,45.3706,Hydro-fluorocarbons (HFCS),194.36,417.34435983802274,0,0,0,0,0,0,0,0
2021,2(b),11.5083,45.5194,Nitrogen oxides (NOX),111575.0,409.9050166276053,0,0,0,0,0,0,1,0
2024,2(b),17.1999,40.5167,Naphthalene,180.06,422.49503361756746,0,0,0,0,0,0,1,0
2024,7(a),10.5604,45.2548,Ammonia (NH3),32835.0,404.00208817022326,0,0,1,0,0,0,0,0
2022,9(c),14.268,40.9145,Non-methane volatile organic compounds (NMVOC),253200.0,184.12838928953803,0,0,0,0,1,0,0,0
2024,1(a),8.7858,45.4372,Nitrous oxide (N2O),10836.5,493.3600021474541,0,1,0,0,0,0,0,0
2021,5(b),11.4311,44.5239,Carbon dioxide (CO2),186972000.0,303.9624931186366,0,0,0,0,0,0,0,1
2021,1(c),13.2897,45.8169,Carbon dioxide (CO2),1142591000.0,439.84416071720636,0,1,0,0,0,0,0,0
2021,7(a),10.9492,45.1239,Ammonia (NH3),24580.0,379.25815162556347,0,0,1,0,0,0,0,0
2023,4(b),8.7952,45.4334,Sulphur oxides (SOX),271262.2,492.57280171328154,1,0,0,0,0,0,0,0
2022,7(a),12.0059,44.1581,Ammonia (NH3),25546.0,253.92589573596723,0,0,1,0,0,0,0,0
2022,7(a),9.9675,45.428611,Ammonia (NH3),31590.0,441.6229129910195,0,0,1,0,0,0,0,0
2024,5(c),11.7001,44.2944,Methane (CH4),960450.5,273.67608813739787,0,0,0,0,0,0,0,1
2021,3(c),14.0658,41.4456,Carbon monoxide (CO),1029700.0,139.90801467376932,0,0,0,1,0,0,0,0
2021,7(a),7.8372,44.5303,Ammonia (NH3),21286.0,477.2678823051672,0,0,1,0,0,0,0,0
2022,7(a),10.8553,44.9544,Ammonia (NH3),13500.0,364.26157713636235,0,0,1,0,0,0,0,0
2023,5(d),12.0075,44.0711,Methane (CH4),115878.5,244.3601071079829,0,0,0,0,0,0,0,1
2024,4(a),18.0022,40.6395,Carbon dioxide (CO2),345837850.0,481.00117134663145,1,0,0,0,0,0,0,0
2024,1(c),8.9733,45.0286,Nitrous oxide (N2O),14398.0,448.95765443327025,0,1,0,0,0,0,0,0
2021,7(a),13.3361,46.0534,Ammonia (NH3),23667.0,466.38275916600566,0,0,1,0,0,0,0,0
2024,1(c),17.0326,39.1022,Nitrogen oxides (NOX),218980.0,493.91500700012966,0,1,0,0,0,0,0,0
2022,7(a),10.9125,44.7194,Ammonia (NH3),16495.0,338.3779000862353,0,0,1,0,0,0,0,0
2022,7(a),9.8208,45.4933,Ammonia (NH3),36400.0,453.43567267909197,0,0,1,0,0,0,0,0
2022,4(e),7.7701,45.1432,Trichloromethane,3400.0,524.2692658113206,1,0,0,0,0,0,0,0
2024,9(c),11.3515,45.5088,Non-methane volatile organic compounds (NMVOC),251520.0,411.38178789770933,0,0,0,0,1,0,0,0
2022,1(a),15.2723,38.2027,Nickel and compounds (as Ni),118.9,474.37811556178303,0,1,0,0,0,0,0,0
2023,1(c),,,Carbon dioxide (CO2),130393000.0,,0,1,0,0,0,0,0,0
2022,1(c),10.6002,43.8233,Carbon dioxide (CO2),313637000.0,263.5896029410928,0,1,0,0,0,0,0,0
2023,7(a)(ii),12.0749,44.8441,Ammonia (NH3),26023.0,328.8258218118225,0,0,1,0,0,0,0,0
2024,7(a),7.6281,44.7789,Ammonia (NH3),14320.0,507.0638095697618,0,0,1,0,0,0,0,0
2022,1(c),15.2022,37.1291,Zinc and compounds (as Zn),561.7,579.2538732559473,0,1,0,0,0,0,0,0
2021,1(c),10.7146,45.3983,Nitrogen oxides (NOX),132863.0,414.2467731442831,0,1,0,0,0,0,0,0
2024,4(b),11.5921,44.856,Carbon dioxide (CO2),461483000.0,336.40887356733657,1,0,0,0,0,0,0,0
2024,2(e),9.3242,45.5611,Lead and compounds (as Pb),294.82,479.9435168749245,0,0,0,0,0,0,1,0
2021,2(b),10.3315,45.3735,Carbon monoxide (CO),584950.0,423.3822421972733,0,0,0,0,0,0,1,0
2021,7(a),9.586111,45.27,Ammonia (NH3),22691.0,441.6636440855092,0,0,1,0,0,0,0,0
2022,7(a),10.6066,45.3474,Ammonia (NH3),23078.0,412.0882655073563,0,0,1,0,0,0,0,0
2023,2(b),17.1999,40.5167,Arsenic and compounds (as As),91.92,422.49503361756746,0,0,0,0,0,0,1,0
2024,5(b),14.1103,41.5136,Nitrogen oxides (NOX),123193.8,140.78649673602848,0,0,0,0,0,0,0,1
2023,1(c),8.2991,40.8516,Nitrogen oxides (NOX),907610.5,369.15699948624194,0,1,0,0,0,0,0,0
2022,1(a),9.0113,39.0971,Particulate matter (PM10),95999.2,429.0677199992063,0,1,0,0,0,0,0,0
2023,3(c),9.4667,45.6847,Carbon monoxide (CO),807613.6,485.68689503915584,0,0,0,1,0,0,0,0
2021,7(a),8.9206,45.2328,Ammonia (NH3),54635.0,469.0462435895874,0,0,1,0,0,0,0,0
2023,8(b),10.3783,44.8144,Hydro-fluorocarbons (HFCS),123.5,366.21874731017965,0,0,0,0,0,0,0,0
2023,1(c),15.1825,37.1791,Arsenic and compounds (as As),58.32,573.451982183205,0,1,0,0,0,0,0,0
2023,5(a),12.047,45.377542,Chlorofluorocarbons (CFCs),91.71,388.0604555525377,0,0,0,0,0,0,0,1
2022,7(a),10.1681,45.1642,Ammonia (NH3),12880.0,408.2969907889651,0,0,1,0,0,0,0,0
2023,1(c),15.2808,38.2019,Carbon dioxide (CO2),1050289989.0,474.81617636859517,0,1,0,0,0,0,0,0
2021,3(c),9.7186,45.0497,Nitrogen oxides (NOX),556601.0,415.4886311061949,0,0,0,1,0,0,0,0
2021,7(a),14.6861,42.0396,Ammonia (NH3),16400.0,181.65832130010673,0,0,1,0,0,0,0,0
2024,7(a),9.8156,45.2261,Ammonia (NH3),36478.0,427.9690109246469,0,0,1,0,0,0,0,0
2023,3(c),11.7543,45.6298,Nitrogen oxides (NOX),185013.0,418.68038827244806,0,0,0,1,0,0,0,0
2021,7(a),10.99,43.3651,Ammonia (NH3),16080.0,204.01392740585015,0,0,1,0,0,0,0,0
2022,5(b),8.7776,45.2804,Nitrogen oxides (NOX),158686.0,480.25011833890966,0,0,0,0,0,0,0,1
2022,4(e),11.9231,45.4111,Hydro-fluorocarbons (HFCS),187.3,392.81888747337086,1,0,0,0,0,0,0,0
2022,7(a),12.6429,42.763483,Ammonia (NH3),28350.0,96.45819290976303,0,0,1,0,0,0,0,0
2022,3(c),14.725278,36.903056,Nitrogen oxides (NOX),406800.0,587.9442813117303,0,0,0,1,0,0,0,0
2021,7(a),12.0903,44.1594,Ammonia (NH3),32192.0,253.08325699390863,0,0,1,0,0,0,0,0
2024,7(a),10.2533,45.1203,Ammonia (NH3),15262.0,400.856858208096,0,0,1,0,0,0,0,0
2021,1(c),16.7564,41.1024,Carbon dioxide (CO2),424197353.9,365.7083823283547,0,1,0,0,0,0,0,0
2021,7(a),10.5683,45.1061,Ammonia (NH3),11566.0,388.6248312008802,0,0,1,0,0,0,0,0
2024,3(c),18.1997,40.1678,Nitrogen oxides (NOX),284500.0,515.6671288858599,0,0,0,1,0,0,0,0
2021,,11.081111,45.075833,Ammonia (NH3),15685.0,370.82175982621186,0,0,0,0,0,0,0,0
2022,7(a),7.4491,44.8875,Ammonia (NH3),11060.0,525.6113859280752,0,0,1,0,0,0,0,0
2023,7(a),7.523889,45.217778,Ammonia (NH3),10800.0,544.2390519333201,0,0,1,0,0,0,0,0
2023,6(b),7.5397,45.2533,Carbon dioxide (CO2),134240000.0,545.9014159132201,0,0,0,0,0,1,0,0
2021,1(c),13.7483,37.9691,Carbon dioxide (CO2),1023532021.2,450.22665809519594,0,1,0,0,0,0,0,0
2023,2(c),11.015,45.8003,Zinc and compounds (as Zn),541.25,449.343993794132,0,0,0,0,0,0,1,0
2022,5(d),8.780278,39.499,Methane (CH4),319000.0,411.7276218877778,0,0,0,0,0,0,0,1
2021,1(c),13.5906,45.9153,Carbon dioxide (CO2),176990000.0,454.6854917174831,0,1,0,0,0,0,0,0
2024,3(e),12.2592,45.4644,Carbon dioxide (CO2),107937000.0,396.4903506366455,0,0,0,1,0,0,0,0
2021,3(c),12.7394,46.1778,Nitrogen oxides (NOX),624641.0,475.75427963107893,0,0,0,1,0,0,0,0
2023,3(c),13.0042,41.7367,Carbon monoxide (CO),693770.7,45.95489691933602,0,0,0,1,0,0,0,0
2023,7(a),10.35,45.1225,Ammonia (NH3),10480.0,397.6214427892729,0,0,1,0,0,0,0,0
2021,4(a),,,Perfluorocarbons (PFCs),39400.0,,1,0,0,0,0,0,0,0
2024,1(a),17.193,40.4892,Nickel and compounds (as Ni),89.307,423.1599159692294,0,1,0,0,0,0,0,0
2023,9(c),14.771123,40.783681,Non-methane volatile organic compounds (NMVOC),184604.0,227.02505782072916,0,0,0,0,1,0,0,0
2024,2(d),10.1126,45.516,Benzene,3450.12,445.0650349334965,0,0,0,0,0,0,1,0
2023,2(a),10.2269,45.5333,Copper and compounds (as Cu),398.03,442.934350852115,0,0,0,0,0,0,1,0
2021,1(c),11.2511,45.0297,Mercury and compounds (as Hg),12.1,361.9154505330853,0,1,0,0,0,0,0,0
2023,1(c),12.236944,44.448611,Carbon dioxide (CO2),1802993000.0,283.861566092513,0,1,0,0,0,0,0,0
2022,5(c),9.4008,46.1397,Chlorofluorocarbons (CFCs),7.24,532.0788931828025,0,0,0,0,0,0,0,1
2023,1(c),9.5102,45.5119,Carbon dioxide (CO2),463159000.0,467.53659705314686,0,1,0,0,0,0,0,0
2021,1(c),18.0321,40.5638,Zinc and compounds (as Zn),1336.9521,486.1548254028064,0,1,0,0,0,0,0,0
2022,7(a),10.80375,45.238722,Ammonia (NH3),13677.0,395.1836422801964,0,0,1,0,0,0,0,0
2021,4(e),9.3747,45.4044,Non-methane volatile organic compounds (NMVOC),550000.0,463.2452754182313,1,0,0,0,0,0,0,0
2023,7(a),7.563633,44.584597,Ammonia (NH3),11095.0,498.41091573097657,0,0,1,0,0,0,0,0
2024,7(a),10.7394,45.3317,Ammonia (NH3),69980.0,406.6374781001603,0,0,1,0,0,0,0,0
2021,7(a),9.643889,45.415278,Ammonia (NH3),21386.0,452.91809938824736,0,0,1,0,0,0,0,0
2022,7(a),11.0264,45.0814,Ammonia (NH3),21926.0,372.78806600807974,0,0,1,0,0,0,0,0
2024,7(a),10.4817,45.3719,Ammonia (NH3),27841.0,418.3964555799259,0,0,1,0,0,0,0,0
2024,1(a),15.219444,37.135556,Sulphur oxides (SOX),2401454.0,579.1857861069731,0,1,0,0,0,0,0,0
2024,7(a),12.2214,43.2443,Ammonia (NH3),18350.0,150.8578317039756,0,0,1,0,0,0,0,0
2022,7(a),10.4559,45.1579,Ammonia (NH3),36842.0,397.5425475745938,0,0,1,0,0,0,0,0
2022,7(a),9.6467,45.1239,Ammonia (NH3),31574.0,425.4845983942671,0,0,1,0,0,0,0,0
2022,7(a),12.6331,42.8558,Ammonia (NH3),10200.0,106.56194315343484,0,0,1,0,0,0,0,0
2024,9(c),15.064444,37.437222,Sulphur hexafluoride (SF6),992.0,542.9506296951986,0,0,0,0,1,0,0,0
2021,2(b),10.3315,45.3735,Zinc and compounds (as Zn),371.77,423.3822421972733,0,0,0,0,0,0,1,0
2021,7(a),10.0506,45.0964,Ammonia (NH3),35850.0,406.17945503669534,0,0,1,0,0,0,0,0
2023,2(e),8.4079,39.2091,Zinc and compounds (as Zn),1163.9672,457.08909962129064,0,0,0,0,0,0,1,0
2022,7(a),9.8311,45.5432,Ammonia (NH3),13953.0,457.89777569728693,0,0,1,0,0,0,0,0
2021,2(b),11.3361,46.4786,Nitrogen oxides (NOX),121600.0,517.1303484960446,0,0,0,0,0,0,1,0
2021,7(a),10.7114,45.2478,Ammonia (NH3),10000.0,398.74666494463963,0,0,1,0,0,0,0,0
2024,3(e),9.6395,45.5201,Nitrogen oxides (NOX),133664.4,463.0780622267851,0,0,0,1,0,0,0,0
2021,8(b),13.238014,45.778114,Non-methane volatile organic compounds (NMVOC),237916.0,434.9949077450424,0,0,0,0,0,0,0,0
2024,2(e),10.359167,45.492778,Copper and compounds (as Cu),117.4,434.55100506264597,0,0,0,0,0,0,1,0
2022,7(a),9.586111,45.27,Ammonia (NH3),10932.0,441.6636440855092,0,0,1,0,0,0,0,0
2022,6(b),7.5397,45.2533,Carbon dioxide (CO2),143966000.0,545.9014159132201,0,0,0,0,0,1,0,0
2021,7(a),10.765833,45.061944,Ammonia (NH3),16443.0,377.987149637932,0,0,1,0,0,0,0,0
2024,7(a),10.9855,45.2338,Ammonia (NH3),13586.0,389.85997983874546,0,0,1,0,0,0,0,0
2021,7(a)(i),12.342694,44.13125,Ammonia (NH3),11282.0,248.10709043898717,0,0,1,0,0,0,0,0
2023,3(c),12.6178,43.2844,Carbon dioxide (CO2),336074000.0,153.94793754868223,0,0,0,1,0,0,0,0
2023,7(a),12.3931,44.027,Ammonia (NH3),22765.0,236.34971264088867,0,0,1,0,0,0,0,0
2024,1(c),17.2152,40.5108,Chromium and compounds (as Cr),149.5225,423.94185302872364,0,1,0,0,0,0,0,0
2023,7(a),11.8781,45.7128,Ammonia (NH3),13289.0,426.5441296944465,0,0,1,0,0,0,0,0
2021,1(c),11.7586,42.1275,Arsenic and compounds (as As),83.6403,65.87472663400173,0,1,0,0,0,0,0,0
2022,7(a),9.643889,45.415278,Ammonia (NH3),21386.0,452.91809938824736,0,0,1,0,0,0,0,0
2023,7(a),12.0779,44.8416,Ammonia (NH3),159046.0,328.524369951749,0,0,1,0,0,0,0,0
2022,3(c),9.81,44.7667,Mercury and compounds (as Hg),22.9,385.45810832592576,0,0,0,1,0,0,0,0
2024,7(a),9.974,45.1606,Ammonia (NH3),44530.0,415.3676424977023,0,0,1,0,0,0,0,0
2024,7(a),8.2072,45.3925,Ammonia (NH3),23640.0,519.1438594761113,0,0,1,0,0,0,0,0
2024,7(a),12.455936,44.128392,Ammonia (NH3),10353.0,247.49639489340004,0,0,1,0,0,0,0,0
2021,7(a),9.8011,45.4889,Ammonia (NH3),12482.0,453.76198998481414,0,0,1,0,0,0,0,0
2024,1(a),9.0113,39.0971,Arsenic and compounds (as As),65.1342,429.0677199992063,0,1,0,0,0,0,0,0
2021,1(a),15.1825,37.1791,Benzene,1853.428,573.451982183205,0,1,0,0,0,0,0,0
2022,1(a),8.7858,45.4372,Arsenic and compounds (as As),22.6861,493.3600021474541,0,1,0,0,0,0,0,0
2024,1(c),15.2022,37.1291,Zinc and compounds (as Zn),2683.0,579.2538732559473,0,1,0,0,0,0,0,0
2024,7(a),10.4308,45.2204,Ammonia (NH3),16970.0,404.6708812925521,0,0,1,0,0,0,0,0
2024,6(b),11.05,45.0667,Cadmium and compounds (as Cd),15.1,370.6401970890199,0,0,0,0,0,1,0,0
2022,4(a),8.375939,40.831425,Chlorofluorocarbons (CFCs),4.91,363.86151585055524,1,0,0,0,0,0,0,0
2021,7(a),11.0264,45.0814,Methane (CH4),115830.0,372.78806600807974,0,0,1,0,0,0,0,0
2022,1(d),8.2897,44.3808,Nitrogen oxides (NOX),196335.0,438.54873299619953,0,1,0,0,0,0,0,0
2022,3(c),11.8367,43.6581,Ammonia (NH3),26800.0,202.46809270796382,0,0,0,1,0,0,0,0
2022,7(a),11.227333,45.3805,Ammonia (NH3),32596.0,399.94402782186154,0,0,1,0,0,0,0,0
2021,7(a),9.831944,45.216111,Ammonia (NH3),12987.0,426.35581966353243,0,0,1,0,0,0,0,0
2024,7(a),9.715278,45.503845,Ammonia (NH3),13067.0,458.52873817223474,0,0,1,0,0,0,0,0
2022,7(a),12.167853,44.246331,Ammonia (NH3),16138.0,261.9509083816329,0,0,1,0,0,0,0,0
2022,7(b),14.2864,41.9544,Ammonia (NH3),11100.0,148.1890080175871,0,0,1,0,0,0,0,0
2023,4(a),9.6875,45.1492,"1,2-dichloroethane (DCE-1,2)",1079.0,426.07325387772653,1,0,0,0,0,0,0,0
2024,2(d),10.1126,45.516,Polychlorinated biphenyls (PCBs),0.2043,445.0650349334965,0,0,0,0,0,0,1,0
2021,5(d),8.4172,44.27,Methane (CH4),172000.0,423.0171529705838,0,0,0,0,0,0,0,1
2023,7(a),10.702778,44.475556,Ammonia (NH3),21869.0,320.89145800535647,0,0,1,0,0,0,0,0
2021,7(a),10.8747,45.0375,Ammonia (NH3),11009.0,372.2982530102093,0,0,1,0,0,0,0,0
2024,7(a),11.556667,45.227222,Ammonia (NH3),39268.0,377.3253772963938,0,0,1,0,0,0,0,0
2023,7(a),9.431667,45.411667,Ammonia (NH3),54000.0,461.4547851678403,0,0,1,0,0,0,0,0
2024,2(b),11.0,45.4333,Zinc and compounds (as Zn),4855.1,410.5887775813313,0,0,0,0,0,0,1,0
2023,4(b),12.2236,45.4483,Hydro-fluorocarbons (HFCS),3680.0,394.8508736063738,1,0,0,0,0,0,0,0
2024,2(b),15.8136,40.635,Zinc and compounds (as Zn),761.8,310.9916304131043,0,0,0,0,0,0,1,0
2021,3(c),8.6794,45.7794,Carbon dioxide (CO2),536971000.0,528.5578509656057,0,0,0,1,0,0,0,0
2021,3(c),16.6569,40.6753,Carbon dioxide (CO2),477875000.0,373.3984326170081,0,0,0,1,0,0,0,0
2021,2(b),11.5083,45.5194,Polychlorinated biphenyls (PCBs),0.448,409.9050166276053,0,0,0,0,0,0,1,0
2022,7(a),8.1345,45.4249,Ammonia (NH3),15062.0,525.6569957465897,0,0,1,0,0,0,0,0
2022,1(c),17.2152,40.5108,Cadmium and compounds (as Cd),18.072,423.94185302872364,0,1,0,0,0,0,0,0
2023,7(a),11.449722,45.643139,Ammonia (NH3),14831.0,424.3013722463416,0,0,1,0,0,0,0,0
2023,7(a),11.4651,44.9434,Ammonia (NH3),11270.0,348.1982199414602,0,0,1,0,0,0,0,0
2024,6(b),13.0739,46.2325,Mercury and compounds (as Hg),32.49,483.64256280003474,0,0,0,0,0,1,0,0
2023,7(a),7.6803,44.4214,Ammonia (NH3),10837.0,480.50675249744177,0,0,1,0,0,0,0,0
2023,7(a),7.4706,44.2812,Ammonia (NH3),11775.0,486.15953169030996,0,0,1,0,0,0,0,0
2024,2(d),7.9904,44.8738,Hydrochlorofluorocarbons (HCFCs),10.0,491.5048026378396,0,0,0,0,0,0,1,0
2023,9(c),13.4258,41.9964,Perfluorocarbons (PFCs),3384.0,77.56184590909317,0,0,0,0,1,0,0,0
2022,6(b),11.05,45.0667,Cadmium and compounds (as Cd),10.45,370.6401970890199,0,0,0,0,0,1,0,0
2022,5(d),8.85,44.4666,Methane (CH4),2502000.0,410.6203623249786,0,0,0,0,0,0,0,1
2024,1(c),14.1132,41.3774,Nitrogen oxides (NOX),171310.0,146.5044836253199,0,1,0,0,0,0,0,0
2024,7(a),10.3828,45.4119,Ammonia (NH3),23393.0,425.5909066542994,0,0,1,0,0,0,0,0
2023,7(a),9.8047,45.4556,Ammonia (NH3),35940.0,450.4026414035515,0,0,1,0,0,0,0,0
2021,7(a),9.3176,45.2405,Ammonia (NH3),18982.0,450.829368095555,0,0,1,0,0,0,0,0
2024,7(a),8.4634,45.4033,Ammonia (NH3),10416.0,506.5989693847183,0,0,1,0,0,0,0,0
2021,7(a),9.8615,45.4224,Ammonia (NH3),41070.0,445.00704592498516,0,0,1,0,0,0,0,0
2024,7(a),10.4544,45.26,Ammonia (NH3),26963.0,407.8964923066719,0,0,1,0,0,0,0,0
2023,2(b),10.2008,45.6489,Zinc and compounds (as Zn),324.5922,455.4495951039566,0,0,0,0,0,0,1,0
2024,1(c),7.7516,45.1622,Carbon dioxide (CO2),422383500.0,526.7586534673983,0,1,0,0,0,0,0,0
2022,7(a),11.551,45.1822,Ammonia (NH3),16886.0,372.521268659234,0,0,1,0,0,0,0,0
2021,7(a),8.738886,39.572967,Ammonia (NH3),19129.0,408.99700859868875,0,0,1,0,0,0,0,0
2021,4(e),9.0333,45.5833,Non-methane volatile organic compounds (NMVOC),469909.0,494.744318907263,1,0,0,0,0,0,0,0
2022,1(c),17.2152,40.5108,Nickel and compounds (as Ni),148.317,423.94185302872364,0,1,0,0,0,0,0,0
2023,1(d),8.2897,44.3808,Carbon dioxide (CO2),129374000.0,438.54873299619953,0,1,0,0,0,0,0,0
2022,7(a),9.8861,44.8783,Ammonia (NH3),22797.0,392.32209579313763,0,0,1,0,0,0,0,0
2024,7(a),7.8167,44.9186,Ammonia (NH3),20944.0,505.16196747543046,0,0,1,0,0,0,0,0
2022,1(c),13.5906,45.9153,Carbon dioxide (CO2),160429880.0,454.6854917174831,0,1,0,0,0,0,0,0
2023,7(a),10.422222,45.543611,Ammonia (NH3),37576.0,437.76784729322213,0,0,1,0,0,0,0,0
2024,7(a),12.5025,43.0435,Ammonia (NH3),23900.0,126.84103938838427,0,0,1,0,0,0,0,0
2024,7(a),10.7131,44.9178,Ammonia (NH3),14634.0,364.8651559970455,0,0,1,0,0,0,0,0
2023,1(c),15.2022,37.1291,Nitrous oxide (N2O),25800.0,579.2538732559473,0,1,0,0,0,0,0,0
2024,1(c),17.2152,40.5108,Carbon dioxide (CO2),2445863150.0,423.94185302872364,0,1,0,0,0,0,0,0
2022,1(a),8.7858,45.4372,Sulphur oxides (SOX),1657725.5,493.3600021474541,0,1,0,0,0,0,0,0
2021,3(c),13.0042,41.7367,Carbon monoxide (CO),616550.0,45.95489691933602,0,0,0,1,0,0,0,0
2022,7(a),11.1975,45.0367,Ammonia (NH3),19446.0,363.88276709619555,0,0,1,0,0,0,0,0
2022,7(a),10.95,45.0817,Ammonia (NH3),13082.0,374.8234112634752,0,0,1,0,0,0,0,0
2024,6(b),10.5167,44.9167,Zinc and compounds (as Zn),3266.0,371.29893725265117,0,0,0,0,0,1,0,0
2022,5(a),9.4092,45.5814,Chlorofluorocarbons (CFCs),9.83,478.26352720300173,0,0,0,0,0,0,0,1
2021,7(a),10.1992,45.4786,Ammonia (NH3),24320.0,438.366642760002,0,0,1,0,0,0,0,0
2021,7(a),10.0761,44.9185,Ammonia (NH3),28500.0,388.11545703543754,0,0,1,0,0,0,0,0
2022,1(c),16.2147,39.7111,Carbon dioxide (CO2),1143418000.0,396.5827136030377,0,1,0,0,0,0,0,0
2022,2(b),10.3315,45.3735,Zinc and compounds (as Zn),260.44,423.3822421972733,0,0,0,0,0,0,1,0
2023,7(a),7.3755,44.8381,Ammonia (NH3),15220.0,526.9480630152852,0,0,1,0,0,0,0,0
2021,7(a),10.1753,45.3947,Ammonia (NH3),24400.0,430.8094953246309,0,0,1,0,0,0,0,0
2021,7(a),9.8089,45.1986,Ammonia (NH3),19826.0,425.6316362060307,0,0,1,0,0,0,0,0
2021,1(c),17.9919,40.6411,Nitrous oxide (N2O),43830.0,480.12109605671674,0,1,0,0,0,0,0,0
2024,1(a),15.1825,37.1791,Sulphur oxides (SOX),490582.2,573.451982183205,0,1,0,0,0,0,0,0
2021,3(e),12.2592,45.4644,Sulphur oxides (SOX),153370.0,396.4903506366455,0,0,0,1,0,0,0,0
2022,7(a),12.612778,46.053889,Ammonia (NH3),43282.0,461.67380473819304,0,0,1,0,0,0,0,0
2022,7(a),12.709881,46.039242,Ammonia (NH3),20602.0,460.26800993100824,0,0,1,0,0,0,0,0
2023,4(a),14.2772,37.0554,Non-methane volatile organic compounds (NMVOC),118627.0,560.2184704049324,1,0,0,0,0,0,0,0
2024,1(a),15.2723,38.2027,Non-methane volatile organic compounds (NMVOC),130132.0,474.37811556178303,0,1,0,0,0,0,0,0
2022,7(a),8.8578,44.84,Ammonia (NH3),11727.0,439.4131011728711,0,0,1,0,0,0,0,0
2023,2(b),9.9469,45.1494,Carbon dioxide (CO2),378667000.0,415.3672054730542,0,0,0,0,0,0,1,0
2024,7(a),12.1566,45.5995,Ammonia (NH3),13547.2,411.9582255321011,0,0,1,0,0,0,0,0
2022,7(a)(ii),9.9121,45.177,Ammonia (NH3),18693.0,419.3977889809527,0,0,1,0,0,0,0,0
2024,7(a),7.65,44.55,Ammonia (NH3),12741.0,490.6012271219226,0,0,1,0,0,0,0,0
2024,2(b),13.2534,46.0067,Cadmium and compounds (as Cd),28.66,460.33206608834774,0,0,0,0,0,0,1,0
2021,7(a),9.9275,45.2317,Ammonia (NH3),27840.0,424.0341762412437,0,0,1,0,0,0,0,0
2021,1(a),13.3813,43.6395,Carbon dioxide (CO2),478343000.0,206.17477195412638,0,1,0,0,0,0,0,0
2021,7(a),10.306389,45.453889,Ammonia (NH3),24196.0,432.31460156994257,0,0,1,0,0,0,0,0
2021,2(b),15.8136,40.635,Zinc and compounds (as Zn),329.8,310.9916304131043,0,0,0,0,0,0,1,0
2022,7(a),12.5025,43.0435,Ammonia (NH3),24500.0,126.84103938838427,0,0,1,0,0,0,0,0
2023,2(b),15.8136,40.635,Carbon monoxide (CO),753000.0,310.9916304131043,0,0,0,0,0,0,1,0
2024,7(a),13.351503,43.631817,Ammonia (NH3),23787.0,204.53383526439478,0,0,1,0,0,0,0,0
2022,4(a),14.6793,36.912727,Non-methane volatile organic compounds (NMVOC),123700.0,585.6491093157239,1,0,0,0,0,0,0,0
2024,7(a),14.6861,42.0396,Ammonia (NH3),12451.0,181.65832130010673,0,0,1,0,0,0,0,0
2023,7(a),15.917222,41.855,Particulate matter (PM10),184924.0,283.24440313804433,0,0,1,0,0,0,0,0
2022,3(e),13.2324,45.7701,Carbon dioxide (CO2),131820500.0,434.0513576127998,0,0,0,1,0,0,0,0
2024,7(a),9.968889,45.555556,Ammonia (NH3),43610.0,454.0503975113994,0,0,1,0,0,0,0,0
2022,7(a),11.785,45.156,Ammonia (NH3),13629.4,366.2530756963119,0,0,1,0,0,0,0,0
2024,3(e),11.0928,45.1436,Cadmium and compounds (as Cd),13.57,377.69529539990066,0,0,0,1,0,0,0,0
2021,7(a),10.6428,45.1961,Ammonia (NH3),39370.0,395.46596604352055,0,0,1,0,0,0,0,0
2021,7(a),10.8989,44.955,Ammonia (NH3),12100.0,363.0587706641299,0,0,1,0,0,0,0,0
2022,6(b),13.0739,46.2325,Arsenic and compounds (as As),49.6,483.64256280003474,0,0,0,0,0,1,0,0
2022,1(c),13.5455,45.7969,Nitrogen oxides (NOX),211342.7,441.0889789395028,0,1,0,0,0,0,0,0
2022,4(a),10.6014,44.9308,Dichloromethane (DCM),1405.81,369.8258019958169,1,0,0,0,0,0,0,0
2021,3(c),14.725278,36.903056,Ammonia (NH3),26100.0,587.9442813117303,0,0,0,1,0,0,0,0
2022,1(c),15.9735,38.4408,Nitrogen oxides (NOX),189000.0,485.15807676212285,0,1,0,0,0,0,0,0
2023,1(c),7.9005,45.1854,Carbon dioxide (CO2),513299400.0,519.876589257793,0,1,0,0,0,0,0,0
2021,9(a),11.0697,43.88,Benzene,1587.0,248.6762814578878,0,0,0,0,1,0,0,0
2024,7(a),10.540942,44.797533,Ammonia (NH3),20729.0,358.58873459492736,0,0,1,0,0,0,0,0
2021,3(c),9.7186,45.0497,Ammonia (NH3),28894.0,415.4886311061949,0,0,0,1,0,0,0,0
2021,4(e),7.7701,45.1432,Trichloromethane,3200.0,524.2692658113206,1,0,0,0,0,0,0,0
2022,1(a),13.3813,43.6395,Non-methane volatile organic compounds (NMVOC),153500.0,206.17477195412638,0,1,0,0,0,0,0,0
2021,4(e),9.0411,45.5317,Non-methane volatile organic compounds (NMVOC),121920.0,489.7244934200075,1,0,0,0,0,0,0,0
2021,7(a),10.2358,45.2931,Ammonia (NH3),20300.0,418.5897015482794,0,0,1,0,0,0,0,0
2023,1(c),15.9735,38.4408,Carbon dioxide (CO2),417071000.0,485.15807676212285,0,1,0,0,0,0,0,0
2021,7(a)(ii),7.5147,44.7347,Ammonia (NH3),10309.0,511.2842018463095,0,0,1,0,0,0,0,0
2024,1(c),9.4359,45.3345,Hydro-fluorocarbons (HFCS),114.5,454.1275854590648,0,1,0,0,0,0,0,0
2024,7(a),10.276667,45.269722,Ammonia (NH3),20390.0,414.838715260458,0,0,1,0,0,0,0,0
2023,7(a),10.0956,45.0923,Ammonia (NH3),10710.0,404.0340007687398,0,0,1,0,0,0,0,0
2024,7(a),11.6239,45.1942,Ammonia (NH3),10979.0,372.6740265873568,0,0,1,0,0,0,0,0
2023,3(e),10.3858,43.7061,Carbon dioxide (CO2),100769000.0,264.2817592979229,0,0,0,1,0,0,0,0
2023,3(c),12.487222,42.539722,Carbon dioxide (CO2),159502000.0,70.82652735983251,0,0,0,1,0,0,0,0
2024,1(c),9.4794,45.0899,Carbon dioxide (CO2),770217854.7,429.82876504034436,0,1,0,0,0,0,0,0
2024,1(c),7.6763,44.9925,Nitrogen oxides (NOX),226200.0,518.9089994637612,0,1,0,0,0,0,0,0
2024,4(a),9.0328,45.5222,Hydro-fluorocarbons (HFCS),142.7,489.2461839941154,1,0,0,0,0,0,0,0
2024,5(d),17.4758,40.4881,Methane (CH4),463900.0,445.2515291620903,0,0,0,0,0,0,0,1
2023,1(c),11.9005,44.8,Methane (CH4),194805.0,325.7343389661802,0,1,0,0,0,0,0,0
2022,7(a)(ii),9.654167,45.6025,Ammonia (NH3),10536.0,470.40618587701505,0,0,1,0,0,0,0,0
2022,7(a)(ii),7.548889,44.688056,Ammonia (NH3),12200.0,506.0436382904124,0,0,1,0,0,0,0,0
2021,7(a)(i),7.89,44.7465,Ammonia (NH3),20115.0,488.56068934245667,0,0,1,0,0,0,0,0
2024,1(a),15.219444,37.135556,Hydro-fluorocarbons (HFCS),798.0,579.1857861069731,0,1,0,0,0,0,0,0
2021,7(a),12.0465,44.3015,Ammonia (NH3),17930.0,269.21136669366126,0,0,1,0,0,0,0,0
2021,7(a),9.9824,45.3821,Ammonia (NH3),25376.0,436.5200865583169,0,0,1,0,0,0,0,0
2021,7(a),7.5942,44.4036,Ammonia (NH3),19352.0,485.1058054678555,0,0,1,0,0,0,0,0
2024,7(a),13.8574,42.5876,Ammonia (NH3),10028.0,135.4558229226069,0,0,1,0,0,0,0,0
2024,3(c),12.259722,45.815833,Carbon dioxide (CO2),186553000.0,435.5224044699912,0,0,0,1,0,0,0,0
2022,7(a),10.753333,45.689722,Ammonia (NH3),12588.0,443.68737513558597,0,0,1,0,0,0,0,0
2024,7(a),10.7642,45.29,Ammonia (NH3),24834.0,401.6137784790315,0,0,1,0,0,0,0,0
2024,3(c),,,Carbon dioxide (CO2),104660000.0,,0,0,0,1,0,0,0,0
2023,7(a),11.0739,44.599,Ammonia (NH3),17434.0,321.1634400111711,0,0,1,0,0,0,0,0
2022,7(a)(ii),9.9172,45.4744,Ammonia (NH3),18610.0,447.9676051277348,0,0,1,0,0,0,0,0
2024,7(a),10.3031,44.6631,Ammonia (NH3),14325.0,354.54732732201853,0,0,1,0,0,0,0,0
2023,1(c),12.4432,42.3621,Methane (CH4),158623.0,51.25989552939951,0,1,0,0,0,0,0,0
2024,4(a),12.235556,44.4455,Hydro-fluorocarbons (HFCS),893.0,283.52500163154707,1,0,0,0,0,0,0,0
2022,1(c),8.2991,40.8516,Fluorine and inorganic compounds (as HF),12858.0,369.15699948624194,0,1,0,0,0,0,0,0
2022,4(b),15.1839,37.1841,Carbon dioxide (CO2),157584200.0,572.9877916052352,1,0,0,0,0,0,0,0
2022,9(c),,,Non-methane volatile organic compounds (NMVOC),290200.0,,0,0,0,0,1,0,0,0
2022,7(a),10.348611,45.475,Ammonia (NH3),19382.0,433.08359000251033,0,0,1,0,0,0,0,0
2021,7(a)(ii),9.6342,45.1606,Ammonia (NH3),27090.0,429.4266161702991,0,0,1,0,0,0,0,0
2023,7(a),10.7394,45.3317,Ammonia (NH3),27382.0,406.6374781001603,0,0,1,0,0,0,0,0
2023,5(d),11.5881,45.1389,Methane (CH4),140472.2,367.20775494242633,0,0,0,0,0,0,0,1
2022,7(a),9.9228,45.2072,Ammonia (NH3),32070.0,421.86543351187754,0,0,1,0,0,0,0,0
2024,3(c),13.258717,42.463755,Ammonia (NH3),23719.1,88.52024109973759,0,0,0,1,0,0,0,0
2023,7(a),11.8771,45.7125,Ammonia (NH3),11277.0,426.5203418973374,0,0,1,0,0,0,0,0
2024,7(a),9.3267,45.4119,Ammonia (NH3),12362.0,466.03621859810676,0,0,1,0,0,0,0,0
2024,1(a),17.193,40.4892,Sulphur oxides (SOX),492020.0,423.1599159692294,0,1,0,0,0,0,0,0
2021,7(a),10.422222,45.543611,Ammonia (NH3),33730.0,437.76784729322213,0,0,1,0,0,0,0,0
2024,7(a),12.8419,45.8839,Ammonia (NH3),12326.0,443.541677280921,0,0,1,0,0,0,0,0
2024,3(c),12.7394,46.1778,Ammonia (NH3),35682.9,475.75427963107893,0,0,0,1,0,0,0,0
2022,5(b),14.3883,40.9667,Nitrogen oxides (NOX),262070.0,188.96086567559271,0,0,0,0,0,0,0,1
2022,1(c),8.4008,39.1962,Carbon dioxide (CO2),1389885000.0,458.5068450836283,0,1,0,0,0,0,0,0
2023,7(a),9.7003,45.3219,Ammonia (NH3),12814.0,441.76292334580654,0,0,1,0,0,0,0,0
2022,1(c),17.2152,40.5108,Sulphur oxides (SOX),581600.0,423.94185302872364,0,1,0,0,0,0,0,0
2021,7(a),9.7739,45.2661,Ammonia (NH3),17741.0,433.46538418445164,0,0,1,0,0,0,0,0
2021,7(a),12.5072,45.9344,Ammonia (NH3),11734.0,448.29429956597073,0,0,1,0,0,0,0,0
2022,7(a),10.353333,45.368611,Ammonia (NH3),12495.0,422.16986840291037,0,0,1,0,0,0,0,0
2022,7(a),7.6492,44.4492,Ammonia (NH3),10388.0,484.28310295149066,0,0,1,0,0,0,0,0
2022,7(a),12.2123,44.9979,Ammonia (NH3),17801.1,344.92200432794266,0,0,1,0,0,0,0,0
2022,4(a),8.6421,45.4596,Nitrous oxide (N2O),74421.0,502.3468288780493,1,0,0,0,0,0,0,0
2021,2(b),13.2534,46.0067,Chromium and compounds (as Cr),228.648,460.33206608834774,0,0,0,0,0,0,1,0
2024,1(c),12.2003,42.9946,Nitrogen oxides (NOX),114812.0,123.80937782008826,0,1,0,0,0,0,0,0
2024,7(a),9.9642,45.2506,Ammonia (NH3),14810.0,424.42656179257915,0,0,1,0,0,0,0,0
2021,9(c),14.3427,41.0396,Non-methane volatile organic compounds (NMVOC),175203.0,181.31077164231885,0,0,0,0,1,0,0,0
2022,3(c),12.259722,45.815833,Carbon dioxide (CO2),186942000.0,435.5224044699912,0,0,0,1,0,0,0,0
2022,2(b),15.8136,40.635,Zinc and compounds (as Zn),901.6,310.9916304131043,0,0,0,0,0,0,1,0
2023,1(c),9.7104,45.0545,Carbon monoxide (CO),503634.0,416.28976618018316,0,1,0,0,0,0,0,0
2023,7(a),16.0768,40.9085,Ammonia (NH3),35150.0,318.38896765571116,0,0,1,0,0,0,0,0
2022,7(a),11.8605,44.6645,Ammonia (NH3),15980.0,311.36811929508775,0,0,1,0,0,0,0,0
2024,9(c),13.6786,43.2933,Non-methane volatile organic compounds (NMVOC),108011.7,182.39582302782517,0,0,0,0,1,0,0,0
2023,7(a),7.835137,44.862804,Ammonia (NH3),11178.0,500.0789327456044,0,0,1,0,0,0,0,0
2023,5(c),7.7887,44.4765,Methane (CH4),481239.0,476.90334070765385,0,0,0,0,0,0,0,1
2022,2(b),13.2534,46.0067,Carbon monoxide (CO),978230.0,460.33206608834774,0,0,0,0,0,0,1,0
2021,7(a),10.4919,45.3809,Ammonia (NH3),43650.0,418.99815196073837,0,0,1,0,0,0,0,0
2024,7(a),10.6565,45.0695,Ammonia (NH3),18213.0,382.1007159263712,0,0,1,0,0,0,0,0
2021,3(c),9.4667,45.6847,Benzene,3980.78,485.68689503915584,0,0,0,1,0,0,0,0
2022,7(a),10.7597,44.9633,Ammonia (NH3),10831.0,368.0487575899815,0,0,1,0,0,0,0,0
2024,9(c),9.7139,45.0506,Non-methane volatile organic compounds (NMVOC),583800.0,415.77642007803644,0,0,0,0,1,0,0,0
2024,2(b),10.3894,45.6392,Carbon monoxide (CO),1230655.0,448.5499430851952,0,0,0,0,0,0,1,0
2023,1(c),15.2022,37.1291,Nitrogen oxides (NOX),556400.0,579.2538732559473,0,1,0,0,0,0,0,0
2022,7(a),9.9561,45.2844,Ammonia (NH3),21868.0,428.0094573536063,0,0,1,0,0,0,0,0
2024,7(a),8.5297,45.5086,Ammonia (NH3),14710.0,512.133806146261,0,0,1,0,0,0,0,0
2021,7(a),10.8961,45.2628,Ammonia (NH3),16876.4,395.2025636866911,0,0,1,0,0,0,0,0
2022,1(c),15.2022,37.1291,Sulphur hexafluoride (SF6),76.25,579.2538732559473,0,1,0,0,0,0,0,0
2021,7(a)(ii),9.5558,45.1702,Ammonia (NH3),24529.0,433.7343681255699,0,0,1,0,0,0,0,0
2021,8(b),11.863175,45.237153,Hydro-fluorocarbons (HFCS),106.0,374.25276607071635,0,0,0,0,0,0,0,0
2021,7(a)(i),10.0904,44.968,Methane (CH4),119000.0,392.2671166611935,0,0,1,0,0,0,0,0
2022,7(a),12.3579,45.8274,Ammonia (NH3),12057.5,436.5366308911425,0,0,1,0,0,0,0,0
2022,8(b),13.5775,42.9176,Hydro-fluorocarbons (HFCS),158.2,143.56200061929437,0,0,0,0,0,0,0,0
2021,7(a),11.3294,44.9014,Ammonia (NH3),74695.0,346.4911663316083,0,0,1,0,0,0,0,0
2024,7(a),10.7386,45.0669,Ammonia (NH3),27560.0,379.31229570763725,0,0,1,0,0,0,0,0
2021,7(a),12.1425,46.1319,Ammonia (NH3),28600.0,471.1037214234051,0,0,1,0,0,0,0,0
2024,3(a),15.8972,40.3136,Carbon dioxide (CO2),626924696.4,335.23428566249964,0,0,0,1,0,0,0,0
2022,7(a),9.966944,45.443333,Ammonia (NH3),22890.0,443.08539861505756,0,0,1,0,0,0,0,0
2024,3(c),10.0333,45.7167,Carbon dioxide (CO2),181506000.0,467.82069491437875,0,0,0,1,0,0,0,0
2023,7(a),10.6344,45.1492,Ammonia (NH3),119830.0,390.92419203318303,0,0,1,0,0,0,0,0
2024,4(e),9.0447,45.6078,Dichloromethane (DCM),1291.52,496.4559224391397,1,0,0,0,0,0,0,0
2022,7(a),10.7114,45.2167,Ammonia (NH3),11128.0,395.5369059396822,0,0,1,0,0,0,0,0
2024,5(d),12.7147,46.1147,Methane (CH4),377569.0,468.66664698646406,0,0,0,0,0,0,0,1
2024,5(d),8.8556,44.9211,Methane (CH4),893850.0,446.1395145648609,0,0,0,0,0,0,0,1
2022,7(a),11.5931,44.4844,Ammonia (NH3),10035.0,296.24779165051837,0,0,1,0,0,0,0,0
2021,7(a),13.2921,43.5365,Ammonia (NH3),31539.0,192.9362423014547,0,0,1,0,0,0,0,0
2022,9(c),9.3333,45.5667,Hydro-fluorocarbons (HFCS),163.0,480.07797140875863,0,0,0,0,1,0,0,0
2021,7(a),10.753333,45.689722,Ammonia (NH3),12588.0,443.68737513558597,0,0,1,0,0,0,0,0
2022,7(a),9.923611,45.604722,Ammonia (NH3),18343.0,460.5268299054138,0,0,1,0,0,0,0,0
2024,3(a),16.0871,40.4101,Sulphur oxides (SOX),180000.0,343.3499001389804,0,0,0,1,0,0,0,0
2024,7(a),9.32,45.3963,Methane (CH4),23430.0,464.89946088890144,0,0,1,0,0,0,0,0
2023,7(a),10.9402,45.3247,Ammonia (NH3),17084.0,400.57047768573455,0,0,1,0,0,0,0,0
2021,7(a),12.2994,44.1514,Ammonia (NH3),37211.0,250.54494829404263,0,0,1,0,0,0,0,0
2023,3(e),14.7333,42.0667,Nitrogen oxides (NOX),324400.0,185.7787565112474,0,0,0,1,0,0,0,0
2021,7(a),9.379269,45.077943,Ammonia (NH3),10013.0,433.37838701552596,0,0,1,0,0,0,0,0
2022,7(a),10.1992,45.4786,Ammonia (NH3),24970.0,438.366642760002,0,0,1,0,0,0,0,0
2024,4(a),9.7667,45.7136,Carbon monoxide (CO),7251377.1,476.9347657260154,1,0,0,0,0,0,0,0
2022,3(e),12.9114,45.7825,Nitrogen oxides (NOX),259756.8,432.68306868071477,0,0,0,1,0,0,0,0
2021,1(c),12.2661,44.4844,Nitrous oxide (N2O),16978.0,287.6669114626911,0,1,0,0,0,0,0,0
2024,4(e),9.3842,45.4164,Non-methane volatile organic compounds (NMVOC),245150.0,463.9409682792487,1,0,0,0,0,0,0,0
2023,1(c),16.0217,39.9814,Nitrogen oxides (NOX),228806.0,365.0812502633163,0,1,0,0,0,0,0,0
2021,7(a),10.3511,45.3533,Ammonia (NH3),40324.0,420.69931035990237,0,0,1,0,0,0,0,0
2023,7(a),12.2994,44.1514,Ammonia (NH3),37690.0,250.54494829404263,0,0,1,0,0,0,0,0
2024,7(a),10.8903,45.3408,Ammonia (NH3),20059.0,403.5333357150993,0,0,1,0,0,0,0,0
2024,4(a),11.594444,44.859167,Non-methane volatile organic compounds (NMVOC),143311.0,336.71117819356374,1,0,0,0,0,0,0,0
2024,6(b),11.05,45.0667,Chlorine and inorganic compounds (as HCl),12250.0,370.6401970890199,0,0,0,0,0,1,0,0
2023,7(a),10.1475,45.3533,Ammonia (NH3),10954.0,427.6775653049116,0,0,1,0,0,0,0,0
2023,3(e),9.08,45.417778,Nitrogen oxides (NOX),117300.0,477.6953317555612,0,0,0,1,0,0,0,0
2024,7(a),12.364722,44.146667,Ammonia (NH3),13720.0,249.73602419494904,0,0,1,0,0,0,0,0
2021,7(a),13.8453,42.7567,Ammonia (NH3),12700.0,145.9791480447949,0,0,1,0,0,0,0,0
2024,1(c),10.3045,44.9289,Carbon dioxide (CO2),393501000.0,380.1816789487234,0,1,0,0,0,0,0,0
2023,4(a),15.1973,37.167,Nitrous oxide (N2O),15560.0,575.2012058760492,1,0,0,0,0,0,0,0
2022,7(a),11.644778,45.490611,Ammonia (NH3),20040.0,404.7715694429616,0,0,1,0,0,0,0,0
2023,3(c),10.963889,46.040556,Hydrogen cyanide (HCN),287.2,476.13534821064076,0,0,0,1,0,0,0,0
2023,1(c),7.6763,44.9925,Carbon dioxide (CO2),1185837000.0,518.9089994637612,0,1,0,0,0,0,0,0
2023,7(a),10.6111,45.08,Ammonia (NH3),14410.0,384.6037378361844,0,0,1,0,0,0,0,0
2022,1(c),11.7586,42.1275,Cadmium and compounds (as Cd),23.3968,65.87472663400173,0,1,0,0,0,0,0,0
2024,5(d),11.005353,44.195589,Methane (CH4),283597.8,282.2583115419842,0,0,0,0,0,0,0,1
2024,1(c),15.1825,37.1791,Arsenic and compounds (as As),39.3177,573.451982183205,0,1,0,0,0,0,0,0
2023,3(a),15.8972,40.3136,Methane (CH4),119000.0,335.23428566249964,0,0,0,1,0,0,0,0
2023,1(a),15.1825,37.1791,Sulphur oxides (SOX),756554.0,573.451982183205,0,1,0,0,0,0,0,0
2022,1(c),11.7586,42.1275,Zinc and compounds (as Zn),1565.877,65.87472663400173,0,1,0,0,0,0,0,0
2024,7(a),12.3368,42.8402,Ammonia (NH3),23350.0,105.05541509609527,0,0,1,0,0,0,0,0
2024,4(e),15.056389,37.449444,Polychlorinated biphenyls (PCBs),1.1147,541.4216506535732,1,0,0,0,0,0,0,0
2023,4(a),12.235556,44.4455,Non-methane volatile organic compounds (NMVOC),149771.0,283.52500163154707,1,0,0,0,0,0,0,0
2024,7(a),9.9484,45.3575,Ammonia (NH3),26635.0,435.398184231251,0,0,1,0,0,0,0,0
2022,7(a),10.9472,45.1469,Ammonia (NH3),16138.0,381.7189715643206,0,0,1,0,0,0,0,0
2021,7(a),9.7533,45.1444,Ammonia (NH3),36060.0,422.8304259479364,0,0,1,0,0,0,0,0
2021,9(c),11.3992,45.3093,Non-methane volatile organic compounds (NMVOC),337995.0,388.93979019538864,0,0,0,0,1,0,0,0
2024,1(a),13.3813,43.6395,Sulphur oxides (SOX),177000.0,206.17477195412638,0,1,0,0,0,0,0,0
2023,7(a),8.4182,45.4095,Ammonia (NH3),11046.0,509.44821525207004,0,0,1,0,0,0,0,0
2024,7(a),12.380556,44.085278,Ammonia (NH3),13085.0,242.8632230917925,0,0,1,0,0,0,0,0
2024,4(e),9.7828,45.6836,Dichloromethane (DCM),45184.0,473.4049560693992,1,0,0,0,0,0,0,0
2024,7(a),11.123813,44.769525,Ammonia (NH3),11416.0,337.52749463244504,0,0,1,0,0,0,0,0
2021,2(b),17.1999,40.5167,Arsenic and compounds (as As),146.97,422.49503361756746,0,0,0,0,0,0,1,0
2023,7(a),11.4852,45.3149,Ammonia (NH3),14115.0,388.0354039876633,0,0,1,0,0,0,0,0
2021,7(a)(i),9.880556,45.513889,Ammonia (NH3),11640.0,453.18943232523327,0,0,1,0,0,0,0,0
2022,2(b),13.2534,46.0067,Zinc and compounds (as Zn),5723.56,460.33206608834774,0,0,0,0,0,0,1,0
2022,3(c),15.6736,40.9497,Nitrogen oxides (NOX),275768.1,285.2888248631794,0,0,0,1,0,0,0,0
2021,7(a),10.3031,44.6631,Ammonia (NH3),34070.0,354.54732732201853,0,0,1,0,0,0,0,0
2022,1(a),17.193,40.4892,Copper and compounds (as Cu),168.23,423.1599159692294,0,1,0,0,0,0,0,0
2024,7(a),9.525833,45.1869,Ammonia (NH3),23020.0,436.5906892448011,0,0,1,0,0,0,0,0
2024,7(a)(ii),9.6033,45.1792,Ammonia (NH3),22677.0,432.48917640556687,0,0,1,0,0,0,0,0
2022,7(a),10.3675,45.3131,Ammonia (NH3),11588.0,416.10655052091795,0,0,1,0,0,0,0,0
2022,7(a)(i),9.426667,46.234444,Ammonia (NH3),10980.0,540.3950702199592,0,0,1,0,0,0,0,0
2021,7(a),13.351503,43.631817,Ammonia (NH3),22833.0,204.53383526439478,0,0,1,0,0,0,0,0
2024,3(c),10.963889,46.040556,Nitrogen oxides (NOX),111234.0,476.13534821064076,0,0,0,1,0,0,0,0
2024,4(b),12.25,44.45,Sulphur oxides (SOX),1882000.0,283.93915705228454,1,0,0,0,0,0,0,0
2024,7(a),9.7517,45.3369,Ammonia (NH3),13281.0,441.1001232133612,0,0,1,0,0,0,0,0
2022,4(e),10.8325,44.5842,Trichloromethane,4463.544,327.1849297212658,1,0,0,0,0,0,0,0
2024,1(c),9.4794,45.0899,Nitrogen oxides (NOX),227489.0,429.82876504034436,0,1,0,0,0,0,0,0
2024,2(e),7.792777,45.191666,Non-methane volatile organic compounds (NMVOC),108944.7646,526.5576936475113,0,0,0,0,0,0,1,0
2021,3(a),15.8972,40.3136,Particulate matter (PM10),53980.0,335.23428566249964,0,0,0,1,0,0,0,0
2024,2(e),10.359167,45.492778,Zinc and compounds (as Zn),201.1,434.55100506264597,0,0,0,0,0,0,1,0
2023,6(b),13.0739,46.2325,Mercury and compounds (as Hg),66.45,483.64256280003474,0,0,0,0,0,1,0,0
2024,7(a),12.47,45.87,Ammonia (NH3),11730.0,441.13757878827687,0,0,1,0,0,0,0,0
2024,7(a),13.7462,42.5483,Ammonia (NH3),33460.0,125.46525609127177,0,0,1,0,0,0,0,0
2022,7(a),10.6305,44.817,Ammonia (NH3),12408.0,357.4086607578076,0,0,1,0,0,0,0,0
2024,7(a),13.667,42.7961,Ammonia (NH3),10301.0,138.27451547822656,0,0,1,0,0,0,0,0
2023,7(a)(ii),9.8925,45.2036,Ammonia (NH3),12370.0,422.7253223266113,0,0,1,0,0,0,0,0
2022,7(a),10.1006,45.4172,Ammonia (NH3),20388.0,435.6713593413412,0,0,1,0,0,0,0,0
2023,1(a),17.193,40.4892,Sulphur oxides (SOX),473590.0,423.1599159692294,0,1,0,0,0,0,0,0
2023,7(a),9.786667,45.4725,Ammonia (NH3),11835.0,452.7316675999643,0,0,1,0,0,0,0,0
2021,3(c),9.81,44.7667,Hydrogen cyanide (HCN),760.0,385.45810832592576,0,0,0,1,0,0,0,0
2021,3(c),9.81,44.7667,Carbon monoxide (CO),1768045.0,385.45810832592576,0,0,0,1,0,0,0,0
2021,3(e),12.8833,45.95,Nitrogen oxides (NOX),152480.0,451.0918687246403,0,0,0,1,0,0,0,0
2023,5(b),14.3883,40.9667,Carbon dioxide (CO2),393166267.1,188.96086567559271,0,0,0,0,0,0,0,1
2021,7(a)(ii),9.4322,45.1247,Ammonia (NH3),24245.0,435.1313473152697,0,0,1,0,0,0,0,0
2023,7(a),10.3634,45.4661,Ammonia (NH3),16990.0,431.70821729253737,0,0,1,0,0,0,0,0
2023,3(c),10.963889,46.040556,Ammonia (NH3),29062.0,476.13534821064076,0,0,0,1,0,0,0,0
2022,7(a),7.6436,44.5063,Ammonia (NH3),15404.0,488.23525715021617,0,0,1,0,0,0,0,0
2024,2(b),9.9469,45.1494,Lead and compounds (as Pb),252.5,415.3672054730542,0,0,0,0,0,0,1,0
2024,7(a),13.6386,42.8036,Ammonia (NH3),12606.0,137.26475845693625,0,0,1,0,0,0,0,0
2021,7(a),10.0399,45.3625,Ammonia (NH3),14519.0,432.47342197714244,0,0,1,0,0,0,0,0
2022,2(b),10.3894,45.6392,Mercury and compounds (as Hg),25.923,448.5499430851952,0,0,0,0,0,0,1,0
2022,7(a),10.5289,44.9625,Ammonia (NH3),45631.0,375.45784981561826,0,0,1,0,0,0,0,0
2021,3(c),14.0658,41.4456,Ammonia (NH3),88800.0,139.90801467376932,0,0,0,1,0,0,0,0
2021,7(a),7.3056,44.4147,Ammonia (NH3),10671.0,505.1014740126237,0,0,1,0,0,0,0,0
2022,3(c),12.6178,43.2844,Nitrogen oxides (NOX),492400.0,153.94793754868223,0,0,0,1,0,0,0,0
2024,3(e),13.233333,45.766667,Nitrogen oxides (NOX),294780.0,433.68359052253555,0,0,0,1,0,0,0,0
2024,5(b),12.0883,44.2331,Carbon dioxide (CO2),145094516.7,261.22852833788755,0,0,0,0,0,0,0,1
2023,3(c),11.8367,43.6581,Carbon dioxide (CO2),402310000.0,202.46809270796382,0,0,0,1,0,0,0,0
2024,3(c),14.725278,36.903056,Carbon dioxide (CO2),311987000.0,587.9442813117303,0,0,0,1,0,0,0,0
2024,7(a),9.8947,45.3314,Ammonia (NH3),25150.0,434.9242344466684,0,0,1,0,0,0,0,0
2021,3(e),14.4844,40.8506,Nitrogen oxides (NOX),116341.0,202.97728763292062,0,0,0,1,0,0,0,0
2022,3(c),15.180555,37.194444,Ammonia (NH3),10421.0,571.8128643506107,0,0,0,1,0,0,0,0
2021,1(c),16.6566,38.875,Nitrogen oxides (NOX),535370.0,487.2165784775803,0,1,0,0,0,0,0,0
2024,9(c),14.4505,42.1459,Non-methane volatile organic compounds (NMVOC),441834.0,163.65709695868992,0,0,0,0,1,0,0,0
2024,7(a),9.8191,45.3275,Ammonia (NH3),40240.0,437.5097086210525,0,0,1,0,0,0,0,0
2021,1(c),16.0217,39.9814,Nitrogen oxides (NOX),377814.0,365.0812502633163,0,1,0,0,0,0,0,0
2024,7(a),10.235056,45.207861,Ammonia (NH3),17640.0,410.16037177929945,0,0,1,0,0,0,0,0
2024,7(a),11.9991,44.1631,Ammonia (NH3),10926.0,254.56186460182496,0,0,1,0,0,0,0,0
2023,7(a),10.7467,45.2418,Ammonia (NH3),37787.0,397.10992461724027,0,0,1,0,0,0,0,0
2021,1(a),15.219444,37.135556,Nitrous oxide (N2O),33054.0,579.1857861069731,0,1,0,0,0,0,0,0
2024,9(c),11.9572,45.3544,Non-methane volatile organic compounds (NMVOC),318000.0,386.2434632913226,0,0,0,0,1,0,0,0
2024,1(c),12.236944,44.448611,Carbon dioxide (CO2),1593473000.0,283.861566092513,0,1,0,0,0,0,0,0
2021,1(c),8.9733,45.0286,Hydro-fluorocarbons (HFCS),297.9,448.95765443327025,0,1,0,0,0,0,0,0
2021,3(e),11.3731,45.4181,Sulphur oxides (SOX),309024.0,401.18016620160887,0,0,0,1,0,0,0,0
2024,9(c),15.064444,37.437222,Perfluorocarbons (PFCs),5327.0,542.9506296951986,0,0,0,0,1,0,0,0
2023,5(d),11.2744,44.865,Methane (CH4),226899.8,343.855056212171,0,0,0,0,0,0,0,1
2022,1(a),9.0113,39.0971,Mercury and compounds (as Hg),69.9779,429.0677199992063,0,1,0,0,0,0,0,0
2022,7(a),10.4306,44.7214,Ammonia (NH3),24421.0,355.16521117881325,0,0,1,0,0,0,0,0
2023,3(c),,,Carbon dioxide (CO2),494523000.0,,0,0,0,1,0,0,0,0
2022,4(b),11.5921,44.856,Nitrogen oxides (NOX),121147.0,336.40887356733657,1,0,0,0,0,0,0,0
2024,3(e),8.3089,44.4447,Nitrogen oxides (NOX),247770.0,441.7092860060149,0,0,0,1,0,0,0,0
2023,7(a),13.2639,45.9834,Ammonia (NH3),11390.0,457.87738859250805,0,0,1,0,0,0,0,0
2021,1(a),17.193,40.4892,Non-methane volatile organic compounds (NMVOC),354280.0,423.1599159692294,0,1,0,0,0,0,0,0
2024,7(a),12.356389,44.032222,Ammonia (NH3),11353.0,237.0547021561387,0,0,1,0,0,0,0,0
2022,7(a),10.553056,45.185556,Ammonia (NH3),44086.0,397.1790789748979,0,0,1,0,0,0,0,0
2024,7(a),10.6617,45.2511,Ammonia (NH3),13641.0,400.5457368268182,0,0,1,0,0,0,0,0
2024,7(a),11.9317,44.206,Ammonia (NH3),15662.0,260.17972893024216,0,0,1,0,0,0,0,0
2022,7(a),9.4644,45.0793,Ammonia (NH3),23633.0,429.55709820131216,0,0,1,0,0,0,0,0
2022,7(a),7.4656,44.4447,Ammonia (NH3),10955.0,496.1561334775003,0,0,1,0,0,0,0,0
2023,7(a),9.8061,45.1922,Ammonia (NH3),18740.0,425.14004008084015,0,0,1,0,0,0,0,0
2021,1(a),15.1905,37.2216,Arsenic and compounds (as As),33.6509,569.3767495576742,0,1,0,0,0,0,0,0
2024,2(b),17.1999,40.5167,Carbon dioxide (CO2),3312018000.0,422.49503361756746,0,0,0,0,0,0,1,0
2022,7(a)(ii),9.4333,45.2833,Ammonia (NH3),15590.0,449.5288916589117,0,0,1,0,0,0,0,0
2023,3(c),15.6736,40.9497,Carbon monoxide (CO),823148.0,285.2888248631794,0,0,0,1,0,0,0,0
2024,7(a),9.2717,45.1892,Ammonia (NH3),15050.0,448.3417808084118,0,0,1,0,0,0,0,0
2024,9(c),14.268,40.9145,Non-methane volatile organic compounds (NMVOC),254200.0,184.12838928953803,0,0,0,0,1,0,0,0
2024,1(c),10.8354,45.149,Nitrogen oxides (NOX),545794.0,384.9776214382663,0,1,0,0,0,0,0,0
2021,7(a),7.8986,44.8897,Ammonia (NH3),11500.0,498.15731388247247,0,0,1,0,0,0,0,0
2023,1(c),12.2458,45.4313,Nitrous oxide (N2O),24966.3,392.8681219243284,0,1,0,0,0,0,0,0
2024,3(e),12.2592,45.4644,Nitrogen oxides (NOX),396620.0,396.4903506366455,0,0,0,1,0,0,0,0
2021,6(b),13.0169,46.3939,Carbon dioxide (CO2),139166310.0,501.10795103302587,0,0,0,0,0,1,0,0
2024,5(d),8.373333,44.885556,Methane (CH4),565670.0,469.96900474889145,0,0,0,0,0,0,0,1
2024,3(c),10.3444,45.5153,Nitrogen oxides (NOX),528540.3,437.306929605887,0,0,0,1,0,0,0,0
2022,7(a),10.904722,45.291666,Ammonia (NH3),20660.0,398.00408464067954,0,0,1,0,0,0,0,0
2022,7(a),9.7751,44.8871,Ammonia (NH3),11236.0,398.01765683246794,0,0,1,0,0,0,0,0
2022,2(b),9.9469,45.1494,Carbon dioxide (CO2),368554710.0,415.3672054730542,0,0,0,0,0,0,1,0
2023,3(e),9.6395,45.5201,Nitrogen oxides (NOX),115962.0,463.0780622267851,0,0,0,1,0,0,0,0
2021,1(c),11.2511,45.0297,Carbon dioxide (CO2),686608000.0,361.9154505330853,0,1,0,0,0,0,0,0
2022,1(c),15.0005,41.9372,Nitrogen oxides (NOX),148570.0,207.21151513826103,0,1,0,0,0,0,0,0
2022,7(a),9.974,45.1606,Ammonia (NH3),13200.0,415.3676424977023,0,0,1,0,0,0,0,0
2022,9(c),8.6591,45.8177,Non-methane volatile organic compounds (NMVOC),108180.0,532.9138671269473,0,0,0,0,1,0,0,0
2021,6(b),13.0739,46.2325,Nitrogen oxides (NOX),365230.0,483.64256280003474,0,0,0,0,0,1,0,0
2022,7(a),11.6324,45.1339,Ammonia (NH3),22740.0,365.9675173297671,0,0,1,0,0,0,0,0
2023,2(b),10.3894,45.6392,PCDD + PCDF (dioxins + furans) (as Teq),0.000157,448.5499430851952,0,0,0,0,0,0,1,0
2023,7(a),10.9547,44.7678,Ammonia (NH3),41341.0,342.0878227945467,0,0,1,0,0,0,0,0
2023,2(b),10.459167,45.4625,Mercury and compounds (as Hg),22.3675,428.34294478117357,0,0,0,0,0,0,1,0
2021,9(c),8.9967,45.6008,Non-methane volatile organic compounds (NMVOC),250920.0,497.98225290146166,0,0,0,0,1,0,0,0
2023,6(b),8.7167,45.2333,Ammonia (NH3),52500.0,479.3398056935004,0,0,0,0,0,1,0,0
2021,7(a),10.039444,45.256667,Ammonia (NH3),32550.0,422.1414538171911,0,0,1,0,0,0,0,0
2022,7(a),9.830833,45.485833,Ammonia (NH3),11130.0,452.32921396814595,0,0,1,0,0,0,0,0
2024,7(a)(ii),7.598288,45.341013,Ammonia (NH3),13040.0,548.9943188687729,0,0,1,0,0,0,0,0
2021,6(b),11.05,45.0667,Ammonia (NH3),57500.0,370.6401970890199,0,0,0,0,0,1,0,0
2023,7(a)(i),12.783056,41.495,Ammonia (NH3),10160.0,51.21124936018818,0,0,1,0,0,0,0,0
2022,5(c),12.7248,41.5036,Ammonia (NH3),12112.0,48.269171894479,0,0,0,0,0,0,0,1
2021,7(a),9.9859,45.4303,Ammonia (NH3),21568.0,441.10970206560324,0,0,1,0,0,0,0,0
2022,7(a)(ii),9.3925,45.2244,Ammonia (NH3),14355.0,445.96931078254045,0,0,1,0,0,0,0,0
2021,7(a),10.8529,45.2374,Ammonia (NH3),26282.0,393.6983796155753,0,0,1,0,0,0,0,0
2023,6(b),13.0739,46.2325,Non-methane volatile organic compounds (NMVOC),338170.0,483.64256280003474,0,0,0,0,0,1,0,0
2022,4(e),9.0411,45.5317,Dichloromethane (DCM),106876.0,489.7244934200075,1,0,0,0,0,0,0,0
2022,3(c),9.81,44.7667,Nitrogen oxides (NOX),583725.0,385.45810832592576,0,0,0,1,0,0,0,0
2021,3(e),8.3225,44.3389,Nitrogen oxides (NOX),142300.0,433.6498878253013,0,0,0,1,0,0,0,0
2022,3(c),13.0042,41.7367,Carbon monoxide (CO),665735.0,45.95489691933602,0,0,0,1,0,0,0,0
2024,7(a),11.7947,45.9997,Ammonia (NH3),20237.0,458.9991092701225,0,0,1,0,0,0,0,0
2022,7(a)(ii),10.6956,44.84,Ammonia (NH3),12173.0,357.54425275353015,0,0,1,0,0,0,0,0
2023,7(a),11.997778,43.171667,Ammonia (NH3),16400.0,146.8863142278786,0,0,1,0,0,0,0,0
2023,7(a),11.0028,45.0089,Ammonia (NH3),15204.0,365.80048206773796,0,0,1,0,0,0,0,0
2021,7(a),10.9425,44.7485,Ammonia (NH3),19065.0,340.46048958204676,0,0,1,0,0,0,0,0
2021,7(a),9.8311,45.5432,Ammonia (NH3),15504.0,457.89777569728693,0,0,1,0,0,0,0,0
2022,3(c),14.0658,41.4456,Nitrous oxide (N2O),13900.0,139.90801467376932,0,0,0,1,0,0,0,0
2024,7(a),9.6511,45.46,Ammonia (NH3),42958.0,456.87841280982144,0,0,1,0,0,0,0,0
2024,4(e),9.3906,45.3928,Non-methane volatile organic compounds (NMVOC),125377.0,461.4823407013402,1,0,0,0,0,0,0,0
2023,5(b),10.2114,45.5119,Nitrogen oxides (NOX),215912.3,441.2971093995787,0,0,0,0,0,0,0,1
2024,7(a),12.350233,42.988431,Ammonia (NH3),10470.0,121.31091677401072,0,0,1,0,0,0,0,0
2021,1(c),17.9919,40.6411,Nitrogen oxides (NOX),683000.0,480.12109605671674,0,1,0,0,0,0,0,0
2023,2(b),10.459167,45.4625,Carbon monoxide (CO),1676462.9,428.34294478117357,0,0,0,0,0,0,1,0
2023,8(b),,,Carbon dioxide (CO2),175845000.0,,0,0,0,0,0,0,0,0
2021,1(a),9.0113,39.0971,Particulate matter (PM10),121792.2,429.0677199992063,0,1,0,0,0,0,0,0
2022,7(a),12.8056,45.9111,Ammonia (NH3),11330.0,446.38937146432323,0,0,1,0,0,0,0,0
2023,7(a)(ii),9.6342,45.1606,Ammonia (NH3),22197.0,429.4266161702991,0,0,1,0,0,0,0,0
2022,7(a),7.5476,44.5575,Ammonia (NH3),25061.0,497.7321896626864,0,0,1,0,0,0,0,0
2022,2(f),8.8711,44.4094,Nitrogen oxides (NOX),307552.0,405.09099341653547,0,0,0,0,0,0,1,0
2021,1(c),7.6763,44.9925,Nitrogen oxides (NOX),278892.0,518.9089994637612,0,1,0,0,0,0,0,0
2022,1(c),12.6308,41.5494,Carbon dioxide (CO2),547518765.7,40.84851703727441,0,1,0,0,0,0,0,0
2022,6(b),10.75,45.0667,Nitrogen oxides (NOX),106600.0,378.94918081031824,0,0,0,0,0,1,0,0
2022,2(e),14.2956,41.0225,Lead and compounds (as Pb),350.0,179.04284453919206,0,0,0,0,0,0,1,0
2023,7(a),10.9483,44.9781,Ammonia (NH3),16900.0,364.064871399501,0,0,1,0,0,0,0,0
2023,4(a),10.8376,45.1457,Carbon dioxide (CO2),128526890.0,384.57325764280205,1,0,0,0,0,0,0,0
2024,7(a),12.612778,46.053889,Ammonia (NH3),22058.0,461.67380473819304,0,0,1,0,0,0,0,0
2022,7(a),10.204,45.2189,Ammonia (NH3),13270.0,412.36641173141743,0,0,1,0,0,0,0,0
2023,3(c),16.2892,41.3167,Nitrogen oxides (NOX),388348.0,321.96370092329715,0,0,0,1,0,0,0,0
2021,1(c),11.4777,43.5643,Carbon dioxide (CO2),613882126.1,202.61650375491504,0,1,0,0,0,0,0,0
2023,7(a),9.2287,44.9021,Ammonia (NH3),26713.0,425.26558144775674,0,0,1,0,0,0,0,0
2021,7(a),7.2911,44.3943,Ammonia (NH3),14664.0,504.8933151167776,0,0,1,0,0,0,0,0
2021,1(c),9.5102,45.5119,Nitrogen oxides (NOX),228700.0,467.53659705314686,0,1,0,0,0,0,0,0
2022,7(a),11.0713,44.9401,Ammonia (NH3),26626.0,356.788811869361,0,0,1,0,0,0,0,0
2024,2(b),9.5969,45.6425,Nitrogen oxides (NOX),179939.9,476.48876713324137,0,0,0,0,0,0,1,0
2022,2(b),11.0,45.4333,Arsenic and compounds (as As),26.7449,410.5887775813313,0,0,0,0,0,0,1,0
2022,7(a),12.235819,44.131313,Ammonia (NH3),14170.0,248.70288460623547,0,0,1,0,0,0,0,0
2023,7(a),10.2048,45.3073,Ammonia (NH3),11946.0,421.0890141770204,0,0,1,0,0,0,0,0
2022,2(e),18.318,40.1011,PCDD + PCDF (dioxins + furans) (as Teq),0.00038,527.8715494715622,0,0,0,0,0,0,1,0
2024,7(a),9.965,45.4225,Ammonia (NH3),13666.0,441.1174265991551,0,0,1,0,0,0,0,0
2024,1(c),14.441111,37.5425,Carbon dioxide (CO2),135943140.0,512.5366645240119,0,1,0,0,0,0,0,0
2021,7(a),9.8178,45.2911,Ammonia (NH3),11665.0,434.0769513100913,0,0,1,0,0,0,0,0
2021,7(a),10.9172,44.9039,Ammonia (NH3),29430.0,357.2430080519243,0,0,1,0,0,0,0,0
2023,3(c),15.180555,37.194444,Nitrous oxide (N2O),95462.0,571.8128643506107,0,0,0,1,0,0,0,0
2021,1(c),15.4237,41.6578,Carbon dioxide (CO2),759065718.8,244.23944851357126,0,1,0,0,0,0,0,0
2022,7(a),9.8061,45.1922,Methane (CH4),102500.0,425.14004008084015,0,0,1,0,0,0,0,0
2021,7(a),10.9547,44.7678,Ammonia (NH3),42752.0,342.0878227945467,0,0,1,0,0,0,0,0
2023,7(a),9.5606,45.3256,Ammonia (NH3),22920.0,447.93657561176553,0,0,1,0,0,0,0,0
2021,5(d),13.003333,43.625833,Methane (CH4),189000.0,196.00965436817464,0,0,0,0,0,0,0,1
2022,7(a),11.2111,44.9696,Ammonia (NH3),11847.0,356.44074205984225,0,0,1,0,0,0,0,0
2023,7(a),10.6975,45.0417,Ammonia (NH3),12899.0,377.9861726675765,0,0,1,0,0,0,0,0
2022,3(e),12.8833,45.95,Nitrogen oxides (NOX),147786.0,451.0918687246403,0,0,0,1,0,0,0,0
2023,7(a),10.588333,45.377222,Ammonia (NH3),16190.0,415.6978868698581,0,0,1,0,0,0,0,0
2021,7(a),9.7522,45.4597,Ammonia (NH3),60630.0,452.8383352362398,0,0,1,0,0,0,0,0
2021,7(a),7.6597,44.4478,Ammonia (NH3),13731.0,483.5057296740481,0,0,1,0,0,0,0,0
2021,1(c),8.1927,45.2377,Carbon dioxide (CO2),1649651000.0,507.5180888612842,0,1,0,0,0,0,0,0
2021,4(e),10.8325,44.5842,Trichloromethane,6148.7907,327.1849297212658,1,0,0,0,0,0,0,0
2022,7(a),9.8061,45.1922,Ammonia (NH3),81580.0,425.14004008084015,0,0,1,0,0,0,0,0
2021,2(f),11.1011,46.106,Tetrachloroethylene,6925.0,480.4908101739868,0,0,0,0,0,0,1,0
2024,7(a),11.0211,45.0408,Ammonia (NH3),12002.0,368.6616501560451,0,0,1,0,0,0,0,0
2023,2(b),11.5083,45.5194,Nitrogen oxides (NOX),114405.0,409.9050166276053,0,0,0,0,0,0,1,0
2023,7(a),11.627389,45.083972,Ammonia (NH3),11070.0,360.60280628882623,0,0,1,0,0,0,0,0
2021,2(b),13.0778,46.2306,Chlorine and inorganic compounds (as HCl),12000.0,483.46211416770933,0,0,0,0,0,0,1,0
2022,2(b),11.95,45.3833,Nitrogen oxides (NOX),306098.7,389.5005263497925,0,0,0,0,0,0,1,0
2024,7(a),10.8525,45.2436,Ammonia (NH3),17260.0,394.35617412916224,0,0,1,0,0,0,0,0
2023,7(a),7.679559,44.812287,Ammonia (NH3),11927.0,506.12321785393465,0,0,1,0,0,0,0,0
2021,2(a),15.034444,37.446111,Zinc and compounds (as Zn),918.41,541.0071188998154,0,0,0,0,0,0,1,0
2022,7(a),10.573055,44.998333,Methane (CH4),205956.0,377.573565377842,0,0,1,0,0,0,0,0
2022,1(c),12.072,45.7155,Methane (CH4),105400.0,425.3166123837487,0,1,0,0,0,0,0,0
2021,7(a),10.8383,45.0036,Ammonia (NH3),17065.0,369.8370761079601,0,0,1,0,0,0,0,0
2024,9(c),11.8992,45.1822,Non-methane volatile organic compounds (NMVOC),111849.0,367.81268560986774,0,0,0,0,1,0,0,0
2022,7(a)(ii),7.9185,45.2776,Ammonia (NH3),10780.0,525.902779792002,0,0,1,0,0,0,0,0
2021,7(a),10.7078,44.7088,Ammonia (NH3),11154.0,343.92170171722415,0,0,1,0,0,0,0,0
2022,7(a),11.750556,45.713333,Ammonia (NH3),19291.0,427.9122448716096,0,0,1,0,0,0,0,0
2022,6(b),11.05,45.0667,Nitrogen oxides (NOX),261930.0,370.6401970890199,0,0,0,0,0,1,0,0
2022,1(c),15.2808,38.2019,Sulphur oxides (SOX),649716.0,474.81617636859517,0,1,0,0,0,0,0,0
2021,1(c),14.301,40.834,Carbon dioxide (CO2),375573297.9,191.83111993626886,0,1,0,0,0,0,0,0
2024,7(a),7.6597,44.4478,Ammonia (NH3),13730.0,483.5057296740481,0,0,1,0,0,0,0,0
2021,3(c),,,Ammonia (NH3),44300.0,,0,0,0,1,0,0,0,0
2022,3(c),10.3316,45.4594,Nitrogen oxides (NOX),209293.0,432.0511865711123,0,0,0,1,0,0,0,0
2021,7(a)(i),11.84,44.6991,Ammonia (NH3),15750.0,315.4356517248701,0,0,1,0,0,0,0,0
2021,7(a),7.7887,44.8762,Ammonia (NH3),20200.0,503.8513777621774,0,0,1,0,0,0,0,0
2024,7(a),9.8727,45.3967,Ammonia (NH3),10043.0,442.0881082406422,0,0,1,0,0,0,0,0
2024,7(a),10.4383,45.2425,Ammonia (NH3),15358.0,406.65291774978834,0,0,1,0,0,0,0,0
2022,4(a),14.2772,37.0554,Carbon dioxide (CO2),164466000.0,560.2184704049324,1,0,0,0,0,0,0,0
2024,7(a),9.9675,45.428611,Ammonia (NH3),32270.0,441.6229129910195,0,0,1,0,0,0,0,0
2021,7(a),10.313139,44.940611,Ammonia (NH3),18000.0,381.0033968786184,0,0,1,0,0,0,0,0
2022,7(a),11.9728,45.6225,Ammonia (NH3),11115.0,415.74081096686905,0,0,1,0,0,0,0,0
2022,7(a),7.4879,44.8941,Ammonia (NH3),10621.0,523.6345096461334,0,0,1,0,0,0,0,0
2021,7(a),10.885,44.5614,Ammonia (NH3),74422.0,323.14673751838654,0,0,1,0,0,0,0,0
2021,1(c),8.4008,39.1962,Zinc and compounds (as Zn),278.68,458.5068450836283,0,1,0,0,0,0,0,0
2023,4(e),9.0397,45.6164,Dichloromethane (DCM),31189.0,497.46179291525067,1,0,0,0,0,0,0,0
2021,1(c),8.9733,45.0286,Carbon dioxide (CO2),644898944.9,448.95765443327025,0,1,0,0,0,0,0,0
2022,7(a),12.3957,43.1373,Ammonia (NH3),42300.0,137.51796750832895,0,0,1,0,0,0,0,0
2023,7(a),15.672375,41.167683,Ammonia (NH3),252000.0,276.68076729342255,0,0,1,0,0,0,0,0
2022,7(a),11.7684,44.4463,Ammonia (NH3),33549.0,288.91617219522266,0,0,1,0,0,0,0,0
2023,7(a),13.7019,42.5958,Ammonia (NH3),10590.0,125.62949050198593,0,0,1,0,0,0,0,0
2024,6(b),10.5167,44.9167,Nitrogen oxides (NOX),240000.0,371.29893725265117,0,0,0,0,0,1,0,0
2023,3(c),9.81,44.7667,Nitrogen oxides (NOX),600715.0,385.45810832592576,0,0,0,1,0,0,0,0
2022,1(a),9.0113,39.0971,Benzene,5193.7655,429.0677199992063,0,1,0,0,0,0,0,0
2023,7(a),7.4491,44.8875,Ammonia (NH3),10635.0,525.6113859280752,0,0,1,0,0,0,0,0
2021,1(c),8.4308,44.2766,Nitrogen oxides (NOX),146000.0,422.5973244927098,0,1,0,0,0,0,0,0
2021,4(a),9.6875,45.1492,"1,2-dichloroethane (DCE-1,2)",1094.0,426.07325387772653,1,0,0,0,0,0,0,0
2022,3(e),7.5908,44.3867,Nitrogen oxides (NOX),366871.9,484.3039076585716,0,0,0,1,0,0,0,0
2024,7(a),9.9975,45.2825,Ammonia (NH3),11402.0,426.2431517649768,0,0,1,0,0,0,0,0
2024,6(b),12.2345,44.9115,Polychlorinated biphenyls (PCBs),5.83,335.21991004178903,0,0,0,0,0,1,0,0
2022,7(a),9.9147,45.4722,Ammonia (NH3),10940.0,447.84559230945746,0,0,1,0,0,0,0,0
2021,7(a)(ii),9.6033,45.1792,Ammonia (NH3),37034.0,432.48917640556687,0,0,1,0,0,0,0,0
2021,7(a),10.5783,44.9408,Ammonia (NH3),27790.0,371.6061310645395,0,0,1,0,0,0,0,0
2024,7(a),10.2797,45.4008,Ammonia (NH3),13268.0,427.85244269560184,0,0,1,0,0,0,0,0
2024,6(b),10.5167,44.9167,Ammonia (NH3),30000.0,371.29893725265117,0,0,0,0,0,1,0,0
2021,7(a),11.8605,44.6645,Ammonia (NH3),16790.0,311.36811929508775,0,0,1,0,0,0,0,0
2022,1(a),8.8768,45.0997,Nitrogen oxides (NOX),1776000.0,459.8924322368035,0,1,0,0,0,0,0,0
2023,7(a),9.5589,45.5181,Ammonia (NH3),27025.0,466.1298936690603,0,0,1,0,0,0,0,0
2021,1(c),12.2661,44.4844,Carbon dioxide (CO2),944327678.0,287.6669114626911,0,1,0,0,0,0,0,0
2024,1(a),9.0113,39.0971,Mercury and compounds (as Hg),13.1515,429.0677199992063,0,1,0,0,0,0,0,0
2024,7(a),12.357111,44.065833,Ammonia (NH3),12066.0,240.784905047411,0,0,1,0,0,0,0,0
2024,7(a),9.2515,45.3095,Ammonia (NH3),17050.0,460.0781479911421,0,0,1,0,0,0,0,0
2021,5(d),12.1436,44.0833,Methane (CH4),326026.1,244.15178584014328,0,0,0,0,0,0,0,1
2021,7(a),10.5604,45.2548,Ammonia (NH3),34325.0,404.00208817022326,0,0,1,0,0,0,0,0
2023,7(a),10.5104,45.187606,Ammonia (NH3),34310.0,398.7535616393953,0,0,1,0,0,0,0,0
2021,7(a),10.7642,45.29,Ammonia (NH3),28900.0,401.6137784790315,0,0,1,0,0,0,0,0
2022,7(a)(ii),7.5558,44.9264,Ammonia (NH3),14133.0,521.6358995056487,0,0,1,0,0,0,0,0
2023,1(c),12.2661,44.4844,Sulphur hexafluoride (SF6),105.0,287.6669114626911,0,1,0,0,0,0,0,0
2021,7(a),10.3586,45.4569,Ammonia (NH3),23310.0,430.92860640314893,0,0,1,0,0,0,0,0
2024,4(c),12.238056,44.445833,Ammonia (NH3),11656.0,283.54688050614993,1,0,0,0,0,0,0,0
2021,7(a),12.4894,42.6533,Ammonia (NH3),33800.0,83.4537794865594,0,0,1,0,0,0,0,0
2024,3(c),16.2892,41.3167,Carbon dioxide (CO2),256534000.0,321.96370092329715,0,0,0,1,0,0,0,0
2023,7(a),9.9275,45.2317,Ammonia (NH3),27840.0,424.0341762412437,0,0,1,0,0,0,0,0
2023,1(c),16.6566,38.875,Nitrogen oxides (NOX),519770.0,487.2165784775803,0,1,0,0,0,0,0,0
2023,7(a),9.954722,45.47,Ammonia (NH3),22820.0,446.1493729631761,0,0,1,0,0,0,0,0
2022,3(c),9.4667,45.6847,Carbon dioxide (CO2),735396000.0,485.68689503915584,0,0,0,1,0,0,0,0
2023,3(c),12.7167,42.0001,Carbon dioxide (CO2),383770349.0,21.188596822069414,0,0,0,1,0,0,0,0
2021,7(a),10.0742,45.3875,Ammonia (NH3),10350.0,433.68294077376356,0,0,1,0,0,0,0,0
2022,7(a),10.3244,45.215,Ammonia (NH3),13270.0,407.7286776374627,0,0,1,0,0,0,0,0
2023,3(e),12.4,45.783333,Nitrogen oxides (NOX),267212.4,431.5647360874732,0,0,0,1,0,0,0,0
2022,1(c),15.1825,37.1791,Carbon dioxide (CO2),938930000.0,573.451982183205,0,1,0,0,0,0,0,0
2024,2(b),11.0,45.4333,Lead and compounds (as Pb),512.8,410.5887775813313,0,0,0,0,0,0,1,0
2023,7(a),7.9481,44.4167,Ammonia (NH3),12958.0,462.7373543275506,0,0,1,0,0,0,0,0
2024,1(c),16.0217,39.9814,Nitrogen oxides (NOX),325200.0,365.0812502633163,0,1,0,0,0,0,0,0
2021,2(b),11.95,45.3833,Sulphur oxides (SOX),237699.9,389.5005263497925,0,0,0,0,0,0,1,0
2024,6(b),13.0739,46.2325,Cadmium and compounds (as Cd),17.65,483.64256280003474,0,0,0,0,0,1,0,0
2021,7(a),9.3539,45.3364,Ammonia (NH3),13522.0,457.9112354113317,0,0,1,0,0,0,0,0
2023,3(c),14.725278,36.903056,Ammonia (NH3),28400.0,587.9442813117303,0,0,0,1,0,0,0,0
2022,9(c),9.2209,45.7447,Non-methane volatile organic compounds (NMVOC),280000.0,501.441479219339,0,0,0,0,1,0,0,0
2023,7(a),11.750556,45.713333,Ammonia (NH3),24390.0,427.9122448716096,0,0,1,0,0,0,0,0
2021,2(b),11.5083,45.5194,PCDD + PCDF (dioxins + furans) (as Teq),0.000108,409.9050166276053,0,0,0,0,0,0,1,0
2024,7(a),9.6444,45.3345,Ammonia (NH3),10480.0,445.2572561014441,0,0,1,0,0,0,0,0
2024,1(c),10.4494,43.3816,Carbon dioxide (CO2),748052942.0,234.66174872826318,0,1,0,0,0,0,0,0
2024,2(b),13.0778,46.2306,Mercury and compounds (as Hg),31.0,483.46211416770933,0,0,0,0,0,0,1,0
2021,1(c),18.0321,40.5638,Chlorine and inorganic compounds (as HCl),22131.6,486.1548254028064,0,1,0,0,0,0,0,0
2023,6(b),10.5167,44.9167,Mercury and compounds (as Hg),11.4,371.29893725265117,0,0,0,0,0,1,0,0
2021,1(c),10.4494,43.3822,Carbon dioxide (CO2),854828980.0,234.7079187361305,0,1,0,0,0,0,0,0
2022,5(d),10.576667,43.642222,Methane (CH4),182700.0,248.90726696131452,0,0,0,0,0,0,0,1
2022,7(a),10.5275,45.2553,Methane (CH4),212472.0,405.08217932930353,0,0,1,0,0,0,0,0
2021,7(a),11.0124,44.8648,Ammonia (NH3),13456.0,350.49650134211697,0,0,1,0,0,0,0,0
2023,5(b),13.7994,45.6111,Carbon dioxide (CO2),207266760.0,425.3992685321575,0,0,0,0,0,0,0,1
2021,6(b),10.5167,44.9167,Ammonia (NH3),38000.0,371.29893725265117,0,0,0,0,0,1,0,0
2022,1(c),15.2022,37.1291,Nitrogen oxides (NOX),502900.0,579.2538732559473,0,1,0,0,0,0,0,0
2021,4(a),18.0022,40.6395,Carbon dioxide (CO2),368493720.0,481.00117134663145,1,0,0,0,0,0,0,0
2024,7(a),12.3759,42.7561,Ammonia (NH3),18100.0,95.39826857041656,0,0,1,0,0,0,0,0
2024,1(c),8.2991,40.8516,Sulphur oxides (SOX),409253.0,369.15699948624194,0,1,0,0,0,0,0,0
2022,1(c),9.9761,45.2864,Methane (CH4),188538.0,427.43697050176394,0,1,0,0,0,0,0,0
2024,7(a),10.07,45.4886,Ammonia (NH3),12206.0,443.8289559435831,0,0,1,0,0,0,0,0
2022,1(c),9.6833,45.4333,Methane (CH4),499326.0,453.0399244961271,0,1,0,0,0,0,0,0
2023,2(b),10.3894,45.6392,Arsenic and compounds (as As),40.375,448.5499430851952,0,0,0,0,0,0,1,0
2023,7(a),9.7408,45.4333,Ammonia (NH3),10009.0,450.75101681030907,0,0,1,0,0,0,0,0
2024,4(a),14.2772,37.0554,Non-methane volatile organic compounds (NMVOC),177980.0,560.2184704049324,1,0,0,0,0,0,0,0
2021,7(a),11.2111,44.9696,Ammonia (NH3),11847.0,356.44074205984225,0,0,1,0,0,0,0,0
2024,7(a),11.0635,45.1875,Ammonia (NH3),29443.0,383.04747181438677,0,0,1,0,0,0,0,0
2021,2(b),17.1999,40.5167,Fluorine and inorganic compounds (as HF),7416.72,422.49503361756746,0,0,0,0,0,0,1,0
2021,6(b),13.0739,46.2325,Non-methane volatile organic compounds (NMVOC),504590.0,483.64256280003474,0,0,0,0,0,1,0,0
2024,3(e),8.3225,44.3389,Nitrogen oxides (NOX),157680.0,433.6498878253013,0,0,0,1,0,0,0,0
2023,7(a),10.1211,45.1994,Ammonia (NH3),22210.0,413.4893047679818,0,0,1,0,0,0,0,0
2022,1(c),12.2458,45.4313,Chlorine and inorganic compounds (as HCl),11204.4,392.8681219243284,0,1,0,0,0,0,0,0
2024,7(a),7.8339,44.6463,Ammonia (NH3),30523.0,485.19056143864753,0,0,1,0,0,0,0,0
2021,2(b),11.5083,45.5194,Mercury and compounds (as Hg),67.845,409.9050166276053,0,0,0,0,0,0,1,0
2021,1(c),8.2991,40.8516,Carbon dioxide (CO2),2391215000.0,369.15699948624194,0,1,0,0,0,0,0,0
2021,3(a),17.1061,39.106,Nitrogen oxides (NOX),141480.7,498.4787189881203,0,0,0,1,0,0,0,0
2023,8(b),13.5775,42.9176,Hydro-fluorocarbons (HFCS),130.625,143.56200061929437,0,0,0,0,0,0,0,0
2024,7(a),10.7064,44.7672,Ammonia (NH3),18888.0,349.84076680299376,0,0,1,0,0,0,0,0
2023,7(a)(ii),10.6956,44.84,Ammonia (NH3),12173.0,357.54425275353015,0,0,1,0,0,0,0,0
2022,7(a)(ii),12.2505,44.5651,Ammonia (NH3),11618.0,296.7033251546424,0,0,1,0,0,0,0,0
2024,7(a),11.627389,45.083972,Ammonia (NH3),11524.0,360.60280628882623,0,0,1,0,0,0,0,0
2023,7(a)(ii),10.0325,45.373056,Ammonia (NH3),16650.0,433.78116096207646,0,0,1,0,0,0,0,0
2021,6(b),13.5831,45.7933,Carbon dioxide (CO2),188732333.0,441.2811911520939,0,0,0,0,0,1,0,0
2021,1(c),9.6491,45.2219,Nitrogen oxides (NOX),202086.1,434.4931203224939,0,1,0,0,0,0,0,0
2023,7(a),10.8929,44.5012,Ammonia (NH3),11657.0,316.7987633895623,0,0,1,0,0,0,0,0
2021,1(c),15.1825,37.1791,Mercury and compounds (as Hg),66.4488,573.451982183205,0,1,0,0,0,0,0,0
2023,1(c),14.7,42.0167,Methane (CH4),504019.0,182.64180132580148,0,1,0,0,0,0,0,0
2022,7(a),12.1202,45.315,Ammonia (NH3),21520.0,380.62504314893107,0,0,1,0,0,0,0,0
2021,7(a),9.7003,45.3219,Ammonia (NH3),15127.0,441.76292334580654,0,0,1,0,0,0,0,0
2023,4(b),12.25,44.45,Nitrogen oxides (NOX),792000.0,283.93915705228454,1,0,0,0,0,0,0,0
2022,1(c),9.4794,45.0899,Carbon dioxide (CO2),1572811890.8,429.82876504034436,0,1,0,0,0,0,0,0
2024,7(a),7.6989,44.6944,Ammonia (NH3),12270.0,496.92943164111415,0,0,1,0,0,0,0,0
2021,7(a),10.3368,44.9401,Ammonia (NH3),231000.0,380.07353065964213,0,0,1,0,0,0,0,0
2024,1(c),14.5638,42.0497,Carbon dioxide (CO2),664546000.0,171.6756980077843,0,1,0,0,0,0,0,0
2022,7(a),10.9795,45.2133,Ammonia (NH3),40562.0,387.85366050737025,0,0,1,0,0,0,0,0
2022,2(e),8.7622,45.2842,Ammonia (NH3),20747.6,481.3472687010468,0,0,0,0,0,0,1,0
2021,7(a),10.1681,45.1642,Ammonia (NH3),12880.0,408.2969907889651,0,0,1,0,0,0,0,0
2022,1(c),13.7483,37.9691,Carbon dioxide (CO2),1327576214.9,450.22665809519594,0,1,0,0,0,0,0,0
2024,7(a),9.4006,45.3457,Ammonia (NH3),37812.0,456.703610217517,0,0,1,0,0,0,0,0
2022,7(a),11.899281,45.684858,Ammonia (NH3),28630.0,423.2641518326679,0,0,1,0,0,0,0,0
2023,3(e),7.5908,44.3867,Carbon dioxide (CO2),102924000.0,484.3039076585716,0,0,0,1,0,0,0,0
2023,7(a),10.80375,45.238722,Ammonia (NH3),15370.0,395.1836422801964,0,0,1,0,0,0,0,0
2022,1(c),16.7564,41.1024,Carbon dioxide (CO2),438225423.8,365.7083823283547,0,1,0,0,0,0,0,0
2024,1(c),17.9919,40.6411,Carbon dioxide (CO2),2339870000.0,480.12109605671674,0,1,0,0,0,0,0,0
2022,7(a),7.9486,44.6981,Ammonia (NH3),12152.0,481.5833620073078,0,0,1,0,0,0,0,0
2021,1(a),17.193,40.4892,Sulphur oxides (SOX),516070.0,423.1599159692294,0,1,0,0,0,0,0,0
2022,7(a),7.3755,44.8381,Ammonia (NH3),15223.0,526.9480630152852,0,0,1,0,0,0,0,0
2024,1(c),16.7564,41.1024,Nitrogen oxides (NOX),107415.9,365.7083823283547,0,1,0,0,0,0,0,0
2021,7(a),13.7225,42.8025,Ammonia (NH3),10000.0,141.98201657788402,0,0,1,0,0,0,0,0
2022,4(b),12.25,44.45,Carbon monoxide (CO),1619000.0,283.93915705228454,1,0,0,0,0,0,0,0
2022,6(b),13.5831,45.7933,Hydro-fluorocarbons (HFCS),114.11,441.2811911520939,0,0,0,0,0,1,0,0
2022,7(a),9.3267,45.4119,Ammonia (NH3),17232.0,466.03621859810676,0,0,1,0,0,0,0,0
2023,1(a),15.1905,37.2216,Nickel and compounds (as Ni),538.0245,569.3767495576742,0,1,0,0,0,0,0,0
2021,5(a),7.5856,45.0381,Carbon dioxide (CO2),600525752.9,527.6333775226544,0,0,0,0,0,0,0,1
2024,7(a),16.0768,40.9085,Ammonia (NH3),36940.0,318.38896765571116,0,0,1,0,0,0,0,0
2021,1(c),8.739,45.5212,Nitrogen oxides (NOX),205920.7,502.9487066098593,0,1,0,0,0,0,0,0
2021,7(a),13.4913,45.7501,Ammonia (NH3),16207.0,435.17102394666557,0,0,1,0,0,0,0,0
2022,1(c),8.1927,45.2377,Nitrogen oxides (NOX),244520.0,507.5180888612842,0,1,0,0,0,0,0,0
2023,1(a),15.2723,38.2027,Carbon dioxide (CO2),2254404000.0,474.37811556178303,0,1,0,0,0,0,0,0
2023,7(a),10.019167,45.261667,Ammonia (NH3),41380.0,423.3950397088629,0,0,1,0,0,0,0,0
2021,5(a),15.5525,40.6955,Chlorofluorocarbons (CFCs),61.1662,288.4185562798682,0,0,0,0,0,0,0,1
2022,7(a),12.6077,45.9476,Ammonia (NH3),13993.0,449.84942217845145,0,0,1,0,0,0,0,0
2021,4(a),12.235556,44.4455,Non-methane volatile organic compounds (NMVOC),231523.0,283.52500163154707,1,0,0,0,0,0,0,0
2021,5(g),15.187222,37.173611,Mercury and compounds (as Hg),20.0,574.1768607819049,0,0,0,0,0,0,0,1
2023,7(a),11.0635,45.1875,Ammonia (NH3),38243.0,383.04747181438677,0,0,1,0,0,0,0,0
2021,7(a),10.2797,45.4008,Ammonia (NH3),34540.0,427.85244269560184,0,0,1,0,0,0,0,0
2023,7(a),10.6447,45.0167,Ammonia (NH3),82195.0,377.0997250833265,0,0,1,0,0,0,0,0
2021,7(a),11.988658,44.166372,Ammonia (NH3),13593.0,255.05678901207023,0,0,1,0,0,0,0,0
2024,5(c),9.4008,46.1397,Chlorofluorocarbons (CFCs),7.76,532.0788931828025,0,0,0,0,0,0,0,1
2023,7(a),12.0903,44.1594,Ammonia (NH3),17644.0,253.08325699390863,0,0,1,0,0,0,0,0
2022,1(c),15.6048,38.274,Carbon dioxide (CO2),131191000.0,482.34767180911035,0,1,0,0,0,0,0,0
2022,2(b),17.1999,40.5167,Sulphur oxides (SOX),2966580.0,422.49503361756746,0,0,0,0,0,0,1,0
2021,7(a),11.8478,42.9487,Ammonia (NH3),30784.0,127.90316066566719,0,0,1,0,0,0,0,0
2021,7(a),11.8852,43.2213,Ammonia (NH3),24616.0,154.91926216062265,0,0,1,0,0,0,0,0
2024,7(a),9.9478,44.9517,Ammonia (NH3),22914.0,396.5534324825875,0,0,1,0,0,0,0,0
2021,9(c),14.6975,40.7322,Non-methane volatile organic compounds (NMVOC),163069.0,225.2292308000999,0,0,0,0,1,0,0,0
2024,7(a),11.432194,45.728583,Ammonia (NH3),24540.0,433.8804540350825,0,0,1,0,0,0,0,0
2022,7(a)(iii),9.1047,45.2744,Ammonia (NH3),27459.0,463.7701257745326,0,0,1,0,0,0,0,0
2024,7(a),12.6331,42.8558,Ammonia (NH3),10480.0,106.56194315343484,0,0,1,0,0,0,0,0
2022,4(a),18.0022,40.6395,Carbon dioxide (CO2),420160610.0,481.00117134663145,1,0,0,0,0,0,0,0
2024,2(f),12.2444,44.4681,Nitrogen oxides (NOX),147048.8807,285.9786806487635,0,0,0,0,0,0,1,0
2022,7(a)(ii),9.3834,45.25,Ammonia (NH3),13107.0,448.70761466712275,0,0,1,0,0,0,0,0
2022,7(a),10.553056,45.185556,Methane (CH4),143203.0,397.1790789748979,0,0,1,0,0,0,0,0
2023,7(a)(i),13.198056,45.901111,Ammonia (NH3),10182.0,448.12646144621823,0,0,1,0,0,0,0,0
2021,1(c),9.2525,45.5422,Carbon dioxide (CO2),119204000.0,481.27755303987414,0,1,0,0,0,0,0,0
2021,3(c),7.5,44.2833,Nitrogen oxides (NOX),1179234.0,484.2811228602819,0,0,0,1,0,0,0,0
2021,1(c),8.4008,39.1962,Fluorine and inorganic compounds (as HF),6960.67,458.5068450836283,0,1,0,0,0,0,0,0
2023,2(f),8.7647,44.7764,Nitrogen oxides (NOX),113550.0,439.4212293439145,0,0,0,0,0,0,1,0
2021,3(c),7.5,44.2833,Ammonia (NH3),13972.0,484.2811228602819,0,0,0,1,0,0,0,0
2022,7(a),9.3176,45.2405,Ammonia (NH3),17312.0,450.829368095555,0,0,1,0,0,0,0,0
2021,3(c),14.0658,41.4456,Nitrous oxide (N2O),15100.0,139.90801467376932,0,0,0,1,0,0,0,0
2024,3(c),12.5467,43.3636,Nitrogen oxides (NOX),671811.0,162.48565083014304,0,0,0,1,0,0,0,0
2024,2(b),10.459167,45.4625,Carbon monoxide (CO),2733135.8,428.34294478117357,0,0,0,0,0,0,1,0
2021,1(c),12.2003,42.9946,Carbon dioxide (CO2),441129696.0,123.80937782008826,0,1,0,0,0,0,0,0
2024,3(c),,,Carbon monoxide (CO),537643.1,,0,0,0,1,0,0,0,0
2021,1(c),12.236944,44.448611,Nitrogen oxides (NOX),594220.0,283.861566092513,0,1,0,0,0,0,0,0
2021,4(b),8.9883,39.2347,Sulphur oxides (SOX),211840.0,419.23745250947223,1,0,0,0,0,0,0,0
2022,7(a),12.0192,44.165,Ammonia (NH3),20454.0,254.5164027114181,0,0,1,0,0,0,0,0
2024,9(c),12.8336,43.8881,Non-methane volatile organic compounds (NMVOC),592460.0,222.45708121005148,0,0,0,0,1,0,0,0
2023,7(a)(ii),9.7692,45.4258,Ammonia (NH3),27885.0,448.912741461856,0,0,1,0,0,0,0,0
2021,2(a),10.2269,45.5333,Carbon dioxide (CO2),144338600.0,442.934350852115,0,0,0,0,0,0,1,0
2024,7(a),9.6831,45.3286,Ammonia (NH3),22617.0,443.1028237477304,0,0,1,0,0,0,0,0
2021,7(a),10.155,45.454167,Ammonia (NH3),33723.0,437.4367150846399,0,0,1,0,0,0,0,0
2022,1(c),12.2458,45.4313,Sulphur oxides (SOX),709729.8,392.8681219243284,0,1,0,0,0,0,0,0
2022,9(c),14.6958,40.7212,Non-methane volatile organic compounds (NMVOC),148986.0,225.83529251576073,0,0,0,0,1,0,0,0
2024,7(a),11.993333,44.166389,Ammonia (NH3),10262.0,254.9974802586203,0,0,1,0,0,0,0,0
2023,2(b),11.5083,45.5194,Zinc and compounds (as Zn),1179.5625,409.9050166276053,0,0,0,0,0,0,1,0
2022,2(b),10.3894,45.6392,Arsenic and compounds (as As),40.848,448.5499430851952,0,0,0,0,0,0,1,0
2022,1(c),14.5638,42.0497,Nitrogen oxides (NOX),142790.0,171.6756980077843,0,1,0,0,0,0,0,0
2024,7(a),7.9603,44.4131,Ammonia (NH3),11439.0,461.7164317979635,0,0,1,0,0,0,0,0
2022,7(a),13.7462,42.5483,Ammonia (NH3),26832.0,125.46525609127177,0,0,1,0,0,0,0,0
2024,3(c),15.6736,40.9497,Carbon dioxide (CO2),269961000.0,285.2888248631794,0,0,0,1,0,0,0,0
2022,3(e),8.3225,44.3389,Nitrogen oxides (NOX),148400.0,433.6498878253013,0,0,0,1,0,0,0,0
2022,1(c),15.2022,37.1291,Nickel and compounds (as Ni),623.2,579.2538732559473,0,1,0,0,0,0,0,0
2022,1(c),12.2661,44.4844,Nitrous oxide (N2O),20388.8,287.6669114626911,0,1,0,0,0,0,0,0
2022,1(c),11.7654,42.1231,Carbon dioxide (CO2),540248000.0,65.17174386427507,0,1,0,0,0,0,0,0
2024,4(e),11.9231,45.4111,Non-methane volatile organic compounds (NMVOC),148511.0,392.81888747337086,1,0,0,0,0,0,0,0
2022,2(b),13.2306,45.7883,Zinc and compounds (as Zn),521.54,436.03565456126165,0,0,0,0,0,0,1,0
2021,2(b),10.459167,45.4625,Nitrogen oxides (NOX),168067.3,428.34294478117357,0,0,0,0,0,0,1,0
2023,7(a),11.485264,45.315703,Ammonia (NH3),13051.0,388.12151069485844,0,0,1,0,0,0,0,0
2021,7(a),12.0842,44.1364,Ammonia (NH3),16320.0,250.61446430559553,0,0,1,0,0,0,0,0
2023,7(a),9.558694,45.246222,Ammonia (NH3),10986.0,440.6309193637934,0,0,1,0,0,0,0,0
2022,4(b),10.3175,43.575,Nitrogen oxides (NOX),160703.0,257.34910074340945,1,0,0,0,0,0,0,0
2022,7(a),10.7842,45.3131,Ammonia (NH3),33740.0,403.4616422647851,0,0,1,0,0,0,0,0
2023,5(d),7.3492,44.8919,Methane (CH4),764000.0,532.1825552813739,0,0,0,0,0,0,0,1
2022,3(c),12.7167,42.0001,Nitrous oxide (N2O),168400.0,21.188596822069414,0,0,0,1,0,0,0,0
2024,1(c),15.2022,37.1291,Cadmium and compounds (as Cd),12.0,579.2538732559473,0,1,0,0,0,0,0,0
2024,7(a),12.0955,44.577,Ammonia (NH3),20202.0,299.12434508455885,0,0,1,0,0,0,0,0
2022,1(c),7.6105,45.103,Carbon dioxide (CO2),811827000.0,530.7746030181577,0,1,0,0,0,0,0,0
2021,5(d),12.6369,42.7786,Methane (CH4),462264.0,98.06673450079657,0,0,0,0,0,0,0,1
2021,7(a),11.432194,45.728583,Ammonia (NH3),25210.0,433.8804540350825,0,0,1,0,0,0,0,0
2023,1(c),18.0321,40.5638,Sulphur oxides (SOX),1000743.1,486.1548254028064,0,1,0,0,0,0,0,0
2024,3(c),12.6178,43.2844,Ammonia (NH3),30200.0,153.94793754868223,0,0,0,1,0,0,0,0
2023,7(a),13.351503,43.631817,Ammonia (NH3),24898.0,204.53383526439478,0,0,1,0,0,0,0,0
2022,9(c),13.6786,43.2933,Non-methane volatile organic compounds (NMVOC),140254.0,182.39582302782517,0,0,0,0,1,0,0,0
2022,5(a),11.573889,42.374167,Chlorofluorocarbons (CFCs),19.008,92.37337609418306,0,0,0,0,0,0,0,1
2021,7(a),10.8086,45.2619,Ammonia (NH3),13455.0,397.46079970214606,0,0,1,0,0,0,0,0
2022,1(c),11.7586,42.1275,Nitrogen oxides (NOX),1487710.0,65.87472663400173,0,1,0,0,0,0,0,0
2023,7(a),11.9761,44.5544,Ammonia (NH3),13591.0,297.8407263144378,0,0,1,0,0,0,0,0
2022,3(c),7.5,44.2833,Carbon dioxide (CO2),797427000.0,484.2811228602819,0,0,0,1,0,0,0,0
2021,7(a),10.1211,45.1994,Ammonia (NH3),28190.0,413.4893047679818,0,0,1,0,0,0,0,0
2023,9(c),7.6311,45.0303,Non-methane volatile organic compounds (NMVOC),398760.0,524.3293632103936,0,0,0,0,1,0,0,0
2024,6(b),10.5167,44.9167,Lead and compounds (as Pb),212.0,371.29893725265117,0,0,0,0,0,1,0,0
2022,7(a),12.1503,44.9517,Ammonia (NH3),30765.0,340.17134527177257,0,0,1,0,0,0,0,0
2024,7(a),11.6324,45.1339,Ammonia (NH3),22380.0,365.9675173297671,0,0,1,0,0,0,0,0
2023,1(c),15.1825,37.1791,Nickel and compounds (as Ni),59.8225,573.451982183205,0,1,0,0,0,0,0,0
2024,7(a),10.5958,45.1808,Ammonia (NH3),30177.0,395.34941313893785,0,0,1,0,0,0,0,0
2021,6(b),10.5167,44.9167,Lead and compounds (as Pb),273.0,371.29893725265117,0,0,0,0,0,1,0,0
2023,1(c),8.2991,40.8516,Hydrochlorofluorocarbons (HCFCs),10.54,369.15699948624194,0,1,0,0,0,0,0,0
2023,4(e),9.3442,45.4828,Dichloromethane (DCM),13978.0,471.8158965128445,1,0,0,0,0,0,0,0
2022,1(a),15.1905,37.2216,Chlorine and inorganic compounds (as HCl),16272.2,569.3767495576742,0,1,0,0,0,0,0,0
2023,7(a),10.6565,45.0695,Ammonia (NH3),18975.0,382.1007159263712,0,0,1,0,0,0,0,0
2022,7(a),12.3931,44.027,Ammonia (NH3),15346.0,236.34971264088867,0,0,1,0,0,0,0,0
2022,3(e),11.0928,45.1436,Arsenic and compounds (as As),175.0,377.69529539990066,0,0,0,1,0,0,0,0
2022,7(a),11.9761,44.5544,Ammonia (NH3),13107.0,297.8407263144378,0,0,1,0,0,0,0,0
2021,7(a),10.5654,45.2018,Ammonia (NH3),18611.0,398.4420017480798,0,0,1,0,0,0,0,0
2023,3(c),8.6794,45.7794,Carbon dioxide (CO2),475942000.0,528.5578509656057,0,0,0,1,0,0,0,0
2024,7(a),7.8372,44.5303,Ammonia (NH3),19982.0,477.2678823051672,0,0,1,0,0,0,0,0
2023,7(a)(i),9.8198,45.5758,Ammonia (NH3),10159.0,461.4989039714978,0,0,1,0,0,0,0,0
2022,1(c),7.9005,45.1854,Lead and compounds (as Pb),371.706,519.876589257793,0,1,0,0,0,0,0,0
2024,3(c),12.7394,46.1778,Carbon monoxide (CO),1003458.0,475.75427963107893,0,0,0,1,0,0,0,0
2024,7(a),9.9217,45.0013,Ammonia (NH3),12381.0,402.317155647794,0,0,1,0,0,0,0,0
2024,9(a),9.0561,45.5906,Tetrachloroethylene,19075.14,494.3815894496035,0,0,0,0,1,0,0,0
2022,7(a),11.89794,44.84211,Ammonia (NH3),25616.0,330.39370196694586,0,0,1,0,0,0,0,0
2023,4(c),12.238056,44.445833,Nitrogen oxides (NOX),193400.0,283.54688050614993,1,0,0,0,0,0,0,0
2023,3(c),14.725278,36.903056,Nitrogen oxides (NOX),347400.0,587.9442813117303,0,0,0,1,0,0,0,0
2024,3(c),11.7543,45.6298,Nitrogen oxides (NOX),197885.0,418.68038827244806,0,0,0,1,0,0,0,0
2023,7(a),9.9217,45.0013,Ammonia (NH3),12732.0,402.317155647794,0,0,1,0,0,0,0,0
2021,7(a),12.2406,44.0156,Ammonia (NH3),20370.0,235.85267060953186,0,0,1,0,0,0,0,0
2024,7(a),14.0551,41.1823,Ammonia (NH3),18256.0,152.46477201711423,0,0,1,0,0,0,0,0
2021,7(a)(i),10.0904,44.968,Ammonia (NH3),34000.0,392.2671166611935,0,0,1,0,0,0,0,0
2021,9(c),12.0822,44.2181,Non-methane volatile organic compounds (NMVOC),144731.0,259.63843449778904,0,0,0,0,1,0,0,0
2022,2(a),10.2269,45.5333,Mercury and compounds (as Hg),13.07,442.934350852115,0,0,0,0,0,0,1,0
2023,1(a),8.8768,45.0997,Sulphur oxides (SOX),1400900.0,459.8924322368035,0,1,0,0,0,0,0,0
2022,7(a),9.98,45.5531,Ammonia (NH3),11658.0,453.4097765982143,0,0,1,0,0,0,0,0
2022,7(a),10.8836,44.9178,Ammonia (NH3),30100.0,359.65515938708734,0,0,1,0,0,0,0,0
2023,7(a),12.057,44.06,Ammonia (NH3),54358.0,242.51713730289214,0,0,1,0,0,0,0,0
2024,5(c),16.232472,38.858111,Ammonia (NH3),40157.0,463.33112205061144,0,0,0,0,0,0,0,1
2023,7(a),10.8553,44.9544,Ammonia (NH3),13940.0,364.26157713636235,0,0,1,0,0,0,0,0
2023,7(a),10.5103,45.2108,Methane (CH4),122870.0,401.10773759126573,0,0,1,0,0,0,0,0
2023,7(a),9.9478,44.9517,Ammonia (NH3),20173.0,396.5534324825875,0,0,1,0,0,0,0,0
2023,1(c),18.0321,40.5638,Fluorine and inorganic compounds (as HF),21234.9681,486.1548254028064,0,1,0,0,0,0,0,0
2023,7(a),10.1607,45.4418,Ammonia (NH3),15433.0,436.00697447621354,0,0,1,0,0,0,0,0
2022,2(a),15.034444,37.446111,Zinc and compounds (as Zn),906.52,541.0071188998154,0,0,0,0,0,0,1,0
2024,1(c),8.974,39.2311,Chromium and compounds (as Cr),242.4,420.37962621668305,0,1,0,0,0,0,0,0
2023,7(a),10.343056,45.193056,Ammonia (NH3),11539.0,404.8942067736994,0,0,1,0,0,0,0,0
2022,1(a),15.219444,37.135556,Carbon dioxide (CO2),1467080000.0,579.1857861069731,0,1,0,0,0,0,0,0
2024,7(a),10.6799,44.785,Ammonia (NH3),18542.0,352.52149151379643,0,0,1,0,0,0,0,0
2021,7(a),9.431667,45.411667,Ammonia (NH3),23000.0,461.4547851678403,0,0,1,0,0,0,0,0
2021,7(a),10.019167,45.261667,Ammonia (NH3),41380.0,423.3950397088629,0,0,1,0,0,0,0,0
2022,3(e),10.3858,43.7061,Sulphur oxides (SOX),178930.0,264.2817592979229,0,0,0,1,0,0,0,0
2022,3(e),8.3089,44.4447,Lead and compounds (as Pb),869.0,441.7092860060149,0,0,0,1,0,0,0,0
2021,1(a),9.0113,39.0971,Benzene,5273.0876,429.0677199992063,0,1,0,0,0,0,0,0
2022,1(c),16.5486,40.4175,Carbon dioxide (CO2),128849729.3,377.24502367551094,0,1,0,0,0,0,0,0
2021,2(b),17.1999,40.5167,Carbon dioxide (CO2),5246390000.0,422.49503361756746,0,0,0,0,0,0,1,0
2021,7(a)(i),13.0362,46.0897,Ammonia (NH3),17116.8,467.55677520176425,0,0,1,0,0,0,0,0
2024,1(c),11.7654,42.1231,Carbon dioxide (CO2),236439535.4,65.17174386427507,0,1,0,0,0,0,0,0
2021,7(a),13.3143,46.1156,Ammonia (NH3),12682.4,472.9790214988363,0,0,1,0,0,0,0,0
2022,7(a),10.2797,45.4008,Ammonia (NH3),34540.0,427.85244269560184,0,0,1,0,0,0,0,0
2023,1(c),8.2991,40.8516,Sulphur hexafluoride (SF6),69.7,369.15699948624194,0,1,0,0,0,0,0,0
2024,3(c),14.725278,36.903056,Nitrogen oxides (NOX),402000.0,587.9442813117303,0,0,0,1,0,0,0,0
2024,7(a),7.763055,44.697222,Ammonia (NH3),20341.0,493.07946585751637,0,0,1,0,0,0,0,0
2023,5(d),12.7147,46.1147,Methane (CH4),128444.0,468.66664698646406,0,0,0,0,0,0,0,1
2023,7(a),10.0195,45.2352,Ammonia (NH3),17520.0,420.81011309304284,0,0,1,0,0,0,0,0
2023,7(a),11.5146,44.6432,Ammonia (NH3),14509.0,314.9081248612696,0,0,1,0,0,0,0,0
2023,9(c),11.361247,45.495642,Non-methane volatile organic compounds (NMVOC),108000.0,409.7832222918793,0,0,0,0,1,0,0,0
2024,7(a),10.3558,45.1489,Ammonia (NH3),23984.0,400.0479036243928,0,0,1,0,0,0,0,0
2021,1(c),7.7516,45.1622,Carbon dioxide (CO2),854979568.4,526.7586534673983,0,1,0,0,0,0,0,0
2022,3(c),9.612325,45.776917,Nitrogen oxides (NOX),103900.0,488.87154963388286,0,0,0,1,0,0,0,0
2021,1(c),9.7104,45.0545,Nitrogen oxides (NOX),175629.0,416.28976618018316,0,1,0,0,0,0,0,0
2021,4(e),8.9767,45.0575,Non-methane volatile organic compounds (NMVOC),140020.0,451.2332413641436,1,0,0,0,0,0,0,0
2021,9(c),14.6958,40.7212,Non-methane volatile organic compounds (NMVOC),130990.0,225.83529251576073,0,0,0,0,1,0,0,0
2021,2(a),10.2269,45.5333,Mercury and compounds (as Hg),27.74,442.934350852115,0,0,0,0,0,0,1,0
2021,5(d),11.6161,43.5561,Methane (CH4),572460.0,197.3963648294752,0,0,0,0,0,0,0,1
2023,3(c),13.0042,41.7367,Nitrogen oxides (NOX),389362.0,45.95489691933602,0,0,0,1,0,0,0,0
2021,2(b),17.1999,40.5167,Mercury and compounds (as Hg),63.79,422.49503361756746,0,0,0,0,0,0,1,0
2021,1(c),7.4847,44.5942,Nitrogen oxides (NOX),114960.0,504.15092337240816,0,1,0,0,0,0,0,0
2022,5(d),10.4742,43.463,Methane (CH4),278540.0,239.6108764644126,0,0,0,0,0,0,0,1
2023,7(a),11.0075,44.9942,Ammonia (NH3),13448.0,364.1372799092765,0,0,1,0,0,0,0,0
2022,7(a),10.313139,44.940611,Ammonia (NH3),12504.0,381.0033968786184,0,0,1,0,0,0,0,0
2022,2(e),10.3375,45.6972,Nitrogen oxides (NOX),256853.0,456.0620290721447,0,0,0,0,0,0,1,0
2022,7(a),10.1367,45.1158,Ammonia (NH3),51250.0,404.7438407430821,0,0,1,0,0,0,0,0
2023,7(a),15.0331,40.6108,Ammonia (NH3),15600.0,256.1135664474034,0,0,1,0,0,0,0,0
2021,7(a),11.0281,44.9886,Ammonia (NH3),15950.0,363.0054808715968,0,0,1,0,0,0,0,0
2023,3(e),11.0928,45.1436,Arsenic and compounds (as As),22.0,377.69529539990066,0,0,0,1,0,0,0,0
2022,7(a),7.715556,44.391667,Ammonia (NH3),13448.0,476.3379166388307,0,0,1,0,0,0,0,0
2024,7(a),10.0195,45.2352,Ammonia (NH3),14000.0,420.81011309304284,0,0,1,0,0,0,0,0
2024,4(a),8.8728,45.4842,Non-methane volatile organic compounds (NMVOC),113200.0,493.30362911589503,1,0,0,0,0,0,0,0
2021,8(b),11.3028,45.0292,Nitrogen oxides (NOX),393263.0,360.72672194530134,0,0,0,0,0,0,0,0
2021,1(c),15.6048,38.274,Methane (CH4),187258.0,482.34767180911035,0,1,0,0,0,0,0,0
2024,7(a),13.2639,45.9834,Ammonia (NH3),11796.8,457.87738859250805,0,0,1,0,0,0,0,0
2023,7(a),9.9297,45.0903,Ammonia (NH3),28840.0,410.4182855616139,0,0,1,0,0,0,0,0
2024,1(a),9.0113,39.0971,Particulate matter (PM10),73979.3,429.0677199992063,0,1,0,0,0,0,0,0
2023,7(a),12.141361,45.173778,Ammonia (NH3),22580.4,364.8391963340695,0,0,1,0,0,0,0,0
2021,1(c),15.4759,41.2018,Nitrogen oxides (NOX),180740.0,259.8801424448694,0,1,0,0,0,0,0,0
2024,3(e),11.1135,45.0051,Sulphur oxides (SOX),154782.0,362.5554497680829,0,0,0,1,0,0,0,0
2021,3(c),8.6794,45.7794,Ammonia (NH3),31941.0,528.5578509656057,0,0,0,1,0,0,0,0
2023,1(a),15.1905,37.2216,Chlorine and inorganic compounds (as HCl),15921.1,569.3767495576742,0,1,0,0,0,0,0,0
2024,1(a),8.8768,45.0997,Benzene,3253.861,459.8924322368035,0,1,0,0,0,0,0,0
2021,2(e),9.3242,45.5611,Lead and compounds (as Pb),394.0,479.9435168749245,0,0,0,0,0,0,1,0
2022,3(g),11.419486,45.056481,Nitrogen oxides (NOX),105217.0,361.26813648737505,0,0,0,1,0,0,0,0
2022,4(a),10.8799,45.9028,Hydrochlorofluorocarbons (HCFCs),65.75,463.2231392861003,1,0,0,0,0,0,0,0
2024,1(a),15.1905,37.2216,Carbon dioxide (CO2),2082063474.3,569.3767495576742,0,1,0,0,0,0,0,0
2021,7(a)(ii),9.859722,45.1375,Ammonia (NH3),11256.0,417.7570633172143,0,0,1,0,0,0,0,0
2024,7(a),7.8898,44.9805,Ammonia (NH3),12569.0,505.2549258306158,0,0,1,0,0,0,0,0
2021,5(b),11.9231,45.4083,Carbon dioxide (CO2),179315793.0,392.50982573499164,0,0,0,0,0,0,0,1
2021,7(a),10.5831,44.9842,Ammonia (NH3),17762.0,375.8155074188588,0,0,1,0,0,0,0,0
2024,5(d),12.2057,44.4833,Methane (CH4),1042372.0,287.90402456135735,0,0,0,0,0,0,0,1
2024,1(a),15.219444,37.135556,Nitrous oxide (N2O),11807.0,579.1857861069731,0,1,0,0,0,0,0,0
2024,1(c),15.2808,38.2019,Nickel and compounds (as Ni),80.7255,474.81617636859517,0,1,0,0,0,0,0,0
2021,4(a),11.594444,44.859167,Non-methane volatile organic compounds (NMVOC),126989.4,336.71117819356374,1,0,0,0,0,0,0,0
2024,9(c),12.0822,44.2181,Non-methane volatile organic compounds (NMVOC),109602.9,259.63843449778904,0,0,0,0,1,0,0,0
2021,7(a),7.6739,44.7775,Ammonia (NH3),26700.0,504.1021213295117,0,0,1,0,0,0,0,0
2021,1(c),8.6505,45.4593,Carbon dioxide (CO2),251604895.3,501.9051977007532,0,1,0,0,0,0,0,0
2024,7(a),10.403,45.0662,Ammonia (NH3),11643.0,390.1632110520144,0,0,1,0,0,0,0,0
2023,2(b),17.1999,40.5167,Chromium and compounds (as Cr),310.76,422.49503361756746,0,0,0,0,0,0,1,0
2021,4(a),9.7667,45.7136,Benzene,2502.1383,476.9347657260154,1,0,0,0,0,0,0,0
2024,7(a),7.6624,44.8982,Ammonia (NH3),12480.0,513.1184705441993,0,0,1,0,0,0,0,0
2024,4(a),12.2363,45.4438,Benzene,1316.87,394.29587462725914,1,0,0,0,0,0,0,0
2022,2(f),9.162222,45.384722,Mercury and compounds (as Hg),15.0,470.9434230911783,0,0,0,0,0,0,1,0
2022,7(a),10.3628,45.0403,Ammonia (NH3),20600.0,389.00850440447186,0,0,1,0,0,0,0,0
2024,3(c),15.6736,40.9497,Nitrogen oxides (NOX),290100.0,285.2888248631794,0,0,0,1,0,0,0,0
2023,4(a),15.1973,37.167,Carbon dioxide (CO2),799942040.0,575.2012058760492,1,0,0,0,0,0,0,0
2023,5(a),15.5525,40.6955,Hydrochlorofluorocarbons (HCFCs),443.4791,288.4185562798682,0,0,0,0,0,0,0,1
2024,3(c),13.258717,42.463755,Carbon dioxide (CO2),166877000.0,88.52024109973759,0,0,0,1,0,0,0,0
2024,3(c),12.7167,42.0001,Carbon dioxide (CO2),439148814.8,21.188596822069414,0,0,0,1,0,0,0,0
2023,4(a),,,Carbon dioxide (CO2),224924200.0,,1,0,0,0,0,0,0,0
2023,5(d),13.063778,43.789417,Methane (CH4),231000.0,214.81974200653355,0,0,0,0,0,0,0,1
2021,7(a),10.7467,45.2419,Ammonia (NH3),43059.0,397.1202777220346,0,0,1,0,0,0,0,0
2022,1(a),15.219444,37.135556,Sulphur oxides (SOX),3747748.0,579.1857861069731,0,1,0,0,0,0,0,0
2021,7(a),10.414444,45.221944,Ammonia (NH3),12040.0,405.3694599831661,0,0,1,0,0,0,0,0
2021,7(a),12.6888,46.0737,Ammonia (NH3),10924.0,464.0378532056598,0,0,1,0,0,0,0,0
2021,3(c),9.612325,45.776917,Nitrogen oxides (NOX),156000.0,488.87154963388286,0,0,0,1,0,0,0,0
2022,7(a),11.5146,44.1887,Ammonia (NH3),24506.0,266.40187872748817,0,0,1,0,0,0,0,0
2021,1(c),16.2147,39.7111,Carbon dioxide (CO2),829488000.0,396.5827136030377,0,1,0,0,0,0,0,0
2021,1(a),15.219444,37.135556,Non-methane volatile organic compounds (NMVOC),197732.0,579.1857861069731,0,1,0,0,0,0,0,0
2024,7(a),12.795556,41.534167,Ammonia (NH3),10770.0,47.92375471726873,0,0,1,0,0,0,0,0
2022,7(a),12.0559,44.1005,Ammonia (NH3),34521.0,246.9834682087975,0,0,1,0,0,0,0,0
2022,1(a),8.9466,44.5752,Carbon dioxide (CO2),275269311.6,413.42809160734026,0,1,0,0,0,0,0,0
2023,1(c),9.4794,45.0899,Carbon monoxide (CO),632700.0,429.82876504034436,0,1,0,0,0,0,0,0
2021,7(a),13.9514,42.5575,Ammonia (NH3),10100.0,140.1786828822367,0,0,1,0,0,0,0,0
2022,7(a),11.2732,45.074,Ammonia (NH3),28158.0,366.15589412172045,0,0,1,0,0,0,0,0
2021,2(b),11.5006,45.5236,Mercury and compounds (as Hg),20.7141,410.48270996553,0,0,0,0,0,0,1,0
2021,1(a),15.219444,37.135556,Benzene,1802.026,579.1857861069731,0,1,0,0,0,0,0,0
2021,1(c),7.9005,45.1854,Lead and compounds (as Pb),343.062,519.876589257793,0,1,0,0,0,0,0,0
2022,7(a),10.5285,44.9996,Ammonia (NH3),11863.0,379.1924424751448,0,0,1,0,0,0,0,0
2022,3(e),11.3731,45.4181,Nitrogen oxides (NOX),539115.0,401.18016620160887,0,0,0,1,0,0,0,0
2024,3(c),7.5,44.2833,Nitrogen oxides (NOX),909817.0,484.2811228602819,0,0,0,1,0,0,0,0
2023,1(a),17.193,40.4892,Mercury and compounds (as Hg),12.516,423.1599159692294,0,1,0,0,0,0,0,0
2021,7(a),11.0264,45.0814,Ammonia (NH3),56360.0,372.78806600807974,0,0,1,0,0,0,0,0
2021,2(e),13.0167,43.7917,Nitrogen oxides (NOX),229111.0,214.2750579431643,0,0,0,0,0,0,1,0
2024,7(a),11.106667,45.123611,Ammonia (NH3),30645.0,375.24594232047895,0,0,1,0,0,0,0,0
2024,3(c),12.260278,45.794722,Nitrogen oxides (NOX),116258.0,433.1754118590317,0,0,0,1,0,0,0,0
2021,3(c),,,Nitrogen oxides (NOX),385146.0,,0,0,0,1,0,0,0,0
2024,7(a),10.82,44.6061,Ammonia (NH3),31730.0,329.8104764377515,0,0,1,0,0,0,0,0
2021,1(c),15.268,38.1977,Carbon dioxide (CO2),565760700.0,474.6827614028966,0,1,0,0,0,0,0,0
2022,2(e),9.920278,45.540278,Copper and compounds (as Cu),210.913,454.307705987385,0,0,0,0,0,0,1,0
2023,2(b),10.2158,45.4875,Carbon monoxide (CO),616198.0,438.6997601875964,0,0,0,0,0,0,1,0
2023,7(a),12.0559,44.1005,Ammonia (NH3),24660.0,246.9834682087975,0,0,1,0,0,0,0,0
2024,1(a),8.8768,45.0997,Nitrous oxide (N2O),17290.0,459.8924322368035,0,1,0,0,0,0,0,0
2024,7(a),12.0817,44.1206,Ammonia (NH3),18344.0,248.90150235876683,0,0,1,0,0,0,0,0
2021,7(a),11.0211,45.0408,Ammonia (NH3),12002.0,368.6616501560451,0,0,1,0,0,0,0,0
2021,4(e),9.0411,45.5317,Dichloromethane (DCM),25174.0,489.7244934200075,1,0,0,0,0,0,0,0
2021,5(d),13.063778,43.789417,Methane (CH4),155000.0,214.81974200653355,0,0,0,0,0,0,0,1
2024,7(a)(ii),10.6956,44.84,Ammonia (NH3),12173.0,357.54425275353015,0,0,1,0,0,0,0,0
2022,1(c),11.9005,44.8,Methane (CH4),225836.0,325.7343389661802,0,1,0,0,0,0,0,0
2024,7(a),12.128867,44.190475,Ammonia (NH3),30132.0,256.1242817971926,0,0,1,0,0,0,0,0
2024,1(c),14.5638,42.0497,Nitrogen oxides (NOX),110345.0,171.6756980077843,0,1,0,0,0,0,0,0
2022,3(c),13.258717,42.463755,Ammonia (NH3),21024.0,88.52024109973759,0,0,0,1,0,0,0,0
2021,1(c),11.2511,45.0297,Nitrous oxide (N2O),10200.0,361.9154505330853,0,1,0,0,0,0,0,0
2022,5(d),7.3492,44.8919,Methane (CH4),549000.0,532.1825552813739,0,0,0,0,0,0,0,1
2024,3(c),12.487222,42.539722,Carbon dioxide (CO2),158685000.0,70.82652735983251,0,0,0,1,0,0,0,0
2022,7(a),7.4758,44.795,Ammonia (NH3),16800.0,517.738554941606,0,0,1,0,0,0,0,0
2024,7(a),12.3579,45.8274,Ammonia (NH3),12057.5,436.5366308911425,0,0,1,0,0,0,0,0
2021,5(b),12.6615,42.5806,Carbon dioxide (CO2),128753000.0,76.58347838215289,0,0,0,0,0,0,0,1
2024,1(c),17.2152,40.5108,Arsenic and compounds (as As),44.7145,423.94185302872364,0,1,0,0,0,0,0,0
2022,7(a),13.1672,43.5292,Ammonia (NH3),10680.0,188.9666875161974,0,0,1,0,0,0,0,0
2021,7(a),10.4549,45.5108,Ammonia (NH3),15461.0,433.41434876694893,0,0,1,0,0,0,0,0
2022,7(a),7.3458,44.8653,Ammonia (NH3),16370.0,530.6295186485146,0,0,1,0,0,0,0,0
2024,7(a),9.7739,45.2661,Ammonia (NH3),17767.0,433.46538418445164,0,0,1,0,0,0,0,0
2021,7(a)(ii),12.0749,44.8441,Ammonia (NH3),20230.0,328.8258218118225,0,0,1,0,0,0,0,0
2022,7(a),11.9987,45.715,Ammonia (NH3),30842.0,425.7718942612748,0,0,1,0,0,0,0,0
2023,7(a),12.364722,44.146667,Ammonia (NH3),16485.0,249.73602419494904,0,0,1,0,0,0,0,0
2023,7(a),7.876762,44.957191,Ammonia (NH3),11650.0,504.3349627793708,0,0,1,0,0,0,0,0
2021,1(a),15.2723,38.2027,Nitrogen oxides (NOX),1359600.0,474.37811556178303,0,1,0,0,0,0,0,0
2021,7(a),11.644778,45.490611,Ammonia (NH3),15566.0,404.7715694429616,0,0,1,0,0,0,0,0
2023,7(a),11.1764,44.9539,Ammonia (NH3),11536.0,355.6041188659677,0,0,1,0,0,0,0,0
2022,5(b),9.1825,45.6164,Carbon dioxide (CO2),100685840.0,491.1642063260129,0,0,0,0,0,0,0,1
2022,1(a),17.193,40.4892,Nitrogen oxides (NOX),634620.0,423.1599159692294,0,1,0,0,0,0,0,0
2024,7(a),10.343056,45.193056,Ammonia (NH3),10836.0,404.8942067736994,0,0,1,0,0,0,0,0
2021,1(c),8.739,45.5212,Nitrous oxide (N2O),24298.0,502.9487066098593,0,1,0,0,0,0,0,0
2021,7(a),10.2192,45.3617,Ammonia (NH3),20665.0,425.9985864715776,0,0,1,0,0,0,0,0
2021,2(b),10.3894,45.6392,Lead and compounds (as Pb),346.313,448.5499430851952,0,0,0,0,0,0,1,0
2023,7(a),10.5103,45.2108,Ammonia (NH3),24554.0,401.10773759126573,0,0,1,0,0,0,0,0
2024,7(a),11.9987,45.715,Ammonia (NH3),21451.0,425.7718942612748,0,0,1,0,0,0,0,0
2021,6(b),13.0739,46.2325,PCDD + PCDF (dioxins + furans) (as Teq),0.00015,483.64256280003474,0,0,0,0,0,1,0,0
2023,5(c),9.4008,46.1397,Chlorofluorocarbons (CFCs),8.97,532.0788931828025,0,0,0,0,0,0,0,1
2022,1(a),8.8768,45.0997,Nickel and compounds (as Ni),62.29,459.8924322368035,0,1,0,0,0,0,0,0
2023,6(b),8.7167,45.2333,Nitrogen oxides (NOX),268200.0,479.3398056935004,0,0,0,0,0,1,0,0
2022,2(b),11.0,45.4333,Lead and compounds (as Pb),223.4988,410.5887775813313,0,0,0,0,0,0,1,0
2022,7(a),15.0331,40.6108,Ammonia (NH3),14980.0,256.1135664474034,0,0,1,0,0,0,0,0
2023,1(c),15.2808,38.2019,Sulphur oxides (SOX),394030.3,474.81617636859517,0,1,0,0,0,0,0,0
2024,2(e),10.359167,45.492778,Polychlorinated biphenyls (PCBs),0.2,434.55100506264597,0,0,0,0,0,0,1,0
2021,6(b),11.05,45.0667,Nitrogen oxides (NOX),285200.0,370.6401970890199,0,0,0,0,0,1,0,0
2022,7(a),10.7131,44.9178,Ammonia (NH3),14061.0,364.8651559970455,0,0,1,0,0,0,0,0
2024,1(c),9.4794,45.0899,Nitrous oxide (N2O),13706.0,429.82876504034436,0,1,0,0,0,0,0,0
2021,7(a),9.8235,45.4676,Ammonia (NH3),25442.0,450.841024532994,0,0,1,0,0,0,0,0
2021,3(e),14.75,42.066667,Carbon dioxide (CO2),105260000.0,187.1520362527261,0,0,0,1,0,0,0,0
2021,7(a),12.7097,46.0478,Ammonia (NH3),77197.0,461.21837966978154,0,0,1,0,0,0,0,0
2022,7(a),10.4817,45.3719,Ammonia (NH3),26500.0,418.3964555799259,0,0,1,0,0,0,0,0
2022,7(a),10.4361,45.35,Ammonia (NH3),12950.0,417.6064251359434,0,0,1,0,0,0,0,0
2024,7(a),9.9147,45.4722,Ammonia (NH3),10810.0,447.84559230945746,0,0,1,0,0,0,0,0
2021,4(c),10.7994,42.9194,Sulphur oxides (SOX),294990.0,179.40432911854387,1,0,0,0,0,0,0,0
2023,7(a),7.6624,44.8982,Ammonia (NH3),14087.0,513.1184705441993,0,0,1,0,0,0,0,0
2021,2(b),11.95,45.3833,Polychlorinated biphenyls (PCBs),0.2074,389.5005263497925,0,0,0,0,0,0,1,0
2022,4(c),12.238056,44.445833,Nitrous oxide (N2O),61140.0,283.54688050614993,1,0,0,0,0,0,0,0
2022,7(a),9.7594,45.3144,Ammonia (NH3),11400.0,438.64631971675857,0,0,1,0,0,0,0,0
2022,6(b),7.5397,45.2533,Non-methane volatile organic compounds (NMVOC),680600.0,545.9014159132201,0,0,0,0,0,1,0,0
2022,6(b),13.0739,46.2325,Ammonia (NH3),145500.0,483.64256280003474,0,0,0,0,0,1,0,0
2022,1(c),9.4794,45.0899,Nitrous oxide (N2O),27905.0,429.82876504034436,0,1,0,0,0,0,0,0
2022,1(c),14.441111,37.5425,Nitrogen oxides (NOX),174379.2,512.5366645240119,0,1,0,0,0,0,0,0
2022,8(b),11.3028,45.0292,Carbon dioxide (CO2),168092000.0,360.72672194530134,0,0,0,0,0,0,0,0
2022,7(a),10.8061,44.5785,Ammonia (NH3),17817.0,327.49776921019975,0,0,1,0,0,0,0,0
2023,9(c),9.3167,45.9167,Non-methane volatile organic compounds (NMVOC),214260.0,513.7905559199239,0,0,0,0,1,0,0,0
2021,1(c),10.6002,43.8233,Nitrogen oxides (NOX),125300.0,263.5896029410928,0,1,0,0,0,0,0,0
2023,3(c),9.7192,40.5425,Nitrogen oxides (NOX),177200.0,277.1588315763164,0,0,0,1,0,0,0,0
2024,2(d),13.225,43.1525,Zinc and compounds (as Zn),218.0,151.24208336624883,0,0,0,0,0,0,1,0
2023,7(a)(iii),10.1033,45.2806,Ammonia (NH3),19070.0,422.10538243560444,0,0,1,0,0,0,0,0
2024,7(a),9.2287,44.9021,Ammonia (NH3),20275.0,425.26558144775674,0,0,1,0,0,0,0,0
2024,4(b),12.2333,44.4333,Carbon dioxide (CO2),222532000.0,282.1861503637189,1,0,0,0,0,0,0,0
2021,7(a),9.2524,45.2904,Ammonia (NH3),21784.0,458.3143838205518,0,0,1,0,0,0,0,0
2023,4(e),9.3747,45.4044,Hydro-fluorocarbons (HFCS),640.0,463.2452754182313,1,0,0,0,0,0,0,0
2022,7(a),11.8937,45.7123,Ammonia (NH3),13796.0,426.3453141840256,0,0,1,0,0,0,0,0
2024,4(a),18.0022,40.6395,Hydro-fluorocarbons (HFCS),341.5,481.00117134663145,1,0,0,0,0,0,0,0
2022,1(c),9.8308,44.0738,Methane (CH4),2062800.0,324.4389984142978,0,1,0,0,0,0,0,0
2021,7(a)(i),14.5597,42.0419,Ammonia (NH3),13100.0,171.26824689480443,0,0,1,0,0,0,0,0
2023,2(b),10.3315,45.3735,Carbon monoxide (CO),588141.0,423.3822421972733,0,0,0,0,0,0,1,0
2024,7(a),12.3806,45.9436,Ammonia (NH3),12239.0,449.41201775218593,0,0,1,0,0,0,0,0
2021,1(c),10.8354,45.149,Nitrous oxide (N2O),32115.0,384.9776214382663,0,1,0,0,0,0,0,0
2021,7(a),9.9372,45.3986,Ammonia (NH3),24548.0,439.8221330064688,0,0,1,0,0,0,0,0
2023,3(c),12.259722,45.815833,Carbon dioxide (CO2),192233000.0,435.5224044699912,0,0,0,1,0,0,0,0
2024,6(b),15.5806,41.4675,Carbon monoxide (CO),518000.0,260.63494908887003,0,0,0,0,0,1,0,0
2021,7(a),9.9181,45.2167,Ammonia (NH3),16580.0,422.96314899366496,0,0,1,0,0,0,0,0
2022,2(e),8.7622,45.2842,Nitrogen oxides (NOX),119923.0,481.3472687010468,0,0,0,0,0,0,1,0
2021,1(c),17.2152,40.5108,Copper and compounds (as Cu),119.068,423.94185302872364,0,1,0,0,0,0,0,0
2022,3(c),9.4667,45.6847,Benzene,1539.0,485.68689503915584,0,0,0,1,0,0,0,0
2023,5(d),10.885,44.8517,Methane (CH4),147020.0,352.7993035479356,0,0,0,0,0,0,0,1
2024,7(a),10.6347,45.3164,Ammonia (NH3),11313.0,408.066080577114,0,0,1,0,0,0,0,0
2021,7(a),12.3368,42.8402,Ammonia (NH3),22600.0,105.05541509609527,0,0,1,0,0,0,0,0
2024,7(a),11.0776,44.9259,Ammonia (NH3),14247.0,355.13468213969367,0,0,1,0,0,0,0,0
2023,4(e),9.0397,45.6164,Non-methane volatile organic compounds (NMVOC),184960.0,497.46179291525067,1,0,0,0,0,0,0,0
2024,7(a)(ii),9.7425,45.21,Ammonia (NH3),18142.0,429.4498027026977,0,0,1,0,0,0,0,0
2022,7(a),10.313,45.2742,Ammonia (NH3),13164.0,414.0353640554431,0,0,1,0,0,0,0,0
2023,7(a),15.4634,41.3812,Ammonia (NH3),273360.0,253.26493347550792,0,0,1,0,0,0,0,0
2022,5(d),7.881347,45.213902,Methane (CH4),152887.0,523.136433020947,0,0,0,0,0,0,0,1
2021,4(c),12.238056,44.445833,Particulate matter (PM10),74910.0,283.54688050614993,1,0,0,0,0,0,0,0
2024,3(c),10.8333,45.5792,Carbon dioxide (CO2),141394000.0,430.048733792792,0,0,0,1,0,0,0,0
2021,3(c),11.966666,45.877777,Nitrogen oxides (NOX),467537.0,444.0279993253838,0,0,0,1,0,0,0,0
2022,7(a),9.7522,45.4597,Ammonia (NH3),64840.0,452.8383352362398,0,0,1,0,0,0,0,0
2022,5(d),13.063778,43.789417,Methane (CH4),170000.0,214.81974200653355,0,0,0,0,0,0,0,1
2021,1(c),17.9919,40.6411,Carbon dioxide (CO2),2622784000.0,480.12109605671674,0,1,0,0,0,0,0,0
2023,7(a),15.4634,41.3812,Particulate matter (PM10),283611.0,253.26493347550792,0,0,1,0,0,0,0,0
2023,3(c),12.7167,42.0001,Nitrous oxide (N2O),258808.0,21.188596822069414,0,0,0,1,0,0,0,0
2021,7(a),7.6523,44.5822,Ammonia (NH3),11399.0,492.5243723741,0,0,1,0,0,0,0,0
2022,5(d),9.168889,39.420556,Methane (CH4),333000.0,393.5878025129596,0,0,0,0,0,0,0,1
2024,1(c),11.7586,42.1275,Nitrogen oxides (NOX),105320.0,65.87472663400173,0,1,0,0,0,0,0,0
2021,1(c),12.2458,45.4313,Carbon dioxide (CO2),1005143315.0,392.8681219243284,0,1,0,0,0,0,0,0
2022,7(a)(ii),9.868611,45.17,Ammonia (NH3),57720.0,420.48152499886464,0,0,1,0,0,0,0,0
2021,7(a),9.4228,45.3898,Ammonia (NH3),10444.0,459.8086224396931,0,0,1,0,0,0,0,0
2023,7(a),11.08111,45.075833,Ammonia (NH3),13716.0,370.8217846401807,0,0,1,0,0,0,0,0
2023,2(b),10.3106,45.9608,Nitrogen oxides (NOX),114631.0,483.93703420552606,0,0,0,0,0,0,1,0
2022,1(c),15.2022,37.1291,Chlorine and inorganic compounds (as HCl),14500.0,579.2538732559473,0,1,0,0,0,0,0,0
2024,7(a),10.3876,45.3669,Ammonia (NH3),14184.0,420.8790923921718,0,0,1,0,0,0,0,0
2023,1(c),11.4777,43.5643,Nitrogen oxides (NOX),265078.8,202.61650375491504,0,1,0,0,0,0,0,0
2021,1(a),15.2723,38.2027,Carbon dioxide (CO2),1904836000.0,474.37811556178303,0,1,0,0,0,0,0,0
2024,3(c),12.5467,43.3636,Carbon dioxide (CO2),504768000.0,162.48565083014304,0,0,0,1,0,0,0,0
2024,7(a),12.5734,43.3554,Ammonia (NH3),13540.0,161.64452468688194,0,0,1,0,0,0,0,0
2023,4(e),9.1165,45.5203,Chlorofluorocarbons (CFCs),278.8,485.2830860928126,1,0,0,0,0,0,0,0
2024,2(b),10.2008,45.6489,Mercury and compounds (as Hg),19.76,455.4495951039566,0,0,0,0,0,0,1,0
2022,3(c),12.7167,42.0001,Mercury and compounds (as Hg),18.1,21.188596822069414,0,0,0,1,0,0,0,0
2023,5(d),11.6161,43.5561,Methane (CH4),485090.0,197.3963648294752,0,0,0,0,0,0,0,1
2021,3(e),14.75,42.066667,Nitrogen oxides (NOX),300950.0,187.1520362527261,0,0,0,1,0,0,0,0
2021,8(b),8.5825,45.425,Ammonia (NH3),20100.0,502.367040546723,0,0,0,0,0,0,0,0
2022,7(a),9.6444,45.3345,Ammonia (NH3),10480.0,445.2572561014441,0,0,1,0,0,0,0,0
2022,1(a),17.193,40.4892,Benzene,3266.21,423.1599159692294,0,1,0,0,0,0,0,0
2022,9(c),10.7594,44.9961,Non-methane volatile organic compounds (NMVOC),218634.0,371.41796783549,0,0,0,0,1,0,0,0
2022,7(a),7.6681,44.4139,Ammonia (NH3),17022.0,480.84597016331213,0,0,1,0,0,0,0,0
2022,7(a),10.422222,45.543611,Ammonia (NH3),33730.0,437.76784729322213,0,0,1,0,0,0,0,0
2023,1(a),9.0113,39.0971,Carbon dioxide (CO2),5603436984.3,429.0677199992063,0,1,0,0,0,0,0,0
2021,1(c),11.1387,45.0593,Sulphur hexafluoride (SF6),163.1,367.66839201636236,0,1,0,0,0,0,0,0
2022,7(a),10.2731,45.3053,Ammonia (NH3),11637.0,418.51165526924706,0,0,1,0,0,0,0,0
2022,7(a),12.064167,43.895,Ammonia (NH3),11207.0,224.30202424439238,0,0,1,0,0,0,0,0
2022,7(a),10.573055,44.998333,Ammonia (NH3),51125.0,377.573565377842,0,0,1,0,0,0,0,0
2021,7(a),10.3628,45.0403,Ammonia (NH3),20600.0,389.00850440447186,0,0,1,0,0,0,0,0
2022,7(a),10.8836,44.9178,Methane (CH4),102000.0,359.65515938708734,0,0,1,0,0,0,0,0
2023,9(c),13.4258,41.9964,Non-methane volatile organic compounds (NMVOC),119366.0,77.56184590909317,0,0,0,0,1,0,0,0
2021,1(a),8.7858,45.4372,Benzene,3662.157,493.3600021474541,0,1,0,0,0,0,0,0
2022,7(a),12.635619,42.765553,Ammonia (NH3),39880.0,96.61383456643533,0,0,1,0,0,0,0,0
2022,6(b),8.7167,45.2333,Nitrogen oxides (NOX),278400.0,479.3398056935004,0,0,0,0,0,1,0,0
2024,2(b),13.2534,46.0067,Carbon monoxide (CO),707690.0,460.33206608834774,0,0,0,0,0,0,1,0
2024,5(d),13.6792,43.1194,Methane (CH4),180890.0,166.42900596606677,0,0,0,0,0,0,0,1
2021,1(c),15.7796,40.2672,Methane (CH4),134575.0,329.80239954425923,0,1,0,0,0,0,0,0
2023,2(b),10.2008,45.6489,Copper and compounds (as Cu),103.6417,455.4495951039566,0,0,0,0,0,0,1,0
2022,2(b),11.5083,45.5194,Carbon monoxide (CO),1243103.0,409.9050166276053,0,0,0,0,0,0,1,0
2022,4(e),9.0069,45.1714,Non-methane volatile organic compounds (NMVOC),335217.0,459.48453941913266,1,0,0,0,0,0,0,0
2023,7(a),12.958056,43.585833,Ammonia (NH3),14716.0,190.90311466410958,0,0,1,0,0,0,0,0
2024,7(a),8.8867,45.2133,Ammonia (NH3),25130.0,469.05305255770776,0,0,1,0,0,0,0,0
2023,3(c),9.81,44.7667,Carbon dioxide (CO2),488155336.0,385.45810832592576,0,0,0,1,0,0,0,0
2023,3(c),16.6569,40.6753,Nitrogen oxides (NOX),455897.5,373.3984326170081,0,0,0,1,0,0,0,0
2024,1(c),13.7483,37.9691,Nitrous oxide (N2O),14860.0,450.22665809519594,0,1,0,0,0,0,0,0
2021,7(a),11.300278,45.329444,Ammonia (NH3),10215.3,392.99094138682403,0,0,1,0,0,0,0,0
2021,7(a),11.0812,45.076,Ammonia (NH3),20008.0,370.8371695722947,0,0,1,0,0,0,0,0
2022,2(b),17.1999,40.5167,PCDD + PCDF (dioxins + furans) (as Teq),0.00092,422.49503361756746,0,0,0,0,0,0,1,0
2022,1(a),8.9466,44.5752,Nitrogen oxides (NOX),144397.7,413.42809160734026,0,1,0,0,0,0,0,0
2023,7(a),10.3824,45.1673,Ammonia (NH3),41780.0,400.9681899188609,0,0,1,0,0,0,0,0
2024,7(a),9.7381,45.4111,Ammonia (NH3),28918.0,448.7310369182837,0,0,1,0,0,0,0,0
2023,2(a),10.2269,45.5333,Zinc and compounds (as Zn),7348.25,442.934350852115,0,0,0,0,0,0,1,0
2023,7(a),10.8525,45.2436,Ammonia (NH3),17260.0,394.35617412916224,0,0,1,0,0,0,0,0
2021,3(c),12.5467,43.3636,Carbon dioxide (CO2),495846000.0,162.48565083014304,0,0,0,1,0,0,0,0
2022,7(a)(ii),9.5644,45.2328,Ammonia (NH3),10120.0,439.1400232655827,0,0,1,0,0,0,0,0
2024,7(a),11.9869,43.1454,Ammonia (NH3),23900.0,144.34084897811667,0,0,1,0,0,0,0,0
2024,7(a),10.0489,45.3153,Ammonia (NH3),17245.0,427.51473476111425,0,0,1,0,0,0,0,0
2023,7(a),11.115278,45.288333,Ammonia (NH3),11516.0,392.523043555108,0,0,1,0,0,0,0,0
2021,7(a)(ii),9.2394,45.2897,Ammonia (NH3),10891.0,458.8481184917276,0,0,1,0,0,0,0,0
2023,7(a),12.0931,44.0156,Ammonia (NH3),15781.0,237.21300189325453,0,0,1,0,0,0,0,0
2021,9(c),14.771123,40.783681,Non-methane volatile organic compounds (NMVOC),366212.0,227.02505782072916,0,0,0,0,1,0,0,0
2021,7(a),11.0028,45.0089,Ammonia (NH3),15204.0,365.80048206773796,0,0,1,0,0,0,0,0
2024,5(d),8.780278,39.499,Methane (CH4),493000.0,411.7276218877778,0,0,0,0,0,0,0,1
2021,5(b),10.3557,44.8382,Carbon dioxide (CO2),166966760.0,369.39567068083886,0,0,0,0,0,0,0,1
2024,5(d),8.920388,45.667284,Methane (CH4),1607650.0,507.44755168858563,0,0,0,0,0,0,0,1
2021,7(a),11.0511,45.0064,Ammonia (NH3),18014.0,364.272817335192,0,0,1,0,0,0,0,0
2024,7(a),7.835137,44.862804,Ammonia (NH3),11782.0,500.0789327456044,0,0,1,0,0,0,0,0
2023,7(a)(ii),9.025,45.1214,Ammonia (NH3),10176.0,454.27448575386927,0,0,1,0,0,0,0,0
2021,7(a),9.937222,45.398611,Ammonia (NH3),10760.0,439.8223772854267,0,0,1,0,0,0,0,0
2023,7(a),11.1081,45.1161,Ammonia (NH3),33184.0,374.4165444606965,0,0,1,0,0,0,0,0
2021,1(c),13.5455,45.7969,Carbon dioxide (CO2),130694000.0,441.0889789395028,0,1,0,0,0,0,0,0
2024,2(b),10.459167,45.4625,Nitrogen oxides (NOX),120260.1,428.34294478117357,0,0,0,0,0,0,1,0
2022,7(a),10.1633,45.3314,Ammonia (NH3),25600.0,424.9472056124557,0,0,1,0,0,0,0,0
2021,7(a),10.9402,45.3247,Ammonia (NH3),46775.0,400.57047768573455,0,0,1,0,0,0,0,0
2022,4(e),9.7828,45.6836,Dichloromethane (DCM),136574.0,473.4049560693992,1,0,0,0,0,0,0,0
2022,1(a),15.1825,37.1791,Benzene,3694.544,573.451982183205,0,1,0,0,0,0,0,0
2023,2(b),11.0708,45.3331,Chromium and compounds (as Cr),133.1,398.3032399103224,0,0,0,0,0,0,1,0
2021,1(c),12.6308,41.5494,Carbon dioxide (CO2),833195285.0,40.84851703727441,0,1,0,0,0,0,0,0
2021,5(c),9.4008,46.1397,Chlorofluorocarbons (CFCs),7.77,532.0788931828025,0,0,0,0,0,0,0,1
2022,7(a),7.8339,44.6463,Ammonia (NH3),27925.0,485.19056143864753,0,0,1,0,0,0,0,0
2021,1(c),17.088769,39.094094,Chlorine and inorganic compounds (as HCl),25461.0,498.1901165776871,0,1,0,0,0,0,0,0
2021,1(c),17.2152,40.5108,Chromium and compounds (as Cr),214.463,423.94185302872364,0,1,0,0,0,0,0,0
2022,2(b),10.2269,45.5333,Nitrogen oxides (NOX),117557.8,442.934350852115,0,0,0,0,0,0,1,0
2022,7(a),12.012,45.552,Ammonia (NH3),13780.0,407.63272664256453,0,0,1,0,0,0,0,0
2021,1(c),8.670278,44.885556,Carbon dioxide (CO2),129658000.0,453.2980974522238,0,1,0,0,0,0,0,0
2021,7(a),12.6181,42.8308,Ammonia (NH3),10380.0,103.67211424923143,0,0,1,0,0,0,0,0
2021,3(e),13.2324,45.7701,Nitrogen oxides (NOX),410000.0,434.0513576127998,0,0,0,1,0,0,0,0
2024,7(a),12.8056,45.9111,Ammonia (NH3),12371.0,446.38937146432323,0,0,1,0,0,0,0,0
2021,1(c),9.9761,45.2864,Methane (CH4),169767.0,427.43697050176394,0,1,0,0,0,0,0,0
2022,7(a)(i),12.0581,44.1611,Ammonia (NH3),17612.0,253.62481860543613,0,0,1,0,0,0,0,0
2022,1(c),10.7146,45.3983,Nitrogen oxides (NOX),127501.0,414.2467731442831,0,1,0,0,0,0,0,0
2021,2(e),8.4079,39.2091,Carbon dioxide (CO2),258619000.0,457.08909962129064,0,0,0,0,0,0,1,0
2022,1(c),18.0321,40.5638,Ammonia (NH3),11901.3,486.1548254028064,0,1,0,0,0,0,0,0
2023,7(a),12.1125,44.163,Ammonia (NH3),16133.0,253.25148013952972,0,0,1,0,0,0,0,0
2023,7(a)(ii),9.009167,45.132778,Ammonia (NH3),13019.0,456.04014851717073,0,0,1,0,0,0,0,0
2023,4(e),9.0411,45.5317,Dichloromethane (DCM),7484.0,489.7244934200075,1,0,0,0,0,0,0,0
2021,3(e),8.3089,44.4447,Carbon dioxide (CO2),107158000.0,441.7092860060149,0,0,0,1,0,0,0,0
2021,3(c),12.7394,46.1778,Benzene,1112.0,475.75427963107893,0,0,0,1,0,0,0,0
2021,7(a),10.4363,45.3501,Ammonia (NH3),12860.0,417.6101903760414,0,0,1,0,0,0,0,0
2024,1(a),8.9466,44.5752,Carbon dioxide (CO2),288705000.0,413.42809160734026,0,1,0,0,0,0,0,0
2023,3(e),8.2708,44.9044,Nitrogen oxides (NOX),118400.0,477.2936154197091,0,0,0,1,0,0,0,0
2022,2(d),13.225,43.1525,Zinc and compounds (as Zn),723.2,151.24208336624883,0,0,0,0,0,0,1,0
2022,7(a),10.1128,45.4094,Ammonia (NH3),27600.0,434.4658242028589,0,0,1,0,0,0,0,0
2021,7(a),10.265556,45.096944,Ammonia (NH3),23279.0,398.1098456010429,0,0,1,0,0,0,0,0
2024,7(a),10.6344,45.1492,Ammonia (NH3),119830.0,390.92419203318303,0,0,1,0,0,0,0,0
2023,7(a),12.8056,45.9111,Ammonia (NH3),10810.0,446.38937146432323,0,0,1,0,0,0,0,0
2023,7(a),10.5783,44.9408,Ammonia (NH3),26750.0,371.6061310645395,0,0,1,0,0,0,0,0
2024,3(c),10.0333,45.7167,Nitrogen oxides (NOX),243984.4,467.82069491437875,0,0,0,1,0,0,0,0
2022,6(b),10.5167,44.9167,Lead and compounds (as Pb),350.0,371.29893725265117,0,0,0,0,0,1,0,0
2021,6(b),10.5167,44.9167,Nitrogen oxides (NOX),384000.0,371.29893725265117,0,0,0,0,0,1,0,0
2022,7(a),10.9927,44.9895,Ammonia (NH3),22568.0,364.0418645383865,0,0,1,0,0,0,0,0
2022,7(a),10.6608,45.1567,Ammonia (NH3),11810.0,390.88086462677165,0,0,1,0,0,0,0,0
2023,3(g),10.8247,44.3744,Nitrogen oxides (NOX),137660.0,306.4612510548199,0,0,0,1,0,0,0,0
2024,7(a),13.1316,45.872,Ammonia (NH3),10410.0,444.276314325269,0,0,1,0,0,0,0,0
2021,2(f),8.8711,44.4094,Nitrogen oxides (NOX),381593.0,405.09099341653547,0,0,0,0,0,0,1,0
2022,7(a),10.8929,44.5012,Ammonia (NH3),12218.0,316.7987633895623,0,0,1,0,0,0,0,0
2021,3(e),9.4419,45.0083,Nitrogen oxides (NOX),193900.0,424.2271236487182,0,0,0,1,0,0,0,0
2021,7(a),10.9097,45.2153,Ammonia (NH3),12840.0,389.8701969455342,0,0,1,0,0,0,0,0
2024,9(c),15.7367,41.0689,Non-methane volatile organic compounds (NMVOC),154283.0,285.3722831934332,0,0,0,0,1,0,0,0
2021,7(a),10.1675,45.3814,Ammonia (NH3),13390.0,429.759397959264,0,0,1,0,0,0,0,0
2022,1(c),10.8354,45.149,Nitrous oxide (N2O),29062.0,384.9776214382663,0,1,0,0,0,0,0,0
2023,1(c),13.7483,37.9691,Nitrous oxide (N2O),22220.0,450.22665809519594,0,1,0,0,0,0,0,0
2024,7(a),11.4296,45.2875,Ammonia (NH3),13969.0,386.03163986552266,0,0,1,0,0,0,0,0
2023,5(a),9.342778,45.513056,Hydrochlorofluorocarbons (HCFCs),54.0,474.6832325961527,0,0,0,0,0,0,0,1
2022,7(a),7.6803,44.4214,Ammonia (NH3),10665.0,480.50675249744177,0,0,1,0,0,0,0,0
2023,7(a),10.370472,45.339833,Ammonia (NH3),33400.0,418.7033983883458,0,0,1,0,0,0,0,0
2023,7(a),8.4634,45.4033,Ammonia (NH3),11046.0,506.5989693847183,0,0,1,0,0,0,0,0
2021,1(c),11.7586,42.1275,Carbon dioxide (CO2),4121013000.0,65.87472663400173,0,1,0,0,0,0,0,0
2023,2(e),9.3242,45.5611,Lead and compounds (as Pb),292.2,479.9435168749245,0,0,0,0,0,0,1,0
2021,1(c),14.5638,42.0497,Nitrogen oxides (NOX),159518.2,171.6756980077843,0,1,0,0,0,0,0,0
2022,4(a),18.0022,40.6395,Hydro-fluorocarbons (HFCS),482.4,481.00117134663145,1,0,0,0,0,0,0,0
2021,1(d),8.2897,44.3808,Benzene,3554.0,438.54873299619953,0,1,0,0,0,0,0,0
2021,7(a),9.173889,45.469167,Methane (CH4),144428.0,478.05873061814333,0,0,1,0,0,0,0,0
2024,5(b),10.2114,45.5119,Carbon dioxide (CO2),422152842.0,441.2971093995787,0,0,0,0,0,0,0,1
2024,7(a),9.9692,45.3808,Ammonia (NH3),12540.0,436.8857967971654,0,0,1,0,0,0,0,0
2021,7(a),10.219167,45.361667,Ammonia (NH3),11140.0,425.9964372254666,0,0,1,0,0,0,0,0
2022,7(a),10.8961,45.2628,Ammonia (NH3),11347.0,395.2025636866911,0,0,1,0,0,0,0,0
2024,7(a),10.8529,45.2374,Ammonia (NH3),28507.0,393.6983796155753,0,0,1,0,0,0,0,0
2021,7(a),7.6436,44.5063,Ammonia (NH3),12630.0,488.23525715021617,0,0,1,0,0,0,0,0
2023,7(a),7.7161,44.3917,Ammonia (NH3),11464.0,476.3040660846428,0,0,1,0,0,0,0,0
2024,2(b),17.1999,40.5167,Mercury and compounds (as Hg),13.98,422.49503361756746,0,0,0,0,0,0,1,0
2023,3(c),18.1997,40.1678,Carbon dioxide (CO2),192643000.0,515.6671288858599,0,0,0,1,0,0,0,0
2023,7(a),12.380556,44.085278,Ammonia (NH3),14568.0,242.8632230917925,0,0,1,0,0,0,0,0
2023,9(c),13.7563,41.4823,Non-methane volatile organic compounds (NMVOC),162758.0,114.58434616996074,0,0,0,0,1,0,0,0
2021,7(a)(ii),10.111537,45.383508,Ammonia (NH3),17891.0,431.948027780833,0,0,1,0,0,0,0,0
2021,7(a),9.8156,45.2261,Ammonia (NH3),36478.0,427.9690109246469,0,0,1,0,0,0,0,0
2021,3(c),15.180555,37.194444,Carbon dioxide (CO2),510167000.0,571.8128643506107,0,0,0,1,0,0,0,0
2022,2(e),13.0167,43.7917,Chromium and compounds (as Cr),167.0,214.2750579431643,0,0,0,0,0,0,1,0
2021,5(b),17.2758,40.4757,Nitrogen oxides (NOX),100725.5,430.1861317231357,0,0,0,0,0,0,0,1
2021,2(e),9.8839,45.8656,Mercury and compounds (as Hg),26.83,487.7848023077205,0,0,0,0,0,0,1,0
2023,7(a),10.9701,44.9466,Ammonia (NH3),15988.0,360.18287048828904,0,0,1,0,0,0,0,0
2023,7(a),10.265556,45.096944,Ammonia (NH3),23279.0,398.1098456010429,0,0,1,0,0,0,0,0
2024,7(a),7.7161,44.3917,Ammonia (NH3),12805.0,476.3040660846428,0,0,1,0,0,0,0,0
2022,9(c),13.4258,41.9964,Perfluorocarbons (PFCs),3414.0,77.56184590909317,0,0,0,0,1,0,0,0
2021,7(a),12.128867,44.190475,Ammonia (NH3),24010.0,256.1242817971926,0,0,1,0,0,0,0,0
2021,6(b),8.7167,45.2333,Non-methane volatile organic compounds (NMVOC),196593.0,479.3398056935004,0,0,0,0,0,1,0,0
2021,7(a),9.1164,45.1906,Ammonia (NH3),36739.0,455.82521836494766,0,0,1,0,0,0,0,0
2021,3(a),15.8972,40.3136,Methane (CH4),160702.1,335.23428566249964,0,0,0,1,0,0,0,0
2024,7(a),10.3217,45.0683,Ammonia (NH3),10370.0,393.2515715807625,0,0,1,0,0,0,0,0
2022,7(a)(ii),8.6729,45.4251,Ammonia (NH3),13340.0,497.85778401190703,0,0,1,0,0,0,0,0
2022,5(d),11.2744,44.865,Methane (CH4),284301.8,343.855056212171,0,0,0,0,0,0,0,1
2021,4(e),9.3842,45.4164,Dichloromethane (DCM),46489.0,463.9409682792487,1,0,0,0,0,0,0,0
2023,1(c),11.7586,42.1275,Nickel and compounds (as Ni),60.1386,65.87472663400173,0,1,0,0,0,0,0,0
2021,7(a),12.455936,44.128392,Ammonia (NH3),11595.0,247.49639489340004,0,0,1,0,0,0,0,0
2021,7(a),9.509444,45.444444,Ammonia (NH3),34559.0,461.219145381014,0,0,1,0,0,0,0,0
2023,7(a),10.621544,44.820108,Ammonia (NH3),17796.0,358.02598283588304,0,0,1,0,0,0,0,0
2022,2(b),12.6667,42.5667,Carbon monoxide (CO),862600.0,75.14187357873665,0,0,0,0,0,0,1,0
2023,7(a),12.194444,44.073056,Ammonia (NH3),11483.0,242.56754632503632,0,0,1,0,0,0,0,0
2021,7(a),9.715278,45.503845,Ammonia (NH3),24149.0,458.52873817223474,0,0,1,0,0,0,0,0
2024,4(b),12.2333,44.4333,Nitrogen oxides (NOX),862472.6,282.1861503637189,1,0,0,0,0,0,0,0
2023,7(a)(i),7.6114,44.7083,Ammonia (NH3),13986.0,503.3937985892138,0,0,1,0,0,0,0,0
2024,7(a),10.1475,45.3533,Ammonia (NH3),10954.0,427.6775653049116,0,0,1,0,0,0,0,0
2023,7(a),10.9855,45.2338,Ammonia (NH3),18580.0,389.85997983874546,0,0,1,0,0,0,0,0
2023,7(a),7.8372,44.5303,Ammonia (NH3),21818.0,477.2678823051672,0,0,1,0,0,0,0,0
2024,7(a),10.348611,45.475,Ammonia (NH3),16687.0,433.08359000251033,0,0,1,0,0,0,0,0
2022,3(c),16.6569,40.6753,Nitrogen oxides (NOX),481052.0,373.3984326170081,0,0,0,1,0,0,0,0
2023,7(a),9.8191,45.3275,Ammonia (NH3),43230.0,437.5097086210525,0,0,1,0,0,0,0,0
2022,7(a),9.8696,44.8672,Ammonia (NH3),16481.0,392.01223811349166,0,0,1,0,0,0,0,0
2024,1(c),8.4308,44.2766,Carbon dioxide (CO2),422490240.0,422.5973244927098,0,1,0,0,0,0,0,0
2022,7(a),9.9372,45.3986,Ammonia (NH3),17715.0,439.8221330064688,0,0,1,0,0,0,0,0
2023,2(b),10.3315,45.3735,Zinc and compounds (as Zn),1277.754,423.3822421972733,0,0,0,0,0,0,1,0
2022,7(a),10.5831,44.9775,Ammonia (NH3),11626.0,375.140046982053,0,0,1,0,0,0,0,0
2022,1(a),10.3365,43.5872,Non-methane volatile organic compounds (NMVOC),276845.0,257.2528399694245,0,1,0,0,0,0,0,0
2021,1(a),9.0113,39.0971,Non-methane volatile organic compounds (NMVOC),547155.0,429.0677199992063,0,1,0,0,0,0,0,0
2024,7(a),11.1081,45.1161,Ammonia (NH3),29660.0,374.4165444606965,0,0,1,0,0,0,0,0
2022,2(b),11.3361,46.4786,Nitrogen oxides (NOX),156870.0,517.1303484960446,0,0,0,0,0,0,1,0
2022,1(a),13.3813,43.6395,Sulphur oxides (SOX),258200.0,206.17477195412638,0,1,0,0,0,0,0,0
2021,7(a),13.55,43.094,Ammonia (NH3),13470.0,158.12822382972985,0,0,1,0,0,0,0,0
2024,1(c),12.6308,41.5494,Carbon dioxide (CO2),749023926.5,40.84851703727441,0,1,0,0,0,0,0,0
2022,1(c),12.306556,46.325592,Nitrogen oxides (NOX),114580.0,492.0250649315349,0,1,0,0,0,0,0,0
2023,9(c),8.9946,45.6018,Non-methane volatile organic compounds (NMVOC),222362.0,498.16775196513777,0,0,0,0,1,0,0,0
2023,1(c),8.4308,44.2766,Carbon dioxide (CO2),348263300.0,422.5973244927098,0,1,0,0,0,0,0,0
2023,7(a),12.1499,44.242,Ammonia (NH3),22355.0,261.6247118508109,0,0,1,0,0,0,0,0
2021,8(b),12.5268,43.0992,Ammonia (NH3),18900.0,133.05694911591047,0,0,0,0,0,0,0,0
2022,2(c),10.8635,44.9988,Zinc and compounds (as Zn),266.0,368.60991019953894,0,0,0,0,0,0,1,0
2023,7(a),10.3511,45.3533,Ammonia (NH3),14020.0,420.69931035990237,0,0,1,0,0,0,0,0
2022,3(e),13.2324,45.7701,Sulphur oxides (SOX),199400.0,434.0513576127998,0,0,0,1,0,0,0,0
2023,1(a),9.0113,39.0971,Particulate matter (PM10),85000.6,429.0677199992063,0,1,0,0,0,0,0,0
2023,3(e),9.4419,45.0083,Nitrogen oxides (NOX),114000.0,424.2271236487182,0,0,0,1,0,0,0,0
2023,4(e),9.3906,45.3928,Non-methane volatile organic compounds (NMVOC),252253.0,461.4823407013402,1,0,0,0,0,0,0,0
2023,2(b),11.5083,45.5194,Carbon monoxide (CO),1118850.0,409.9050166276053,0,0,0,0,0,0,1,0
2024,7(a),12.1786,45.585,Ammonia (NH3),12120.0,410.2360563579321,0,0,1,0,0,0,0,0
2024,7(a),11.7684,44.4463,Ammonia (NH3),37486.0,288.91617219522266,0,0,1,0,0,0,0,0
2021,1(a),17.193,40.4892,Benzene,3474.44,423.1599159692294,0,1,0,0,0,0,0,0
2024,7(a),10.4882,45.3531,Ammonia (NH3),13669.0,416.27701212763094,0,0,1,0,0,0,0,0
2021,7(a),7.4553,44.8448,Ammonia (NH3),13366.0,522.3518223950214,0,0,1,0,0,0,0,0
2023,7(a),9.6223,45.3141,Ammonia (NH3),42103.0,444.2587580906657,0,0,1,0,0,0,0,0
2024,1(c),11.4777,43.5643,Carbon dioxide (CO2),521576231.8,202.61650375491504,0,1,0,0,0,0,0,0
2024,2(e),8.4079,39.2091,Zinc and compounds (as Zn),1040.67,457.08909962129064,0,0,0,0,0,0,1,0
2023,2(e),16.259166,38.876111,Lead and compounds (as Pb),1450.0,463.3928428836889,0,0,0,0,0,0,1,0
2022,7(a),12.3975,45.705,Ammonia (NH3),15310.0,422.8597382375929,0,0,1,0,0,0,0,0
2021,1(c),12.072,45.7155,Methane (CH4),369883.0,425.3166123837487,0,1,0,0,0,0,0,0
2024,3(c),7.4175,44.3911,Carbon dioxide (CO2),110431000.0,496.16964148283375,0,0,0,1,0,0,0,0
2024,3(c),7.5,44.2833,Carbon monoxide (CO),655621.7,484.2811228602819,0,0,0,1,0,0,0,0
2021,7(a),9.3194,45.3119,Ammonia (NH3),31511.0,457.2181426786513,0,0,1,0,0,0,0,0
2021,7(a),10.861111,45.2275,Ammonia (NH3),24163.0,392.4432285898526,0,0,1,0,0,0,0,0
2021,7(a),9.7522,45.4597,Methane (CH4),116950.0,452.8383352362398,0,0,1,0,0,0,0,0
2021,4(b),8.7952,45.4334,Carbon dioxide (CO2),130313000.0,492.57280171328154,1,0,0,0,0,0,0,0
2024,7(a),7.7103,44.4975,Ammonia (NH3),18420.0,483.33412259197064,0,0,1,0,0,0,0,0
2021,1(c),9.4794,45.0899,Methane (CH4),131594.0,429.82876504034436,0,1,0,0,0,0,0,0
2022,7(a),13.9494,42.3745,Ammonia (NH3),13900.0,130.78117650488363,0,0,1,0,0,0,0,0
2022,7(a)(ii),9.2286,45.225,Ammonia (NH3),14376.0,453.5506780441767,0,0,1,0,0,0,0,0
2022,3(c),10.3444,45.5153,Benzene,3980.0,437.306929605887,0,0,0,1,0,0,0,0
2021,7(a),9.5847,45.2097,Ammonia (NH3),10029.0,436.12064202781215,0,0,1,0,0,0,0,0
2021,1(c),15.4759,41.2018,Carbon dioxide (CO2),470061000.0,259.8801424448694,0,1,0,0,0,0,0,0
2024,7(a),11.0739,44.599,Ammonia (NH3),17001.0,321.1634400111711,0,0,1,0,0,0,0,0
2021,2(c),10.8635,44.9988,Zinc and compounds (as Zn),255.0,368.60991019953894,0,0,0,0,0,0,1,0
2022,4(a),9.7,45.6667,Nitrogen oxides (NOX),513660.0,474.8529299188233,1,0,0,0,0,0,0,0
2024,9(c),11.361247,45.495642,Non-methane volatile organic compounds (NMVOC),167000.0,409.7832222918793,0,0,0,0,1,0,0,0
2023,7(a),11.227333,45.3805,Ammonia (NH3),32596.0,399.94402782186154,0,0,1,0,0,0,0,0
2022,7(a),11.086111,45.093889,Ammonia (NH3),10629.0,372.60395003486406,0,0,1,0,0,0,0,0
2022,8(b),15.5514,40.6467,Hydro-fluorocarbons (HFCS),170.0,290.9859223459715,0,0,0,0,0,0,0,0
2021,1(a),13.3813,43.6395,Sulphur oxides (SOX),215000.0,206.17477195412638,0,1,0,0,0,0,0,0
2022,7(a),9.938889,45.377222,Ammonia (NH3),11090.0,437.67672875927775,0,0,1,0,0,0,0,0
2021,7(a),9.7011,45.0869,Ammonia (NH3),45870.0,419.6958274575044,0,0,1,0,0,0,0,0
2023,7(a),10.8686,44.7202,Ammonia (NH3),11540.0,339.8195978766441,0,0,1,0,0,0,0,0
2022,7(a),11.620094,45.200139,Ammonia (NH3),13177.0,373.3797384956236,0,0,1,0,0,0,0,0
2023,7(a),13.9045,42.5908,Ammonia (NH3),10930.0,138.87243955684986,0,0,1,0,0,0,0,0
2022,5(b),14.1103,41.5136,Nitrogen oxides (NOX),131384.1,140.78649673602848,0,0,0,0,0,0,0,1
2021,7(a),9.974,45.1606,Ammonia (NH3),13200.0,415.3676424977023,0,0,1,0,0,0,0,0
2021,7(a),10.6799,44.785,Ammonia (NH3),15204.0,352.52149151379643,0,0,1,0,0,0,0,0
2022,3(a),15.8972,40.3136,Sulphur oxides (SOX),163900.0,335.23428566249964,0,0,0,1,0,0,0,0
2021,6(b),13.0169,46.3939,Nitrogen oxides (NOX),136393.7,501.10795103302587,0,0,0,0,0,1,0,0
2022,7(a),9.2911,45.2658,Ammonia (NH3),14262.0,454.32445247041585,0,0,1,0,0,0,0,0
2022,1(c),8.6505,45.4593,Carbon dioxide (CO2),291575800.0,501.9051977007532,0,1,0,0,0,0,0,0
2024,7(a),7.4656,44.4447,Ammonia (NH3),11774.0,496.1561334775003,0,0,1,0,0,0,0,0
2024,7(a),7.6736,44.5919,Ammonia (NH3),11208.0,491.78221684244124,0,0,1,0,0,0,0,0
2023,7(a),10.6092,45.0825,Ammonia (NH3),32269.0,384.9183468340593,0,0,1,0,0,0,0,0
2021,7(a),13.2167,43.5033,Ammonia (NH3),15930.0,187.4459939484101,0,0,1,0,0,0,0,0
2021,7(a)(ii),13.245608,43.205425,Methane (CH4),135000.0,157.30732480033177,0,0,1,0,0,0,0,0
2022,7(a),10.5547,45.2547,Ammonia (NH3),40387.0,404.1691415462678,0,0,1,0,0,0,0,0
2023,7(a),7.6281,44.7789,Ammonia (NH3),19031.0,507.0638095697618,0,0,1,0,0,0,0,0
2022,3(a),15.8972,40.3136,Particulate matter (PM10),56700.0,335.23428566249964,0,0,0,1,0,0,0,0
2022,7(a),10.7983,43.5044,Ammonia (NH3),22863.0,225.75389188624004,0,0,1,0,0,0,0,0
2024,7(a),10.2813,45.1835,Ammonia (NH3),13650.0,406.1015888933383,0,0,1,0,0,0,0,0
2021,7(a),9.525833,45.1869,Ammonia (NH3),22229.0,436.5906892448011,0,0,1,0,0,0,0,0
2023,7(a)(ii),10.1778,45.1722,Ammonia (NH3),13216.0,408.7236564081497,0,0,1,0,0,0,0,0
2023,7(a),13.3339,45.8806,Ammonia (NH3),14000.0,447.3658704005546,0,0,1,0,0,0,0,0
2022,1(c),16.5486,40.4175,Nitrogen oxides (NOX),145582.6,377.24502367551094,0,1,0,0,0,0,0,0
2024,7(a),7.649722,44.736111,Ammonia (NH3),32510.0,502.82500096117974,0,0,1,0,0,0,0,0
2021,7(a),10.4306,44.7214,Ammonia (NH3),445000.0,355.16521117881325,0,0,1,0,0,0,0,0
2022,7(a),9.4006,45.3457,Ammonia (NH3),30601.0,456.703610217517,0,0,1,0,0,0,0,0
2022,9(c),11.9572,45.3544,Non-methane volatile organic compounds (NMVOC),304000.0,386.2434632913226,0,0,0,0,1,0,0,0
2021,7(a)(i),10.1525,45.0131,Methane (CH4),728000.0,394.167935487071,0,0,1,0,0,0,0,0
2021,3(c),15.180555,37.194444,Nitrogen oxides (NOX),694510.0,571.8128643506107,0,0,0,1,0,0,0,0
2021,7(a),10.4881,45.5914,Ammonia (NH3),12634.0,440.6988098890982,0,0,1,0,0,0,0,0
2023,7(a),11.0957,45.1357,Ammonia (NH3),12924.0,376.7894877561654,0,0,1,0,0,0,0,0
2023,7(a),10.019167,45.261667,Methane (CH4),170150.0,423.3950397088629,0,0,1,0,0,0,0,0
2024,7(a),8.876111,45.638611,Ammonia (NH3),11254.0,506.88873597426,0,0,1,0,0,0,0,0
2023,5(a),14.322,41.626,Hydrochlorofluorocarbons (HCFCs),7.1678,154.5071221193467,0,0,0,0,0,0,0,1
2024,7(a),10.8929,44.5012,Ammonia (NH3),13234.0,316.7987633895623,0,0,1,0,0,0,0,0
2024,7(a),10.1211,45.1994,Ammonia (NH3),13010.0,413.4893047679818,0,0,1,0,0,0,0,0
2022,9(c),13.532778,45.804444,Non-methane volatile organic compounds (NMVOC),112276.9,441.7186661820599,0,0,0,0,1,0,0,0
2022,1(c),17.2152,40.5108,Copper and compounds (as Cu),265.591,423.94185302872364,0,1,0,0,0,0,0,0
2022,1(c),14.3761,40.9744,Nitrogen oxides (NOX),319100.0,187.63286365571642,0,1,0,0,0,0,0,0
2024,3(e),12.6167,41.55,Nitrogen oxides (NOX),213500.0,40.47997255590173,0,0,0,1,0,0,0,0
2022,2(b),10.459167,45.4625,Mercury and compounds (as Hg),31.0885,428.34294478117357,0,0,0,0,0,0,1,0
2021,7(a),12.7802,46.0838,Ammonia (NH3),18357.0,465.4590513926547,0,0,1,0,0,0,0,0
2022,7(a),10.5104,45.187606,Nitrogen oxides (NOX),176685.0,398.7535616393953,0,0,1,0,0,0,0,0
2023,7(a),11.5146,44.1887,Ammonia (NH3),27374.0,266.40187872748817,0,0,1,0,0,0,0,0
2023,7(a),10.0761,44.9185,Ammonia (NH3),15978.0,388.11545703543754,0,0,1,0,0,0,0,0
2022,5(c),12.7248,41.5036,Methane (CH4),220094.0,48.269171894479,0,0,0,0,0,0,0,1
2021,1(c),17.0326,39.1022,Nitrogen oxides (NOX),242400.0,493.91500700012966,0,1,0,0,0,0,0,0
2024,8(b),12.5268,43.0992,Ammonia (NH3),12460.0,133.05694911591047,0,0,0,0,0,0,0,0
2021,7(a),10.3675,45.3131,Ammonia (NH3),13148.0,416.10655052091795,0,0,1,0,0,0,0,0
2021,3(c),14.725278,36.903056,Carbon dioxide (CO2),333841000.0,587.9442813117303,0,0,0,1,0,0,0,0
2022,7(a),15.672375,41.167683,Ammonia (NH3),25209.6,276.68076729342255,0,0,1,0,0,0,0,0
2023,7(a),9.173889,45.469167,Ammonia (NH3),18232.0,478.05873061814333,0,0,1,0,0,0,0,0
2024,1(a),9.0113,39.0971,Sulphur oxides (SOX),2812797.2,429.0677199992063,0,1,0,0,0,0,0,0
2023,1(c),12.2458,45.4313,Nitrogen oxides (NOX),709950.0,392.8681219243284,0,1,0,0,0,0,0,0
2023,1(c),12.6308,41.5494,Carbon dioxide (CO2),436978906.1,40.84851703727441,0,1,0,0,0,0,0,0
2023,7(a),12.3957,43.1373,Ammonia (NH3),38800.0,137.51796750832895,0,0,1,0,0,0,0,0
2023,8(b),12.5703,41.7057,Hydro-fluorocarbons (HFCS),408.5,22.756410444704144,0,0,0,0,0,0,0,0
2022,1(c),10.4494,43.3816,Nitrous oxide (N2O),13821.0,234.66174872826318,0,1,0,0,0,0,0,0
2022,7(a),10.9172,44.9039,Ammonia (NH3),29430.0,357.2430080519243,0,0,1,0,0,0,0,0
2022,3(a),16.0871,40.4101,Carbon dioxide (CO2),172764000.0,343.3499001389804,0,0,0,1,0,0,0,0
2022,7(a),10.0489,45.3153,Ammonia (NH3),21658.0,427.51473476111425,0,0,1,0,0,0,0,0
2023,5(d),12.750417,46.0153,Methane (CH4),232506.8,457.74018094715643,0,0,0,0,0,0,0,1
2024,4(a),12.2375,44.4333,Carbon dioxide (CO2),131647000.0,282.1606140496302,1,0,0,0,0,0,0,0
2021,7(a),12.167853,44.246331,Ammonia (NH3),21714.0,261.9509083816329,0,0,1,0,0,0,0,0
2022,1(c),14.5638,42.0497,Carbon dioxide (CO2),731155000.0,171.6756980077843,0,1,0,0,0,0,0,0
2023,9(c),11.9572,45.3544,Non-methane volatile organic compounds (NMVOC),285000.0,386.2434632913226,0,0,0,0,1,0,0,0
2024,2(b),17.1999,40.5167,Lead and compounds (as Pb),203.28,422.49503361756746,0,0,0,0,0,0,1,0
2021,7(a)(ii),7.5511,44.7386,Ammonia (NH3),10800.0,509.2273423089553,0,0,1,0,0,0,0,0
2021,7(a),10.6617,45.2633,Ammonia (NH3),11850.0,401.8012900240005,0,0,1,0,0,0,0,0
2023,7(a),7.607536,44.356389,Ammonia (NH3),26528.0,481.35465193660883,0,0,1,0,0,0,0,0
2021,7(a),12.5025,43.0435,Ammonia (NH3),22150.0,126.84103938838427,0,0,1,0,0,0,0,0
2023,7(a)(ii),9.5228,45.3564,Ammonia (NH3),10459.0,452.41700002708785,0,0,1,0,0,0,0,0
2021,7(a),10.0538,45.488,Ammonia (NH3),20799.0,444.34274870361514,0,0,1,0,0,0,0,0
2021,7(a),10.8814,44.9161,Ammonia (NH3),20800.0,359.54403080220254,0,0,1,0,0,0,0,0
2024,7(a),7.6492,44.4492,Ammonia (NH3),12364.0,484.28310295149066,0,0,1,0,0,0,0,0
2021,1(a),15.1825,37.1791,Nitrogen oxides (NOX),253547.0,573.451982183205,0,1,0,0,0,0,0,0
2021,7(a),9.931997,45.219836,Ammonia (NH3),15606.0,422.7163980371394,0,0,1,0,0,0,0,0
2022,5(a),14.322,41.626,Hydrochlorofluorocarbons (HCFCs),77.74,154.5071221193467,0,0,0,0,0,0,0,1
2022,7(a),9.3512,45.1834,Ammonia (NH3),17459.0,444.1401429047182,0,0,1,0,0,0,0,0
2021,1(a),8.9466,44.5752,Carbon dioxide (CO2),258516117.1,413.42809160734026,0,1,0,0,0,0,0,0
2021,3(c),13.2503,38.190833,Nitrogen oxides (NOX),441284.0,417.7054329667705,0,0,0,1,0,0,0,0
2021,7(a),7.8339,44.6463,Ammonia (NH3),31698.0,485.19056143864753,0,0,1,0,0,0,0,0
2023,7(a)(i),10.1645,45.269,Ammonia (NH3),13673.0,418.73557855970506,0,0,1,0,0,0,0,0
2024,7(a),12.012,45.552,Ammonia (NH3),13520.0,407.63272664256453,0,0,1,0,0,0,0,0
2022,7(a),11.0014,44.9542,Ammonia (NH3),21236.0,360.119946404735,0,0,1,0,0,0,0,0
2021,5(d),12.7147,46.1147,Methane (CH4),356466.0,468.66664698646406,0,0,0,0,0,0,0,1
2023,4(e),9.0069,45.1714,Non-methane volatile organic compounds (NMVOC),239224.0,459.48453941913266,1,0,0,0,0,0,0,0
2021,7(a),10.5831,44.9775,Ammonia (NH3),11626.0,375.140046982053,0,0,1,0,0,0,0,0
2023,2(b),12.6667,42.5667,Mercury and compounds (as Hg),44.1,75.14187357873665,0,0,0,0,0,0,1,0
2021,4(a),10.8376,45.1457,Hydro-fluorocarbons (HFCS),2735.0,384.57325764280205,1,0,0,0,0,0,0,0
2022,7(a),9.2284,44.9018,Ammonia (NH3),11673.0,425.2548710392367,0,0,1,0,0,0,0,0
2024,5(b),8.7776,45.2804,Carbon dioxide (CO2),261844000.0,480.25011833890966,0,0,0,0,0,0,0,1
2024,7(a),12.235819,44.131313,Ammonia (NH3),10053.0,248.70288460623547,0,0,1,0,0,0,0,0
2021,4(a),15.1752,37.2191,Benzene,5100.31,569.10296764055,1,0,0,0,0,0,0,0
2022,1(a),15.1905,37.2216,Zinc and compounds (as Zn),380.4452,569.3767495576742,0,1,0,0,0,0,0,0
2024,7(a),9.9297,45.0903,Ammonia (NH3),20063.0,410.4182855616139,0,0,1,0,0,0,0,0
2021,1(c),13.5906,45.9153,Nitrogen oxides (NOX),323840.0,454.6854917174831,0,1,0,0,0,0,0,0
2023,2(b),17.1999,40.5167,Copper and compounds (as Cu),185.25,422.49503361756746,0,0,0,0,0,0,1,0
2023,7(a),10.4417,44.6222,Ammonia (NH3),10665.0,345.1045255408196,0,0,1,0,0,0,0,0
2024,2(b),13.2534,46.0067,Zinc and compounds (as Zn),1804.77,460.33206608834774,0,0,0,0,0,0,1,0
2021,7(a),10.0625,45.251944,Ammonia (NH3),17043.0,420.8138766941062,0,0,1,0,0,0,0,0
2022,7(a),12.194444,44.073056,Ammonia (NH3),14998.0,242.56754632503632,0,0,1,0,0,0,0,0
2022,7(a)(ii),10.331667,44.849722,Ammonia (NH3),10567.0,371.4304558959567,0,0,1,0,0,0,0,0
2022,3(c),16.6569,40.6753,Carbon monoxide (CO),528139.0,373.3984326170081,0,0,0,1,0,0,0,0
2024,7(a),12.2114,43.1667,Ammonia (NH3),20956.0,142.46582393109662,0,0,1,0,0,0,0,0
2024,9(c),9.2209,45.7447,Non-methane volatile organic compounds (NMVOC),108000.0,501.441479219339,0,0,0,0,1,0,0,0
2022,5(d),15.651806,41.448994,Methane (CH4),108000.0,266.86471905427936,0,0,0,0,0,0,0,1
2022,1(a),8.8768,45.0997,Fluorine and inorganic compounds (as HF),17830.0,459.8924322368035,0,1,0,0,0,0,0,0
2022,2(b),11.5083,45.5194,Mercury and compounds (as Hg),156.935,409.9050166276053,0,0,0,0,0,0,1,0
2024,9(c),8.9946,45.6018,Non-methane volatile organic compounds (NMVOC),155716.0,498.16775196513777,0,0,0,0,1,0,0,0
2021,3(c),12.5467,43.3636,Ammonia (NH3),13970.0,162.48565083014304,0,0,0,1,0,0,0,0
2024,3(e),11.3731,45.4181,Nitrogen oxides (NOX),224186.4,401.18016620160887,0,0,0,1,0,0,0,0
2024,5(d),11.6161,43.5561,Methane (CH4),235160.0,197.3963648294752,0,0,0,0,0,0,0,1
2021,1(c),7.4847,44.5942,Carbon dioxide (CO2),219215000.0,504.15092337240816,0,1,0,0,0,0,0,0
2024,7(a),12.0453,45.5939,Ammonia (NH3),25270.0,412.0259065778375,0,0,1,0,0,0,0,0
2023,3(c),8.6794,45.7794,Nitrogen oxides (NOX),507770.0,528.5578509656057,0,0,0,1,0,0,0,0
2023,3(c),14.0658,41.4456,Nitrogen oxides (NOX),819900.0,139.90801467376932,0,0,0,1,0,0,0,0
2023,3(c),18.1997,40.1678,Nitrogen oxides (NOX),256200.0,515.6671288858599,0,0,0,1,0,0,0,0
2022,3(e),13.2324,45.7701,Nitrogen oxides (NOX),427600.0,434.0513576127998,0,0,0,1,0,0,0,0
2022,1(c),14.4718,41.1692,Methane (CH4),177509.0,183.53637909394885,0,1,0,0,0,0,0,0
2021,3(c),9.81,44.7667,Benzene,1466.0,385.45810832592576,0,0,0,1,0,0,0,0
2021,3(c),10.3444,45.5153,Ammonia (NH3),58225.0,437.306929605887,0,0,0,1,0,0,0,0
2023,1(c),9.5102,45.5119,Nitrogen oxides (NOX),112975.2,467.53659705314686,0,1,0,0,0,0,0,0
2023,7(a),9.8372,45.3428,Ammonia (NH3),37561.0,438.26482164012333,0,0,1,0,0,0,0,0
2024,2(b),15.8136,40.635,Benzene,5537.0,310.9916304131043,0,0,0,0,0,0,1,0
2023,3(c),10.0333,45.7167,Ammonia (NH3),13142.0,467.82069491437875,0,0,0,1,0,0,0,0
2023,7(a),13.7462,42.5483,Ammonia (NH3),26986.0,125.46525609127177,0,0,1,0,0,0,0,0
2021,7(a),7.8898,44.9805,Ammonia (NH3),16896.0,505.2549258306158,0,0,1,0,0,0,0,0
2024,7(a),7.6874,44.8144,Ammonia (NH3),19775.0,505.78124980244866,0,0,1,0,0,0,0,0
2021,7(a),11.551,45.1822,Ammonia (NH3),27214.0,372.521268659234,0,0,1,0,0,0,0,0
2022,7(a),7.6736,44.5919,Ammonia (NH3),13277.0,491.78221684244124,0,0,1,0,0,0,0,0
2021,7(a),10.1386,45.4528,Ammonia (NH3),20942.0,437.8692177323516,0,0,1,0,0,0,0,0
2024,1(c),15.4237,41.6578,Nitrogen oxides (NOX),162425.0,244.23944851357126,0,1,0,0,0,0,0,0
2022,3(a),17.1061,39.106,Nitrogen oxides (NOX),139384.9,498.4787189881203,0,0,0,1,0,0,0,0
2022,7(a),10.019167,45.261667,Ammonia (NH3),41380.0,423.3950397088629,0,0,1,0,0,0,0,0
2023,7(a),10.0489,45.3153,Ammonia (NH3),17245.0,427.51473476111425,0,0,1,0,0,0,0,0
2023,7(a),11.579889,45.284389,Ammonia (NH3),13341.0,383.1834384621716,0,0,1,0,0,0,0,0
2024,7(a),9.8467,45.235,Ammonia (NH3),45940.0,427.56048759605676,0,0,1,0,0,0,0,0
2023,7(a),9.9147,45.4508,Ammonia (NH3),12160.0,445.75603623783854,0,0,1,0,0,0,0,0
2022,7(a),10.9433,45.2161,Ammonia (NH3),35070.0,389.0756365743776,0,0,1,0,0,0,0,0
2023,7(a),13.2921,43.5365,Ammonia (NH3),25940.0,192.9362423014547,0,0,1,0,0,0,0,0
2022,3(g),9.8262,45.4095,Nitrogen oxides (NOX),260100.0,445.1191147781044,0,0,0,1,0,0,0,0
2023,7(a),9.643889,45.415278,Ammonia (NH3),21386.0,452.91809938824736,0,0,1,0,0,0,0,0
2024,7(a),9.2524,45.2904,Ammonia (NH3),20685.0,458.3143838205518,0,0,1,0,0,0,0,0
2021,3(e),10.3858,43.7061,Nitrogen oxides (NOX),319800.0,264.2817592979229,0,0,0,1,0,0,0,0
2022,1(c),15.423906,41.197708,Carbon dioxide (CO2),145981000.0,255.9030818592855,0,1,0,0,0,0,0,0
2024,2(b),12.6667,42.5667,Chromium and compounds (as Cr),392.1,75.14187357873665,0,0,0,0,0,0,1,0
2023,3(a),17.1061,39.106,Nitrogen oxides (NOX),155725.7,498.4787189881203,0,0,0,1,0,0,0,0
2023,7(a)(ii),12.3494,42.9883,Ammonia (NH3),10031.0,121.30319945325682,0,0,1,0,0,0,0,0
2022,8(c),8.5842,39.7589,Hydro-fluorocarbons (HFCS),121.0,406.34044858548714,0,0,0,0,0,0,0,0
2021,9(c),13.4258,41.9964,Non-methane volatile organic compounds (NMVOC),105000.0,77.56184590909317,0,0,0,0,1,0,0,0
2022,5(d),10.885,44.8517,Methane (CH4),147000.0,352.7993035479356,0,0,0,0,0,0,0,1
2024,3(c),12.7394,46.1778,Sulphur oxides (SOX),178758.0,475.75427963107893,0,0,0,1,0,0,0,0
2024,7(a),10.3368,44.9401,Ammonia (NH3),10223.0,380.07353065964213,0,0,1,0,0,0,0,0
2022,7(a),9.1164,45.1906,Ammonia (NH3),36739.0,455.82521836494766,0,0,1,0,0,0,0,0
2021,7(a),10.8525,45.2436,Ammonia (NH3),14760.0,394.35617412916224,0,0,1,0,0,0,0,0
2022,3(c),12.7394,46.1778,Nitrogen oxides (NOX),464400.0,475.75427963107893,0,0,0,1,0,0,0,0
2024,7(a),9.6595,45.1125,Ammonia (NH3),26535.0,423.87283137486867,0,0,1,0,0,0,0,0
2023,4(a),12.2667,45.4594,Hydro-fluorocarbons (HFCS),170.6,395.9064965826192,1,0,0,0,0,0,0,0
2024,8(b),,,Nitrogen oxides (NOX),116019.7,,0,0,0,0,0,0,0,0
2023,3(e),7.5908,44.3867,Nitrogen oxides (NOX),395588.0,484.3039076585716,0,0,0,1,0,0,0,0
2023,3(c),12.5467,43.3636,Nitrogen oxides (NOX),637122.0,162.48565083014304,0,0,0,1,0,0,0,0
2024,7(a),7.5536,44.4172,Ammonia (NH3),32728.0,488.6321463335936,0,0,1,0,0,0,0,0
2022,7(a),10.019167,45.261667,Methane (CH4),170150.0,423.3950397088629,0,0,1,0,0,0,0,0
2021,7(a),10.9528,45.0336,Ammonia (NH3),10236.0,369.72505371931965,0,0,1,0,0,0,0,0
2022,7(a),10.3828,45.4119,Ammonia (NH3),28580.0,425.5909066542994,0,0,1,0,0,0,0,0
2022,7(a),12.614639,45.658361,Ammonia (NH3),15563.0,417.7070580616357,0,0,1,0,0,0,0,0
2024,3(c),11.8367,43.6581,Carbon dioxide (CO2),349560000.0,202.46809270796382,0,0,0,1,0,0,0,0
2021,7(a)(ii),10.0325,45.373056,Ammonia (NH3),21400.0,433.78116096207646,0,0,1,0,0,0,0,0
2023,2(b),11.0,45.4333,Zinc and compounds (as Zn),3741.1,410.5887775813313,0,0,0,0,0,0,1,0
2024,7(a),10.313,45.2742,Ammonia (NH3),10860.0,414.0353640554431,0,0,1,0,0,0,0,0
2021,3(e),13.2324,45.7701,Carbon dioxide (CO2),122847000.0,434.0513576127998,0,0,0,1,0,0,0,0
2024,6(b),12.2345,44.9115,Mercury and compounds (as Hg),19.67,335.21991004178903,0,0,0,0,0,1,0,0
2022,2(b),11.5083,45.5194,Nitrogen oxides (NOX),159651.0,409.9050166276053,0,0,0,0,0,0,1,0
2022,7(a),7.7887,44.8762,Ammonia (NH3),16100.0,503.8513777621774,0,0,1,0,0,0,0,0
2023,7(a),9.8208,45.4933,Ammonia (NH3),37770.0,453.43567267909197,0,0,1,0,0,0,0,0
2021,7(a),7.7103,44.4975,Ammonia (NH3),14305.0,483.33412259197064,0,0,1,0,0,0,0,0
2023,7(a),11.556667,45.227222,Ammonia (NH3),27370.0,377.3253772963938,0,0,1,0,0,0,0,0
2021,7(a)(ii),9.5228,45.3564,Ammonia (NH3),12614.0,452.41700002708785,0,0,1,0,0,0,0,0
2023,2(b),12.6667,42.5667,Carbon monoxide (CO),946200.0,75.14187357873665,0,0,0,0,0,0,1,0
2024,7(a),10.020556,45.294722,Ammonia (NH3),41190.0,426.56201654300463,0,0,1,0,0,0,0,0
2024,2(a),15.034444,37.446111,Copper and compounds (as Cu),110.4683,541.0071188998154,0,0,0,0,0,0,1,0
2021,7(a),10.1831,45.1781,Ammonia (NH3),29120.0,409.1082979543727,0,0,1,0,0,0,0,0
2022,2(b),15.8136,40.635,Hydrogen cyanide (HCN),2644.8,310.9916304131043,0,0,0,0,0,0,1,0
2021,7(a),11.5146,44.6432,Ammonia (NH3),12530.0,314.9081248612696,0,0,1,0,0,0,0,0
2023,7(a),12.8869,46.0301,Ammonia (NH3),12257.0,459.9959655875469,0,0,1,0,0,0,0,0
2023,1(a),13.3813,43.6395,Carbon dioxide (CO2),518892000.0,206.17477195412638,0,1,0,0,0,0,0,0
2024,1(c),10.6002,43.8233,Nitrogen oxides (NOX),111150.0,263.5896029410928,0,1,0,0,0,0,0,0
2024,7(a),10.265556,45.096944,Ammonia (NH3),20730.0,398.1098456010429,0,0,1,0,0,0,0,0
2022,5(d),10.830555,43.855774,Methane (CH4),251190.0,256.07882659210674,0,0,0,0,0,0,0,1
2022,7(a),10.154722,45.193333,Ammonia (NH3),21078.0,411.64811356782957,0,0,1,0,0,0,0,0
2023,7(a),10.1097,45.3486,Ammonia (NH3),23180.0,428.5656253812077,0,0,1,0,0,0,0,0
2021,3(e),12.4,45.783333,Sulphur oxides (SOX),150487.9,431.5647360874732,0,0,0,1,0,0,0,0
2024,7(a),10.277222,45.328889,Ammonia (NH3),10831.0,420.7280038449707,0,0,1,0,0,0,0,0
2022,1(a),8.7858,45.4372,Nitrogen oxides (NOX),1142902.6,493.3600021474541,0,1,0,0,0,0,0,0
2022,7(a),10.0742,45.3875,Ammonia (NH3),10170.0,433.68294077376356,0,0,1,0,0,0,0,0
2021,7(a),9.7497,45.4275,Ammonia (NH3),72150.0,449.8433692842449,0,0,1,0,0,0,0,0
2022,7(a),10.3634,45.4661,Ammonia (NH3),16630.0,431.70821729253737,0,0,1,0,0,0,0,0
2022,1(c),8.739,45.5212,Nitrous oxide (N2O),11221.2,502.9487066098593,0,1,0,0,0,0,0,0
2021,7(a)(iii),9.1047,45.2744,Ammonia (NH3),27459.0,463.7701257745326,0,0,1,0,0,0,0,0
2024,7(a),12.635619,42.765553,Ammonia (NH3),39830.0,96.61383456643533,0,0,1,0,0,0,0,0
2022,9(c),13.4258,41.9964,Sulphur hexafluoride (SF6),1032.0,77.56184590909317,0,0,0,0,1,0,0,0
2023,3(e),12.9114,45.7825,Nitrogen oxides (NOX),218815.1,432.68306868071477,0,0,0,1,0,0,0,0
2021,7(a),10.8553,44.9544,Ammonia (NH3),13500.0,364.26157713636235,0,0,1,0,0,0,0,0
2021,2(b),13.0778,46.2306,Zinc and compounds (as Zn),3405.0,483.46211416770933,0,0,0,0,0,0,1,0
2024,2(f),8.8711,44.4094,Nitrogen oxides (NOX),164646.0,405.09099341653547,0,0,0,0,0,0,1,0
2024,7(a),9.9275,45.2317,Ammonia (NH3),27840.0,424.0341762412437,0,0,1,0,0,0,0,0
2022,5(b),10.2114,45.5119,Chlorine and inorganic compounds (as HCl),21980.9,441.2971093995787,0,0,0,0,0,0,0,1
2021,7(a),11.997778,43.171667,Ammonia (NH3),13200.0,146.8863142278786,0,0,1,0,0,0,0,0
2021,1(a),9.0113,39.0971,Sulphur oxides (SOX),2970191.0,429.0677199992063,0,1,0,0,0,0,0,0
2024,1(c),9.6833,45.4333,Methane (CH4),600254.0,453.0399244961271,0,1,0,0,0,0,0,0
2024,1(c),8.8666,45.1002,Nickel and compounds (as Ni),394.0,460.4565851575858,0,1,0,0,0,0,0,0
2023,2(a),10.2269,45.5333,Carbon monoxide (CO),1566554.0,442.934350852115,0,0,0,0,0,0,1,0
2021,7(a),10.2731,45.3053,Ammonia (NH3),13333.0,418.51165526924706,0,0,1,0,0,0,0,0
2023,3(c),10.3444,45.5153,Ammonia (NH3),48138.0,437.306929605887,0,0,0,1,0,0,0,0
2023,8(b),7.8483,44.9519,Hydro-fluorocarbons (HFCS),785.0,505.6529134018682,0,0,0,0,0,0,0,0
2023,7(a)(ii),9.3925,45.2244,Ammonia (NH3),18942.0,445.96931078254045,0,0,1,0,0,0,0,0
2021,7(a),10.1297,44.8472,Ammonia (NH3),20314.0,379.1454686981345,0,0,1,0,0,0,0,0
2021,1(c),12.2458,45.4313,Sulphur oxides (SOX),285000.0,392.8681219243284,0,1,0,0,0,0,0,0
2023,7(a),10.3217,45.0683,Ammonia (NH3),24600.0,393.2515715807625,0,0,1,0,0,0,0,0
2023,7(a)(ii),9.2946,45.2772,Ammonia (NH3),12956.0,455.1944539906943,0,0,1,0,0,0,0,0
2023,1(a),15.1905,37.2216,Sulphur oxides (SOX),3568119.0,569.3767495576742,0,1,0,0,0,0,0,0
2021,4(e),9.7981,45.68,Dichloromethane (DCM),31080.24,472.48931598030384,1,0,0,0,0,0,0,0
2021,7(a),9.5091,45.2571,Ammonia (NH3),36328.0,443.79061727829855,0,0,1,0,0,0,0,0
2023,3(c),13.2503,38.190833,Sulphur oxides (SOX),180485.0,417.7054329667705,0,0,0,1,0,0,0,0
2022,1(c),14.1129,41.1774,Nitrogen oxides (NOX),211000.0,156.8614940772323,0,1,0,0,0,0,0,0
2023,9(c),9.4708,46.1397,Non-methane volatile organic compounds (NMVOC),187000.0,529.5034344125139,0,0,0,0,1,0,0,0
2021,7(a),11.883594,45.015297,Ammonia (NH3),20786.0,349.60713104445097,0,0,1,0,0,0,0,0
2021,7(a),9.8353,45.4525,Methane (CH4),125060.0,448.92643101605097,0,0,1,0,0,0,0,0
2023,7(a),10.7205,45.3297,Ammonia (NH3),10681.0,406.96118673057856,0,0,1,0,0,0,0,0
2021,3(e),10.0725,44.8642,Nitrogen oxides (NOX),205300.0,383.10561906268515,0,0,0,1,0,0,0,0
2022,1(c),12.236944,44.448611,Carbon dioxide (CO2),1793923000.0,283.861566092513,0,1,0,0,0,0,0,0
2023,7(a),10.4544,45.26,Ammonia (NH3),37231.0,407.8964923066719,0,0,1,0,0,0,0,0
2023,3(c),12.5467,43.3636,Carbon dioxide (CO2),482587000.0,162.48565083014304,0,0,0,1,0,0,0,0
2022,7(a),11.9964,44.1694,Ammonia (NH3),10449.0,255.2880197820085,0,0,1,0,0,0,0,0
2023,7(a),9.2284,44.9018,Ammonia (NH3),13770.0,425.2548710392367,0,0,1,0,0,0,0,0
2021,7(a),9.880917,44.995472,Ammonia (NH3),24276.0,403.47887720675874,0,0,1,0,0,0,0,0
2023,7(a),12.805,45.9131,Ammonia (NH3),35890.0,446.60873598737766,0,0,1,0,0,0,0,0
2024,7(a)(iii),10.1033,45.2806,Ammonia (NH3),17700.0,422.10538243560444,0,0,1,0,0,0,0,0
2024,9(c),14.3833,40.9281,Non-methane volatile organic compounds (NMVOC),347420.0,191.05349226321462,0,0,0,0,1,0,0,0
2022,7(a),9.8744,45.6147,Ammonia (NH3),13402.0,463.2910730187746,0,0,1,0,0,0,0,0
2021,1(c),9.2828,45.4172,Carbon dioxide (CO2),128410000.0,468.4601167335642,0,1,0,0,0,0,0,0
2021,4(a),9.7667,45.7136,Carbon monoxide (CO),8544400.0,476.9347657260154,1,0,0,0,0,0,0,0
2023,3(c),11.8367,43.6581,Ammonia (NH3),29500.0,202.46809270796382,0,0,0,1,0,0,0,0
2021,4(b),12.2333,44.4333,Carbon dioxide (CO2),154712391.0,282.1861503637189,1,0,0,0,0,0,0,0
2024,7(a),12.0903,44.1594,Methane (CH4),116581.0,253.08325699390863,0,0,1,0,0,0,0,0
2022,7(a),13.7019,42.5958,Ammonia (NH3),14900.0,125.62949050198593,0,0,1,0,0,0,0,0
2023,1(c),18.0321,40.5638,Copper and compounds (as Cu),612.2747,486.1548254028064,0,1,0,0,0,0,0,0
2024,2(b),10.2269,45.5333,Carbon monoxide (CO),591396.0,442.934350852115,0,0,0,0,0,0,1,0
2023,2(b),12.6667,42.5667,Chlorine and inorganic compounds (as HCl),11000.0,75.14187357873665,0,0,0,0,0,0,1,0
2023,7(a),9.2717,45.1892,Ammonia (NH3),46450.0,448.3417808084118,0,0,1,0,0,0,0,0
2022,7(a),7.8056,45.4192,Ammonia (NH3),12240.0,543.1999916779392,0,0,1,0,0,0,0,0
2024,7(a),12.0559,44.1005,Ammonia (NH3),23058.0,246.9834682087975,0,0,1,0,0,0,0,0
2021,9(c),9.8286,45.5517,Non-methane volatile organic compounds (NMVOC),157051.0,458.81982578694243,0,0,0,0,1,0,0,0
2023,4(b),10.4504,43.3818,Hydro-fluorocarbons (HFCS),739.0,234.6188042568021,1,0,0,0,0,0,0,0
2022,2(e),14.2956,41.0225,Cadmium and compounds (as Cd),14.0,179.04284453919206,0,0,0,0,0,0,1,0
2023,3(c),9.612325,45.776917,Nitrogen oxides (NOX),100600.0,488.87154963388286,0,0,0,1,0,0,0,0
2022,1(c),16.2147,39.7111,Nitrogen oxides (NOX),441680.0,396.5827136030377,0,1,0,0,0,0,0,0
2022,3(e),10.8997,43.7139,Nitrogen oxides (NOX),222723.0,239.8251737876945,0,0,0,1,0,0,0,0
2021,4(e),9.3658,45.3044,Non-methane volatile organic compounds (NMVOC),131260.0,454.456114732052,1,0,0,0,0,0,0,0
2024,7(a),8.7044,45.2328,Ammonia (NH3),13815.0,479.92703519196357,0,0,1,0,0,0,0,0
2023,7(a),10.9927,44.9895,Ammonia (NH3),20786.0,364.0418645383865,0,0,1,0,0,0,0,0
2021,1(c),15.2808,38.2019,Carbon dioxide (CO2),1347418256.0,474.81617636859517,0,1,0,0,0,0,0,0
2022,7(a),13.3268,46.0815,Ammonia (NH3),16910.0,469.366932158377,0,0,1,0,0,0,0,0
2022,7(a)(ii),7.3302,44.4561,Ammonia (NH3),11297.0,505.88895806078744,0,0,1,0,0,0,0,0
2021,7(a),11.635278,45.455,Ammonia (NH3),16549.0,401.00403441671784,0,0,1,0,0,0,0,0
2022,7(a),12.1745,45.5803,Ammonia (NH3),10255.0,409.7351474259222,0,0,1,0,0,0,0,0
2024,1(c),14.301,40.834,Carbon dioxide (CO2),274562027.9,191.83111993626886,0,1,0,0,0,0,0,0
2024,7(a),9.431667,45.411667,Ammonia (NH3),63194.0,461.4547851678403,0,0,1,0,0,0,0,0
2024,7(a),11.063056,45.196111,Ammonia (NH3),15001.0,383.96874855189014,0,0,1,0,0,0,0,0
2023,1(c),13.2464,45.9278,Nitrogen oxides (NOX),125811.0,451.56731242237703,0,1,0,0,0,0,0,0
2022,9(c),12.3992,45.9307,Non-methane volatile organic compounds (NMVOC),195570.0,447.94960416655414,0,0,0,0,1,0,0,0
2023,1(c),11.8897,44.6231,Nitrogen oxides (NOX),126895.0,306.4442616358695,0,1,0,0,0,0,0,0
2022,1(c),15.2022,37.1291,Sulphur oxides (SOX),294500.0,579.2538732559473,0,1,0,0,0,0,0,0
2024,7(a),12.348437,44.131454,Ammonia (NH3),11875.0,248.10667871963895,0,0,1,0,0,0,0,0
2022,7(a),9.409167,46.242778,Ammonia (NH3),11020.0,541.8466050701181,0,0,1,0,0,0,0,0
2022,1(c),11.5074,44.7742,Methane (CH4),155866.0,329.14342652297375,0,1,0,0,0,0,0,0
2021,7(a),10.7064,44.7672,Ammonia (NH3),38929.0,349.84076680299376,0,0,1,0,0,0,0,0
2024,3(e),8.8501,45.4651,Nitrogen oxides (NOX),130200.0,492.7017569508096,0,0,0,1,0,0,0,0
2022,7(a),11.0708,45.0743,Ammonia (NH3),10023.0,370.9168556264275,0,0,1,0,0,0,0,0
2023,7(a),12.3368,42.8402,Ammonia (NH3),19600.0,105.05541509609527,0,0,1,0,0,0,0,0
2024,2(b),17.1999,40.5167,Particulate matter (PM10),60510.0,422.49503361756746,0,0,0,0,0,0,1,0
2022,7(a)(i),14.5597,42.0419,Ammonia (NH3),11200.0,171.26824689480443,0,0,1,0,0,0,0,0
2024,7(a),9.509444,45.444444,Ammonia (NH3),30551.0,461.219145381014,0,0,1,0,0,0,0,0
2023,2(a),10.2269,45.5333,Nitrogen oxides (NOX),210026.0,442.934350852115,0,0,0,0,0,0,1,0
2023,5(d),12.2633,43.4028,Methane (CH4),1483680.0,167.87802139193857,0,0,0,0,0,0,0,1
2022,1(c),7.6763,44.9925,Nitrogen oxides (NOX),223000.0,518.9089994637612,0,1,0,0,0,0,0,0
2023,1(c),15.2022,37.1291,Sulphur hexafluoride (SF6),332.4,579.2538732559473,0,1,0,0,0,0,0,0
2024,8(b),13.238014,45.778114,Non-methane volatile organic compounds (NMVOC),145368.0,434.9949077450424,0,0,0,0,0,0,0,0
2022,1(c),11.7586,42.1275,Nickel and compounds (as Ni),82.1387,65.87472663400173,0,1,0,0,0,0,0,0
2024,2(b),12.6667,42.5667,Carbon dioxide (CO2),343426200.0,75.14187357873665,0,0,0,0,0,0,1,0
2022,7(a),12.5734,43.3554,Ammonia (NH3),12520.0,161.64452468688194,0,0,1,0,0,0,0,0
2024,3(c),,,Carbon dioxide (CO2),360095773.6,,0,0,0,1,0,0,0,0
2021,8(b),10.9497,45.3595,Hydro-fluorocarbons (HFCS),355.0,404.0003247731464,0,0,0,0,0,0,0,0
2021,9(c),13.6786,43.2933,Non-methane volatile organic compounds (NMVOC),123232.0,182.39582302782517,0,0,0,0,1,0,0,0
2022,4(b),11.5921,44.856,Ammonia (NH3),25108.0,336.40887356733657,1,0,0,0,0,0,0,0
2023,7(a),9.7275,45.1633,Ammonia (NH3),11489.0,425.6902437035862,0,0,1,0,0,0,0,0
2021,7(a),10.9855,45.2338,Ammonia (NH3),18593.0,389.85997983874546,0,0,1,0,0,0,0,0
2022,1(c),11.2511,45.0297,Nitrous oxide (N2O),11400.0,361.9154505330853,0,1,0,0,0,0,0,0
2022,1(c),13.5455,45.7969,Carbon dioxide (CO2),651035080.1,441.0889789395028,0,1,0,0,0,0,0,0
2024,3(c),16.4489,38.9141,Carbon dioxide (CO2),168412450.0,471.52423078778224,0,0,0,1,0,0,0,0
2024,3(c),18.1997,40.1678,Carbon dioxide (CO2),216364000.0,515.6671288858599,0,0,0,1,0,0,0,0
2021,7(a)(ii),9.7692,45.4258,Ammonia (NH3),20578.0,448.912741461856,0,0,1,0,0,0,0,0
2024,7(a),13.8921,42.6847,Ammonia (NH3),18216.0,144.00268511610722,0,0,1,0,0,0,0,0
2021,5(a),11.2397,45.2278,Hydrochlorofluorocarbons (HCFCs),134.0,383.32298534907477,0,0,0,0,0,0,0,1
2022,2(b),9.5969,45.6425,Zinc and compounds (as Zn),244.4,476.48876713324137,0,0,0,0,0,0,1,0
2023,7(a)(ii),7.548889,44.688056,Ammonia (NH3),11900.0,506.0436382904124,0,0,1,0,0,0,0,0
2022,1(c),17.2152,40.5108,Nitrogen oxides (NOX),1213500.0,423.94185302872364,0,1,0,0,0,0,0,0
2023,7(a),11.0281,44.9886,Ammonia (NH3),15950.0,363.0054808715968,0,0,1,0,0,0,0,0
2022,7(a),9.9667,45.2242,Ammonia (NH3),19763.0,421.7793827600452,0,0,1,0,0,0,0,0
2021,7(a),7.835137,44.862804,Ammonia (NH3),11680.0,500.0789327456044,0,0,1,0,0,0,0,0
2022,7(a),10.279167,45.282778,Ammonia (NH3),20715.0,416.05437469720147,0,0,1,0,0,0,0,0
2022,1(c),16.0217,39.9814,Nitrogen oxides (NOX),362241.0,365.0812502633163,0,1,0,0,0,0,0,0
2021,3(c),10.3316,45.4594,Nitrogen oxides (NOX),177461.0,432.0511865711123,0,0,0,1,0,0,0,0
2022,7(a),10.6692,45.0736,Ammonia (NH3),35560.0,382.12286736829003,0,0,1,0,0,0,0,0
2023,5(c),11.7001,44.2944,Methane (CH4),683528.1,273.67608813739787,0,0,0,0,0,0,0,1
2021,9(c),9.3333,45.5667,Hydro-fluorocarbons (HFCS),148.0,480.07797140875863,0,0,0,0,1,0,0,0
2024,5(b),11.9231,45.4083,Carbon dioxide (CO2),210806655.1,392.50982573499164,0,0,0,0,0,0,0,1
2024,3(c),8.6794,45.7794,Nitrogen oxides (NOX),553280.0,528.5578509656057,0,0,0,1,0,0,0,0
2022,1(c),18.0321,40.5638,Lead and compounds (as Pb),269.0711,486.1548254028064,0,1,0,0,0,0,0,0
2023,7(a),7.715556,44.391667,Ammonia (NH3),13480.0,476.3379166388307,0,0,1,0,0,0,0,0
2024,3(e),10.0725,44.8642,Nitrogen oxides (NOX),150670.0,383.10561906268515,0,0,0,1,0,0,0,0
2021,7(a),10.573055,44.998333,Methane (CH4),205956.0,377.573565377842,0,0,1,0,0,0,0,0
2024,2(b),15.8136,40.635,Carbon monoxide (CO),778000.0,310.9916304131043,0,0,0,0,0,0,1,0
2021,4(a),15.1973,37.167,Nitrous oxide (N2O),15650.0,575.2012058760492,1,0,0,0,0,0,0,0
2022,7(a)(ii),9.7425,45.21,Ammonia (NH3),12309.0,429.4498027026977,0,0,1,0,0,0,0,0
2021,4(a),12.2375,44.4333,Carbon dioxide (CO2),126444000.0,282.1606140496302,1,0,0,0,0,0,0,0
2021,1(a),15.1905,37.2216,Benzene,3736.5,569.3767495576742,0,1,0,0,0,0,0,0
2023,7(a),10.2813,45.1835,Ammonia (NH3),28970.0,406.1015888933383,0,0,1,0,0,0,0,0
2022,2(e),8.4079,39.2091,Cadmium and compounds (as Cd),27.0808,457.08909962129064,0,0,0,0,0,0,1,0
2024,1(c),15.2164,37.1399,Carbon dioxide (CO2),302041931.0,578.6358064271149,0,1,0,0,0,0,0,0
2022,4(b),12.25,44.45,Nitrogen oxides (NOX),816000.0,283.93915705228454,1,0,0,0,0,0,0,0
2024,5(a),9.4092,45.5814,Chlorofluorocarbons (CFCs),1.99,478.26352720300173,0,0,0,0,0,0,0,1
2024,7(a),7.7887,44.8762,Ammonia (NH3),12050.0,503.8513777621774,0,0,1,0,0,0,0,0
2024,7(a),11.876917,45.762833,Ammonia (NH3),21478.0,432.07871033366393,0,0,1,0,0,0,0,0
2022,1(a),15.219444,37.135556,Non-methane volatile organic compounds (NMVOC),197719.0,579.1857861069731,0,1,0,0,0,0,0,0
2021,1(c),18.0321,40.5638,Nickel and compounds (as Ni),184.3944,486.1548254028064,0,1,0,0,0,0,0,0
2023,7(a),11.728681,45.423627,Ammonia (NH3),11500.0,396.3331104450465,0,0,1,0,0,0,0,0
2021,1(c),18.0321,40.5638,Sulphur oxides (SOX),796963.0,486.1548254028064,0,1,0,0,0,0,0,0
2021,7(a),10.2145,45.3295,Ammonia (NH3),16525.0,422.9548821618038,0,0,1,0,0,0,0,0
2023,4(a),18.0022,40.6395,Carbon dioxide (CO2),391612230.0,481.00117134663145,1,0,0,0,0,0,0,0
2022,7(a),11.8896,43.9423,Ammonia (NH3),19959.0,232.09997055053094,0,0,1,0,0,0,0,0
2021,2(b),12.6667,42.5667,Mercury and compounds (as Hg),23.6,75.14187357873665,0,0,0,0,0,0,1,0
2021,7(a),12.709881,46.039242,Ammonia (NH3),21875.0,460.26800993100824,0,0,1,0,0,0,0,0
2021,5(d),7.809444,45.1625,Methane (CH4),350000.0,523.4100395701199,0,0,0,0,0,0,0,1
2024,1(c),7.6105,45.103,Carbon dioxide (CO2),638614000.0,530.7746030181577,0,1,0,0,0,0,0,0
2023,7(a)(ii),8.5957,45.507,Ammonia (NH3),14699.0,508.71552078254393,0,0,1,0,0,0,0,0
2022,7(a),10.3586,45.4569,Ammonia (NH3),25150.0,430.92860640314893,0,0,1,0,0,0,0,0
2024,8(b),7.8483,44.9519,Hydro-fluorocarbons (HFCS),455.0,505.6529134018682,0,0,0,0,0,0,0,0
2022,1(a),9.0113,39.0971,Copper and compounds (as Cu),232.7136,429.0677199992063,0,1,0,0,0,0,0,0
2023,5(d),10.8724,45.8891,Methane (CH4),419566.9,461.9336518217225,0,0,0,0,0,0,0,1
2024,7(a),10.7205,45.3297,Ammonia (NH3),12000.7,406.96118673057856,0,0,1,0,0,0,0,0
2021,2(b),15.8136,40.635,Hydrogen cyanide (HCN),281.4,310.9916304131043,0,0,0,0,0,0,1,0
2024,5(b),12.6345,43.9793,Carbon dioxide (CO2),103539985.0,231.1696469892817,0,0,0,0,0,0,0,1
2023,7(a),9.9667,45.2242,Ammonia (NH3),18970.0,421.7793827600452,0,0,1,0,0,0,0,0
2022,3(e),,,Nitrogen oxides (NOX),105200.0,,0,0,0,1,0,0,0,0
2021,4(a),15.1973,37.167,Nitrogen oxides (NOX),495097.0,575.2012058760492,1,0,0,0,0,0,0,0
2021,2(b),9.9469,45.1494,PCDD + PCDF (dioxins + furans) (as Teq),0.0002,415.3672054730542,0,0,0,0,0,0,1,0
2023,7(a),10.1004,45.3433,Ammonia (NH3),11896.0,428.37885013413637,0,0,1,0,0,0,0,0
2024,1(a),15.219444,37.135556,Chromium and compounds (as Cr),110.995,579.1857861069731,0,1,0,0,0,0,0,0
2024,7(a),10.3986,45.36,Ammonia (NH3),16765.0,419.82474108545364,0,0,1,0,0,0,0,0
2021,3(e),11.0928,45.1436,Sulphur oxides (SOX),404482.0,377.69529539990066,0,0,0,1,0,0,0,0
2024,7(a),11.08111,45.075833,Ammonia (NH3),15399.0,370.8217846401807,0,0,1,0,0,0,0,0
2024,7(a),9.7011,45.0869,Ammonia (NH3),20000.0,419.6958274575044,0,0,1,0,0,0,0,0
2024,7(a),9.8615,45.4224,Ammonia (NH3),41070.0,445.00704592498516,0,0,1,0,0,0,0,0
2023,4(a),12.2375,44.4333,Carbon dioxide (CO2),115645000.0,282.1606140496302,1,0,0,0,0,0,0,0
2024,4(e),9.3922,45.4247,Non-methane volatile organic compounds (NMVOC),502860.0,464.3628825440945,1,0,0,0,0,0,0,0
2021,7(a),10.4308,45.4161,Ammonia (NH3),10449.0,424.4922663320827,0,0,1,0,0,0,0,0
2023,7(a),7.5476,44.5575,Ammonia (NH3),23920.0,497.7321896626864,0,0,1,0,0,0,0,0
2024,3(a),15.8972,40.3136,Nitrous oxide (N2O),30188.4,335.23428566249964,0,0,0,1,0,0,0,0
2021,7(a),11.0014,44.9542,Ammonia (NH3),27310.0,360.119946404735,0,0,1,0,0,0,0,0
2024,7(a),12.8283,46.1106,Ammonia (NH3),18900.0,468.6371041128512,0,0,1,0,0,0,0,0
2022,7(a),9.921944,45.417222,Ammonia (NH3),10240.0,442.21043334656474,0,0,1,0,0,0,0,0
2022,7(a),9.9275,45.2317,Ammonia (NH3),27840.0,424.0341762412437,0,0,1,0,0,0,0,0
2021,7(a),9.7364,45.2351,Ammonia (NH3),30706.0,432.06991799589383,0,0,1,0,0,0,0,0
2023,7(a),13.3143,46.1156,Ammonia (NH3),13040.0,472.9790214988363,0,0,1,0,0,0,0,0
2022,4(e),9.3747,45.4044,Hydro-fluorocarbons (HFCS),1013.0,463.2452754182313,1,0,0,0,0,0,0,0
2023,7(a),9.7061,45.1912,Ammonia (NH3),14541.0,429.20767398263763,0,0,1,0,0,0,0,0
2022,3(e),11.1286,46.2311,Nitrogen oxides (NOX),122300.0,493.513944710732,0,0,0,1,0,0,0,0
2024,5(d),12.750417,46.0153,Methane (CH4),167050.9,457.74018094715643,0,0,0,0,0,0,0,1
2024,3(c),11.966666,45.877777,Carbon dioxide (CO2),336475000.0,444.0279993253838,0,0,0,1,0,0,0,0
2023,4(a),8.375939,40.831425,Chlorofluorocarbons (CFCs),4.477,363.86151585055524,1,0,0,0,0,0,0,0
2024,2(b),10.2269,45.5333,Nitrogen oxides (NOX),102973.0,442.934350852115,0,0,0,0,0,0,1,0
2021,7(a),10.2969,44.7048,Ammonia (NH3),17309.0,358.7862520818119,0,0,1,0,0,0,0,0
2023,7(a)(iii),8.8255,45.0627,Ammonia (NH3),10982.0,459.43287662480066,0,0,1,0,0,0,0,0
2023,2(b),17.1999,40.5167,Non-methane volatile organic compounds (NMVOC),526430.0,422.49503361756746,0,0,0,0,0,0,1,0
2023,3(c),7.4175,44.3911,Carbon dioxide (CO2),110431000.0,496.16964148283375,0,0,0,1,0,0,0,0
2023,7(a),11.432194,45.728583,Ammonia (NH3),24129.0,433.8804540350825,0,0,1,0,0,0,0,0
2021,7(a),10.7131,44.9178,Ammonia (NH3),14652.0,364.8651559970455,0,0,1,0,0,0,0,0
2024,4(a),12.2363,45.4438,Hydrochlorofluorocarbons (HCFCs),1.0,394.29587462725914,1,0,0,0,0,0,0,0
2022,7(a),12.1286,44.1903,Ammonia (NH3),11020.0,256.10749036609167,0,0,1,0,0,0,0,0
2021,2(e),8.4079,39.2091,Nitrogen oxides (NOX),125879.2,457.08909962129064,0,0,0,0,0,0,1,0
2024,7(a),10.286971,45.117336,Ammonia (NH3),11467.0,399.3472344522974,0,0,1,0,0,0,0,0
2024,7(a),10.1633,45.3314,Ammonia (NH3),24890.0,424.9472056124557,0,0,1,0,0,0,0,0
2023,8(c),9.0683,45.3311,Hydro-fluorocarbons (HFCS),741.0,470.51384022615565,0,0,0,0,0,0,0,0
2024,7(a),12.1026,44.0773,Ammonia (NH3),15953.0,243.90472490673287,0,0,1,0,0,0,0,0
2021,7(a),15.3515,41.3721,Ammonia (NH3),24700.0,244.48258469190336,0,0,1,0,0,0,0,0
2022,7(a),9.968889,45.555556,Ammonia (NH3),43810.0,454.0503975113994,0,0,1,0,0,0,0,0
2024,7(a),10.5289,44.9625,Ammonia (NH3),33011.0,375.45784981561826,0,0,1,0,0,0,0,0
2022,1(c),11.7586,42.1275,Chromium and compounds (as Cr),312.4076,65.87472663400173,0,1,0,0,0,0,0,0
2022,1(c),17.9919,40.6411,Nitrous oxide (N2O),40730.0,480.12109605671674,0,1,0,0,0,0,0,0
2022,7(a),7.679559,44.812287,Ammonia (NH3),14785.0,506.12321785393465,0,0,1,0,0,0,0,0
2023,4(e),9.0447,45.6078,Dichloromethane (DCM),3019.27,496.4559224391397,1,0,0,0,0,0,0,0
2024,7(a),15.914167,41.445248,Ammonia (NH3),32694.0,288.368269334686,0,0,1,0,0,0,0,0
2023,7(a)(ii),9.868611,45.17,Ammonia (NH3),57720.0,420.48152499886464,0,0,1,0,0,0,0,0
2021,7(a),10.9795,45.2133,Ammonia (NH3),12023.0,387.85366050737025,0,0,1,0,0,0,0,0
2022,7(a),10.0506,45.0964,Ammonia (NH3),36380.0,406.17945503669534,0,0,1,0,0,0,0,0
2022,7(a),12.3957,43.1373,Methane (CH4),122200.0,137.51796750832895,0,0,1,0,0,0,0,0
2023,1(a),9.0113,39.0971,Sulphur oxides (SOX),2636934.3,429.0677199992063,0,1,0,0,0,0,0,0
2024,6(b),11.05,45.0667,Nitrogen oxides (NOX),236170.0,370.6401970890199,0,0,0,0,0,1,0,0
2021,1(a),8.8768,45.0997,Copper and compounds (as Cu),122.09,459.8924322368035,0,1,0,0,0,0,0,0
2021,4(a),,,Chlorofluorocarbons (CFCs),41.0,,1,0,0,0,0,0,0,0
2022,1(c),12.2003,42.9946,Carbon dioxide (CO2),248824000.0,123.80937782008826,0,1,0,0,0,0,0,0
2022,3(c),,,Carbon dioxide (CO2),348628000.0,,0,0,0,1,0,0,0,0
2023,7(a),9.966944,45.443333,Ammonia (NH3),23520.0,443.08539861505756,0,0,1,0,0,0,0,0
2022,1(a),9.0113,39.0971,Sulphur oxides (SOX),2877746.0,429.0677199992063,0,1,0,0,0,0,0,0
2022,3(c),9.7186,45.0497,Mercury and compounds (as Hg),17.789,415.4886311061949,0,0,0,1,0,0,0,0
2021,7(a),12.0779,44.8416,Ammonia (NH3),165764.0,328.524369951749,0,0,1,0,0,0,0,0
2023,1(a),15.1825,37.1791,Carbon dioxide (CO2),496580000.0,573.451982183205,0,1,0,0,0,0,0,0
2023,3(c),9.4667,45.6847,Carbon dioxide (CO2),722839000.0,485.68689503915584,0,0,0,1,0,0,0,0
2024,1(d),8.2897,44.3808,Carbon dioxide (CO2),126602000.0,438.54873299619953,0,1,0,0,0,0,0,0
2023,3(e),7.5908,44.3867,Sulphur oxides (SOX),197560.0,484.3039076585716,0,0,0,1,0,0,0,0
2024,1(c),9.4359,45.3345,Nitrogen oxides (NOX),338010.0,454.1275854590648,0,1,0,0,0,0,0,0
2022,1(c),18.0321,40.5638,Chromium and compounds (as Cr),306.4988,486.1548254028064,0,1,0,0,0,0,0,0
2024,7(a),10.5783,44.9408,Ammonia (NH3),18150.0,371.6061310645395,0,0,1,0,0,0,0,0
2023,1(a),15.219444,37.135556,Hydro-fluorocarbons (HFCS),260.0,579.1857861069731,0,1,0,0,0,0,0,0
2023,8(b),10.9497,45.3595,Hydro-fluorocarbons (HFCS),124.0,404.0003247731464,0,0,0,0,0,0,0,0
2021,1(c),12.2661,44.4844,Sulphur hexafluoride (SF6),67.0,287.6669114626911,0,1,0,0,0,0,0,0
2023,3(e),12.0833,42.9667,Nitrogen oxides (NOX),300555.0,123.06167547132851,0,0,0,1,0,0,0,0
2022,1(c),18.0321,40.5638,Fluorine and inorganic compounds (as HF),31185.8111,486.1548254028064,0,1,0,0,0,0,0,0
2021,7(a),11.9144,44.5604,Ammonia (NH3),11553.0,299.2472027956366,0,0,1,0,0,0,0,0
2022,1(c),14.2297,41.0088,Carbon dioxide (CO2),338269000.0,175.34271516200758,0,1,0,0,0,0,0,0
2022,7(a),10.7467,45.2418,Ammonia (NH3),37787.0,397.10992461724027,0,0,1,0,0,0,0,0
2023,5(d),17.4758,40.4881,Methane (CH4),369500.0,445.2515291620903,0,0,0,0,0,0,0,1
2024,3(c),13.2503,38.190833,Carbon dioxide (CO2),203202000.0,417.7054329667705,0,0,0,1,0,0,0,0
2021,7(a),11.9686,45.0014,Ammonia (NH3),13146.0,347.1703986282376,0,0,1,0,0,0,0,0
2022,7(a),10.9119,45.0928,Ammonia (NH3),23399.0,377.01330693781745,0,0,1,0,0,0,0,0
2024,7(a),10.702778,44.475556,Ammonia (NH3),18861.0,320.89145800535647,0,0,1,0,0,0,0,0
2022,3(c),,,Nitrous oxide (N2O),10800.0,,0,0,0,1,0,0,0,0
2023,1(a),13.3813,43.6395,Non-methane volatile organic compounds (NMVOC),145300.0,206.17477195412638,0,1,0,0,0,0,0,0
2023,7(a)(i),13.1783,45.7925,Ammonia (NH3),29288.0,435.9530064230601,0,0,1,0,0,0,0,0
2022,1(c),18.0321,40.5638,Mercury and compounds (as Hg),38.2455,486.1548254028064,0,1,0,0,0,0,0,0
2024,7(a),10.1367,45.1158,Ammonia (NH3),18240.0,404.7438407430821,0,0,1,0,0,0,0,0
2023,3(e),11.0928,45.1436,Nitrogen oxides (NOX),872254.0,377.69529539990066,0,0,0,1,0,0,0,0
2024,1(a),8.7858,45.4372,Non-methane volatile organic compounds (NMVOC),356598.6,493.3600021474541,0,1,0,0,0,0,0,0
2022,7(a),12.2114,43.1667,Ammonia (NH3),18859.0,142.46582393109662,0,0,1,0,0,0,0,0
2023,7(a),7.5761,44.6911,Ammonia (NH3),16409.0,504.505038952982,0,0,1,0,0,0,0,0
2024,1(c),14.441111,37.5425,Nitrogen oxides (NOX),122873.5,512.5366645240119,0,1,0,0,0,0,0,0
2022,9(c),13.4258,41.9964,Hydro-fluorocarbons (HFCS),374.0,77.56184590909317,0,0,0,0,1,0,0,0
2023,7(a),10.2969,44.7048,Ammonia (NH3),14662.0,358.7862520818119,0,0,1,0,0,0,0,0
2023,7(a),10.5108,45.235,Ammonia (NH3),29340.0,403.5476644593004,0,0,1,0,0,0,0,0
2021,1(a),13.3813,43.6395,Nitrogen oxides (NOX),303000.0,206.17477195412638,0,1,0,0,0,0,0,0
2021,1(c),7.5678,44.4378,Carbon dioxide (CO2),158809000.0,488.94879021109034,0,1,0,0,0,0,0,0
2022,7(a),9.6831,45.3286,Ammonia (NH3),24642.0,443.1028237477304,0,0,1,0,0,0,0,0
2022,7(a),12.7703,46.0653,Ammonia (NH3),43256.0,463.3665099207542,0,0,1,0,0,0,0,0
2021,3(e),8.3269,44.3328,Nitrogen oxides (NOX),124020.7,432.96114215749304,0,0,0,1,0,0,0,0
2021,1(c),8.739,45.5212,Carbon monoxide (CO),819094.0,502.9487066098593,0,1,0,0,0,0,0,0
2021,7(a),12.7097,46.0478,Methane (CH4),130266.0,461.21837966978154,0,0,1,0,0,0,0,0
2024,2(b),9.5969,45.6425,Carbon dioxide (CO2),387626894.0,476.48876713324137,0,0,0,0,0,0,1,0
2022,1(a),9.0113,39.0971,Zinc and compounds (as Zn),325.3168,429.0677199992063,0,1,0,0,0,0,0,0
2024,1(c),16.6566,38.875,Carbon monoxide (CO),555350.0,487.2165784775803,0,1,0,0,0,0,0,0
2022,8(b),11.3028,45.0292,Particulate matter (PM10),50524.0,360.72672194530134,0,0,0,0,0,0,0,0
2022,7(a),12.0465,44.3015,Ammonia (NH3),16630.0,269.21136669366126,0,0,1,0,0,0,0,0
2024,4(e),9.3585,45.5945,Dichloromethane (DCM),260769.0,481.61083842064687,1,0,0,0,0,0,0,0
2021,2(c),11.039625,45.207328,Nitrous oxide (N2O),16200.0,385.7249758339764,0,0,0,0,0,0,1,0
2023,7(a),9.8467,45.235,Ammonia (NH3),43060.0,427.56048759605676,0,0,1,0,0,0,0,0
2021,3(c),,,Nitrogen oxides (NOX),885600.0,,0,0,0,1,0,0,0,0
2023,7(a),11.2732,45.074,Ammonia (NH3),28410.0,366.15589412172045,0,0,1,0,0,0,0,0
2021,1(a),10.3365,43.5872,Non-methane volatile organic compounds (NMVOC),300986.0,257.2528399694245,0,1,0,0,0,0,0,0
2024,3(c),10.3444,45.5153,Carbon dioxide (CO2),707551000.0,437.306929605887,0,0,0,1,0,0,0,0
2024,7(a),11.3572,45.0995,Ammonia (NH3),10590.0,367.1293258633771,0,0,1,0,0,0,0,0
2021,7(a)(i),12.2792,45.566,Ammonia (NH3),12453.0,407.7024183166868,0,0,1,0,0,0,0,0
2021,7(a),10.1019,45.0048,Ammonia (NH3),11685.0,395.34354005536096,0,0,1,0,0,0,0,0
2022,7(a),8.9311,45.4658,Ammonia (NH3),157544.0,488.9216189799064,0,0,1,0,0,0,0,0
2022,7(a),11.0281,44.9886,Ammonia (NH3),15950.0,363.0054808715968,0,0,1,0,0,0,0,0
2021,7(a),7.4879,44.8941,Ammonia (NH3),10330.0,523.6345096461334,0,0,1,0,0,0,0,0
2023,7(a),9.978333,44.953611,Ammonia (NH3),12173.0,395.46121297512906,0,0,1,0,0,0,0,0
2022,2(b),17.1999,40.5167,Naphthalene,221.21,422.49503361756746,0,0,0,0,0,0,1,0
2024,2(b),12.6667,42.5667,Mercury and compounds (as Hg),53.5,75.14187357873665,0,0,0,0,0,0,1,0
2024,7(a),7.841944,44.813333,Ammonia (NH3),11144.0,496.17923814475057,0,0,1,0,0,0,0,0
2022,7(a),9.9859,45.4303,Ammonia (NH3),24704.0,441.10970206560324,0,0,1,0,0,0,0,0
2024,7(a),9.786667,45.4725,Ammonia (NH3),12516.0,452.7316675999643,0,0,1,0,0,0,0,0
2021,7(a),10.137634,45.313273,Ammonia (NH3),11753.0,424.0731248099992,0,0,1,0,0,0,0,0
2024,3(c),16.4489,38.9141,Nitrogen oxides (NOX),258200.0,471.52423078778224,0,0,0,1,0,0,0,0
2022,9(c),14.2753,40.9378,Non-methane volatile organic compounds (NMVOC),532100.0,183.0654843889624,0,0,0,0,1,0,0,0
2024,1(a),8.7858,45.4372,Benzene,3273.4745,493.3600021474541,0,1,0,0,0,0,0,0
2021,7(a),10.6066,45.3474,Ammonia (NH3),19400.0,412.0882655073563,0,0,1,0,0,0,0,0
2023,7(a),10.879492,45.229942,Ammonia (NH3),20581.0,392.2042619421258,0,0,1,0,0,0,0,0
2021,7(a),11.8899,44.6232,Ammonia (NH3),26850.0,306.4526368397821,0,0,1,0,0,0,0,0
2023,7(a),11.876917,45.762833,Ammonia (NH3),25965.0,432.07871033366393,0,0,1,0,0,0,0,0
2021,3(e),11.1619,45.4211,Nitrogen oxides (NOX),320000.0,405.66099670163334,0,0,0,1,0,0,0,0
2022,3(c),15.180555,37.194444,Benzene,1058.4,571.8128643506107,0,0,0,1,0,0,0,0
2022,7(a),12.0511,44.4681,Ammonia (NH3),15990.0,287.5226761084846,0,0,1,0,0,0,0,0
2021,4(a),18.0022,40.6395,Benzene,2428.83,481.00117134663145,1,0,0,0,0,0,0,0
2021,2(b),12.6667,42.5667,Chromium and compounds (as Cr),176.0,75.14187357873665,0,0,0,0,0,0,1,0
2024,8(c),10.918,44.732,Hydro-fluorocarbons (HFCS),217.0,339.5024377552208,0,0,0,0,0,0,0,0
2021,1(c),11.1387,45.0593,Carbon monoxide (CO),776628.0,367.66839201636236,0,1,0,0,0,0,0,0
2023,5(d),11.4875,44.7325,Methane (CH4),433365.0,325.0546245199025,0,0,0,0,0,0,0,1
2023,1(c),7.7516,45.1622,Nitrogen oxides (NOX),197975.0,526.7586534673983,0,1,0,0,0,0,0,0
2023,7(a),7.5942,44.4036,Ammonia (NH3),19885.0,485.1058054678555,0,0,1,0,0,0,0,0
2024,7(a),7.8717,44.6757,Ammonia (NH3),10707.0,484.8166233348727,0,0,1,0,0,0,0,0
2024,3(c),16.6569,40.6753,Carbon monoxide (CO),515921.4,373.3984326170081,0,0,0,1,0,0,0,0
2024,6(b),13.0739,46.2325,Lead and compounds (as Pb),231.55,483.64256280003474,0,0,0,0,0,1,0,0
2023,5(d),17.670556,40.428333,Methane (CH4),1301275.0,463.0183261587223,0,0,0,0,0,0,0,1
2021,7(a),10.8008,44.9797,Ammonia (NH3),11480.0,368.48369206998126,0,0,1,0,0,0,0,0
2021,2(b),17.1999,40.5167,Non-methane volatile organic compounds (NMVOC),103170.0,422.49503361756746,0,0,0,0,0,0,1,0
2021,7(a)(i),7.3541,44.4521,Ammonia (NH3),10688.0,504.0487618074092,0,0,1,0,0,0,0,0
2024,2(b),10.2158,45.4875,Carbon monoxide (CO),752778.0,438.6997601875964,0,0,0,0,0,0,1,0
2023,1(a),15.219444,37.135556,Zinc and compounds (as Zn),2085.757,579.1857861069731,0,1,0,0,0,0,0,0
2022,3(c),9.024167,39.469722,Carbon dioxide (CO2),207554000.0,398.5698826322054,0,0,0,1,0,0,0,0
2021,3(e),12.2592,45.4644,Nitrogen oxides (NOX),682040.0,396.4903506366455,0,0,0,1,0,0,0,0
2024,7(a),10.9375,45.2319,Ammonia (NH3),11750.0,390.88393961760613,0,0,1,0,0,0,0,0
2022,3(c),9.4667,45.6847,Ammonia (NH3),17510.0,485.68689503915584,0,0,0,1,0,0,0,0
2024,7(a),11.89402,44.60484,Ammonia (NH3),25313.0,304.3852545470102,0,0,1,0,0,0,0,0
2023,2(e),9.8839,45.8656,Mercury and compounds (as Hg),25.45,487.7848023077205,0,0,0,0,0,0,1,0
2024,3(e),12.0833,42.9667,Nitrogen oxides (NOX),356630.0,123.06167547132851,0,0,0,1,0,0,0,0
2022,1(c),11.2511,45.0297,Carbon dioxide (CO2),761288100.0,361.9154505330853,0,1,0,0,0,0,0,0
2024,9(c),9.3333,45.5667,Hydro-fluorocarbons (HFCS),177.0,480.07797140875863,0,0,0,0,1,0,0,0
2022,1(c),11.5833,44.8499,Nitrogen oxides (NOX),264165.6,335.9030476325577,0,1,0,0,0,0,0,0
2024,3(c),9.7186,45.0497,Sulphur oxides (SOX),193060.0,415.4886311061949,0,0,0,1,0,0,0,0
2024,7(a),10.5275,45.2553,Ammonia (NH3),32635.0,405.08217932930353,0,0,1,0,0,0,0,0
2021,5(d),10.8039,43.5667,Methane (CH4),1189400.0,230.94139994534785,0,0,0,0,0,0,0,1
2024,3(c),9.4667,45.6847,Ammonia (NH3),22440.3,485.68689503915584,0,0,0,1,0,0,0,0
2024,7(a),12.427167,45.895611,Ammonia (NH3),10075.0,444.0149251284294,0,0,1,0,0,0,0,0
2023,1(c),10.4494,43.3822,Carbon dioxide (CO2),675566700.0,234.7079187361305,0,1,0,0,0,0,0,0
2022,7(a),12.5803,46.0297,Ammonia (NH3),23927.0,458.93938622243024,0,0,1,0,0,0,0,0
2023,5(d),12.7903,43.9042,Methane (CH4),190000.0,223.82882453110514,0,0,0,0,0,0,0,1
2024,7(a),10.9472,45.1469,Ammonia (NH3),14619.0,381.7189715643206,0,0,1,0,0,0,0,0
2022,3(e),9.6395,45.5201,Ammonia (NH3),26204.0,463.0780622267851,0,0,0,1,0,0,0,0
2021,7(a)(ii),12.3494,42.9883,Ammonia (NH3),10398.0,121.30319945325682,0,0,1,0,0,0,0,0
2022,7(a),9.8467,45.235,Ammonia (NH3),59000.0,427.56048759605676,0,0,1,0,0,0,0,0
2024,2(b),10.459167,45.4625,Zinc and compounds (as Zn),635.6671,428.34294478117357,0,0,0,0,0,0,1,0
2024,7(a),15.672375,41.167683,Ammonia (NH3),7.422288,276.68076729342255,0,0,1,0,0,0,0,0
2022,1(c),9.6491,45.2219,Carbon dioxide (CO2),1024162035.8,434.4931203224939,0,1,0,0,0,0,0,0
2022,7(a)(ii),9.8925,45.2036,Ammonia (NH3),10042.0,422.7253223266113,0,0,1,0,0,0,0,0
2023,7(a),11.4296,45.2875,Ammonia (NH3),12503.0,386.03163986552266,0,0,1,0,0,0,0,0
2024,3(c),15.180555,37.194444,Nitrous oxide (N2O),10766.1,571.8128643506107,0,0,0,1,0,0,0,0
2021,7(a),10.2192,45.3619,Ammonia (NH3),20450.0,426.0185285792725,0,0,1,0,0,0,0,0
2022,7(a),12.049167,44.788333,Ammonia (NH3),12630.0,322.88677316385844,0,0,1,0,0,0,0,0
2021,7(a),10.1533,45.1294,Ammonia (NH3),20375.0,405.4441030701432,0,0,1,0,0,0,0,0
2023,2(b),11.95,45.3833,Nitrogen oxides (NOX),240370.0,389.5005263497925,0,0,0,0,0,0,1,0
2024,7(a),13.6737,43.0631,Ammonia (NH3),10180.0,161.13761668232092,0,0,1,0,0,0,0,0
2021,7(a),12.0453,45.5939,Ammonia (NH3),25270.0,412.0259065778375,0,0,1,0,0,0,0,0
2022,7(a),7.8372,44.5303,Ammonia (NH3),21975.0,477.2678823051672,0,0,1,0,0,0,0,0
2022,8(c),10.918,44.732,Hydro-fluorocarbons (HFCS),105.0,339.5024377552208,0,0,0,0,0,0,0,0
2023,1(a),8.8768,45.0997,Arsenic and compounds (as As),54.0,459.8924322368035,0,1,0,0,0,0,0,0
2023,3(e),15.938142,41.6503009,Nitrogen oxides (NOX),167851.0,286.75917685947906,0,0,0,1,0,0,0,0
2021,7(a),10.6092,45.0825,Ammonia (NH3),52720.0,384.9183468340593,0,0,1,0,0,0,0,0
2021,7(a),13.29075,46.104806,Ammonia (NH3),14524.0,471.53415372095014,0,0,1,0,0,0,0,0
2022,4(e),9.3747,45.4044,Dichloromethane (DCM),120040.0,463.2452754182313,1,0,0,0,0,0,0,0
2022,7(a),9.8353,45.4525,Methane (CH4),102080.0,448.92643101605097,0,0,1,0,0,0,0,0
2023,1(c),15.2022,37.1291,Sulphur oxides (SOX),501700.0,579.2538732559473,0,1,0,0,0,0,0,0
2022,3(a),15.8972,40.3136,Carbon dioxide (CO2),715855800.0,335.23428566249964,0,0,0,1,0,0,0,0
2023,7(a),10.9375,44.9931,Ammonia (NH3),19144.0,365.9251179103965,0,0,1,0,0,0,0,0
2022,3(e),16.9167,40.7833,Nitrogen oxides (NOX),244020.0,389.3882150482699,0,0,0,1,0,0,0,0
2023,7(a),10.132222,45.066944,Ammonia (NH3),40080.0,400.1665381890098,0,0,1,0,0,0,0,0
2024,7(a),9.7275,45.1633,Ammonia (NH3),11816.0,425.6902437035862,0,0,1,0,0,0,0,0
2022,7(a),10.9855,45.2338,Ammonia (NH3),18028.0,389.85997983874546,0,0,1,0,0,0,0,0
2024,7(a),9.8467,45.235,Methane (CH4),143830.0,427.56048759605676,0,0,1,0,0,0,0,0
2021,3(c),11.8367,43.6581,Ammonia (NH3),32700.0,202.46809270796382,0,0,0,1,0,0,0,0
2022,1(a),9.0113,39.0971,Chromium and compounds (as Cr),117.9012,429.0677199992063,0,1,0,0,0,0,0,0
2024,7(a),7.6739,44.7775,Ammonia (NH3),54500.0,504.1021213295117,0,0,1,0,0,0,0,0
2023,7(a),10.3675,45.3131,Ammonia (NH3),10197.0,416.10655052091795,0,0,1,0,0,0,0,0
2021,3(c),9.7186,45.0497,Mercury and compounds (as Hg),11.364,415.4886311061949,0,0,0,1,0,0,0,0
2021,7(a),13.0221,45.8341,Ammonia (NH3),21846.0,439.16426523421075,0,0,1,0,0,0,0,0
2022,7(a),11.728681,45.423627,Ammonia (NH3),22444.0,396.3331104450465,0,0,1,0,0,0,0,0
2022,7(a),10.5103,45.2108,Ammonia (NH3),24554.0,401.10773759126573,0,0,1,0,0,0,0,0
2023,7(a),11.6324,45.1339,Ammonia (NH3),22380.0,365.9675173297671,0,0,1,0,0,0,0,0
2023,1(c),8.8666,45.1002,Carbon dioxide (CO2),2206461000.0,460.4565851575858,0,1,0,0,0,0,0,0
2021,5(b),12.0883,44.2331,Carbon dioxide (CO2),144055000.0,261.22852833788755,0,0,0,0,0,0,0,1
2023,7(a),9.3158,45.1786,Ammonia (NH3),17072.0,445.3422523845748,0,0,1,0,0,0,0,0
2021,7(a),12.6429,42.763483,Ammonia (NH3),27900.0,96.45819290976303,0,0,1,0,0,0,0,0
2022,7(a),10.0181,45.44,Ammonia (NH3),20268.0,440.88599281539393,0,0,1,0,0,0,0,0
2023,7(a),12.2103,44.0025,Ammonia (NH3),53986.0,234.63371488009653,0,0,1,0,0,0,0,0
2024,5(f),10.178611,45.515,Nitrous oxide (N2O),22127.0,442.70964107658654,0,0,0,0,0,0,0,1
2024,4(e),9.7981,45.68,Non-methane volatile organic compounds (NMVOC),263656.0,472.48931598030384,1,0,0,0,0,0,0,0
2024,7(a),10.80375,45.238722,Ammonia (NH3),13180.0,395.1836422801964,0,0,1,0,0,0,0,0
2023,1(a),8.7858,45.4372,Nitrogen oxides (NOX),1094269.3,493.3600021474541,0,1,0,0,0,0,0,0
2021,7(a),8.114644,44.66503,Ammonia (NH3),17494.0,469.06569323309475,0,0,1,0,0,0,0,0
2021,3(c),16.2892,41.3167,Mercury and compounds (as Hg),13.28,321.96370092329715,0,0,0,1,0,0,0,0
2022,7(a),10.1211,45.1994,Ammonia (NH3),22200.0,413.4893047679818,0,0,1,0,0,0,0,0
2024,4(a),9.6875,45.1492,"1,2-dichloroethane (DCE-1,2)",1642.0,426.07325387772653,1,0,0,0,0,0,0,0
2024,7(a),12.1514,42.5894,Ammonia (NH3),12800.0,81.45674220288484,0,0,1,0,0,0,0,0
2022,7(a),9.971667,45.023889,Ammonia (NH3),12652.0,402.3948130554078,0,0,1,0,0,0,0,0
2023,4(b),10.4739,43.4089,Hydrochlorofluorocarbons (HCFCs),77.24,235.36059793219042,1,0,0,0,0,0,0,0
2021,7(a),9.8744,45.6147,Ammonia (NH3),16869.0,463.2910730187746,0,0,1,0,0,0,0,0
2022,7(a),7.7103,44.4975,Ammonia (NH3),13745.0,483.33412259197064,0,0,1,0,0,0,0,0
2021,7(a),10.1908,45.485,Ammonia (NH3),36880.0,439.29207532240514,0,0,1,0,0,0,0,0
2023,1(c),8.8666,45.1002,Nickel and compounds (as Ni),626.2,460.4565851575858,0,1,0,0,0,0,0,0
2024,7(a),11.898772,44.718303,Ammonia (NH3),10648.0,316.7791373103209,0,0,1,0,0,0,0,0
2023,7(a),9.3197,45.3129,Ammonia (NH3),12624.0,457.29560943944966,0,0,1,0,0,0,0,0
2023,7(a),9.7856,45.2793,Ammonia (NH3),12649.0,434.24587552129725,0,0,1,0,0,0,0,0
2021,9(a),9.4794,45.7025,Tetrachloroethylene,3049.12,486.87593310348,0,0,0,0,1,0,0,0
2023,2(a),15.034444,37.446111,Zinc and compounds (as Zn),712.27,541.0071188998154,0,0,0,0,0,0,1,0
2022,1(c),9.4794,45.0899,Nitrogen oxides (NOX),518733.0,429.82876504034436,0,1,0,0,0,0,0,0
2022,2(b),11.5083,45.5194,Zinc and compounds (as Zn),1853.3554,409.9050166276053,0,0,0,0,0,0,1,0
2023,3(e),13.6954,42.5921,Nitrogen oxides (NOX),119650.0,124.95691064289989,0,0,0,1,0,0,0,0
2024,7(a),9.5927,45.2422,Ammonia (NH3),39180.0,438.79331530959837,0,0,1,0,0,0,0,0
2023,1(c),15.7796,40.2672,Methane (CH4),166977.0,329.80239954425923,0,1,0,0,0,0,0,0
2023,6(b),11.05,45.0667,Zinc and compounds (as Zn),998.3,370.6401970890199,0,0,0,0,0,1,0,0
2021,5(b),11.8675,44.3089,Zinc and compounds (as Zn),1538.76,272.37145139395545,0,0,0,0,0,0,0,1
2023,7(a),10.188695,45.287259,Ammonia (NH3),13531.0,419.67282265662976,0,0,1,0,0,0,0,0
2023,7(a),11.0124,44.8648,Ammonia (NH3),12768.0,350.49650134211697,0,0,1,0,0,0,0,0
2024,7(a),8.738886,39.572967,Ammonia (NH3),15632.0,408.99700859868875,0,0,1,0,0,0,0,0
2023,4(e),9.3922,45.4247,Non-methane volatile organic compounds (NMVOC),381110.0,464.3628825440945,1,0,0,0,0,0,0,0
2023,4(b),11.5921,44.856,Ammonia (NH3),41060.0,336.40887356733657,1,0,0,0,0,0,0,0
2024,7(a),10.5103,45.2108,Ammonia (NH3),20944.0,401.10773759126573,0,0,1,0,0,0,0,0
2022,1(c),17.2878,40.951,Nitrogen oxides (NOX),323984.0,413.19609429625575,0,1,0,0,0,0,0,0
2021,2(b),17.1999,40.5167,Naphthalene,1154.32,422.49503361756746,0,0,0,0,0,0,1,0
2022,1(c),14.2297,41.0088,Nitrogen oxides (NOX),109500.0,175.34271516200758,0,1,0,0,0,0,0,0
2021,4(b),12.2333,44.4333,Carbon monoxide (CO),2300368.0,282.1861503637189,1,0,0,0,0,0,0,0
2022,7(a),10.276667,45.269722,Ammonia (NH3),17617.0,414.838715260458,0,0,1,0,0,0,0,0
2023,7(a),10.6515,45.1018,Ammonia (NH3),16912.0,385.55249032410495,0,0,1,0,0,0,0,0
2021,1(c),12.4432,42.3621,Methane (CH4),362240.0,51.25989552939951,0,1,0,0,0,0,0,0
2021,7(a),9.2717,45.1892,Ammonia (NH3),47690.0,448.3417808084118,0,0,1,0,0,0,0,0
2022,2(b),13.2534,46.0067,Cadmium and compounds (as Cd),20.54,460.33206608834774,0,0,0,0,0,0,1,0
2023,7(a),10.8061,44.5785,Ammonia (NH3),15180.0,327.49776921019975,0,0,1,0,0,0,0,0
2022,7(a),9.880917,44.995472,Ammonia (NH3),20439.0,403.47887720675874,0,0,1,0,0,0,0,0
2021,2(b),17.1999,40.5167,Cadmium and compounds (as Cd),32.18,422.49503361756746,0,0,0,0,0,0,1,0
2021,7(a),7.6753,44.7019,Ammonia (NH3),21943.0,498.9214971192758,0,0,1,0,0,0,0,0
2021,7(a),11.1344,45.1567,Ammonia (NH3),28923.0,378.09503630483783,0,0,1,0,0,0,0,0
2024,7(a),10.1533,45.1294,Ammonia (NH3),17194.0,405.4441030701432,0,0,1,0,0,0,0,0
2023,1(c),11.5001,44.6,Methane (CH4),211639.0,310.5725771825175,0,1,0,0,0,0,0,0
2024,1(c),11.9005,44.8,Methane (CH4),125578.0,325.7343389661802,0,1,0,0,0,0,0,0
2023,7(a),7.8929,44.9578,Ammonia (NH3),13782.0,503.4174089559602,0,0,1,0,0,0,0,0
2022,7(a),10.898994,44.985167,Ammonia (NH3),25938.0,366.1820399649486,0,0,1,0,0,0,0,0
2021,7(a),7.6281,44.7789,Ammonia (NH3),24328.0,507.0638095697618,0,0,1,0,0,0,0,0
2023,7(a),11.7684,44.4463,Ammonia (NH3),33178.0,288.91617219522266,0,0,1,0,0,0,0,0
2022,1(a),15.2723,38.2027,Sulphur oxides (SOX),2819600.0,474.37811556178303,0,1,0,0,0,0,0,0
2022,7(a),10.2625,45.3533,Ammonia (NH3),43167.0,423.67236642882324,0,0,1,0,0,0,0,0
2022,1(c),15.1825,37.1791,Nitrous oxide (N2O),26499.0,573.451982183205,0,1,0,0,0,0,0,0
2021,1(c),14.5638,42.0497,Carbon dioxide (CO2),886581000.0,171.6756980077843,0,1,0,0,0,0,0,0
2021,7(a),9.422,45.3353,Ammonia (NH3),19221.0,454.80849440571166,0,0,1,0,0,0,0,0
2022,7(a),10.6758,44.8297,Ammonia (NH3),19254.0,357.15954829832845,0,0,1,0,0,0,0,0
2021,7(a),11.548056,45.012569,Ammonia (NH3),12044.0,354.1537315966609,0,0,1,0,0,0,0,0
2021,5(d),10.4742,43.463,Methane (CH4),734970.0,239.6108764644126,0,0,0,0,0,0,0,1
2022,1(c),15.1825,37.1791,Nitrogen oxides (NOX),368618.0,573.451982183205,0,1,0,0,0,0,0,0
2022,3(e),10.8997,43.7139,Arsenic and compounds (as As),28.9518,239.8251737876945,0,0,0,1,0,0,0,0
2023,7(a),7.6364,44.7573,Ammonia (NH3),22525.0,505.08676287935947,0,0,1,0,0,0,0,0
2023,1(c),15.2022,37.1291,Arsenic and compounds (as As),36.9,579.2538732559473,0,1,0,0,0,0,0,0
2022,7(a),10.5783,44.9408,Ammonia (NH3),26570.0,371.6061310645395,0,0,1,0,0,0,0,0
2022,7(a),10.1753,45.3947,Ammonia (NH3),24400.0,430.8094953246309,0,0,1,0,0,0,0,0
2021,7(a),7.8897,44.8978,Ammonia (NH3),19710.0,499.27418194668877,0,0,1,0,0,0,0,0
2022,2(e),8.4079,39.2091,Carbon dioxide (CO2),235415000.0,457.08909962129064,0,0,0,0,0,0,1,0
2021,1(c),18.0321,40.5638,Cadmium and compounds (as Cd),44.3828,486.1548254028064,0,1,0,0,0,0,0,0
2022,7(a)(ii),9.7692,45.4258,Ammonia (NH3),20608.0,448.912741461856,0,0,1,0,0,0,0,0
2021,7(a),11.627389,45.083972,Ammonia (NH3),14660.0,360.60280628882623,0,0,1,0,0,0,0,0
2024,7(a),11.9761,44.5544,Ammonia (NH3),10809.0,297.8407263144378,0,0,1,0,0,0,0,0
2024,9(b),11.3389,45.5264,Non-methane volatile organic compounds (NMVOC),206879.0,413.5127348650149,0,0,0,0,1,0,0,0
2021,7(a)(ii),10.3695,45.4663,Ammonia (NH3),11192.0,431.53413259815386,0,0,1,0,0,0,0,0
2023,7(a),9.6444,45.3345,Ammonia (NH3),10480.0,445.2572561014441,0,0,1,0,0,0,0,0
2024,1(c),11.2511,45.0297,Carbon dioxide (CO2),481821127.5,361.9154505330853,0,1,0,0,0,0,0,0
2024,2(b),10.3894,45.6392,Polychlorinated biphenyls (PCBs),0.833,448.5499430851952,0,0,0,0,0,0,1,0
2022,1(a),15.1905,37.2216,Sulphur oxides (SOX),4552000.0,569.3767495576742,0,1,0,0,0,0,0,0
2021,7(a),12.47,45.87,Ammonia (NH3),10620.0,441.13757878827687,0,0,1,0,0,0,0,0
2021,7(a),10.5495,45.16003,Ammonia (NH3),10000.0,394.69952171098515,0,0,1,0,0,0,0,0
2021,4(a),18.0022,40.6395,Non-methane volatile organic compounds (NMVOC),109930.0,481.00117134663145,1,0,0,0,0,0,0,0
2021,7(a),10.7983,43.5044,Ammonia (NH3),36100.0,225.75389188624004,0,0,1,0,0,0,0,0
2023,7(a)(ii),10.3695,45.4663,Ammonia (NH3),11560.0,431.53413259815386,0,0,1,0,0,0,0,0
2023,2(b),10.2008,45.6489,Anthracene,569.46,455.4495951039566,0,0,0,0,0,0,1,0
2023,3(c),10.3444,45.5153,Nitrogen oxides (NOX),607835.9,437.306929605887,0,0,0,1,0,0,0,0
2023,5(d),11.7264,42.8483,Methane (CH4),184060.0,122.6935294008584,0,0,0,0,0,0,0,1
2022,1(c),11.7031,44.3697,Carbon dioxide (CO2),106280000.0,281.7540776668381,0,1,0,0,0,0,0,0
2023,5(g),15.187222,37.173611,Mercury and compounds (as Hg),20.0,574.1768607819049,0,0,0,0,0,0,0,1
2022,9(c),13.7563,41.4823,Non-methane volatile organic compounds (NMVOC),180123.0,114.58434616996074,0,0,0,0,1,0,0,0
2023,3(e),10.8997,43.7139,Nitrogen oxides (NOX),106083.6,239.8251737876945,0,0,0,1,0,0,0,0
2023,1(a),15.219444,37.135556,Copper and compounds (as Cu),121.472,579.1857861069731,0,1,0,0,0,0,0,0
2023,4(b),15.1839,37.1841,Carbon dioxide (CO2),142678000.0,572.9877916052352,1,0,0,0,0,0,0,0
2021,7(a),13.8652,42.6916,Ammonia (NH3),12800.0,142.71062622285288,0,0,1,0,0,0,0,0
2023,7(a),10.2533,45.1203,Ammonia (NH3),15960.0,400.856858208096,0,0,1,0,0,0,0,0
2024,7(a),10.1675,45.3814,Ammonia (NH3),11943.0,429.759397959264,0,0,1,0,0,0,0,0
2022,4(e),9.0411,45.5317,Non-methane volatile organic compounds (NMVOC),101820.0,489.7244934200075,1,0,0,0,0,0,0,0
2021,7(a),10.527,45.2206,Ammonia (NH3),19820.0,401.56887284311426,0,0,1,0,0,0,0,0
2023,1(c),7.6763,44.9925,Nitrogen oxides (NOX),227500.0,518.9089994637612,0,1,0,0,0,0,0,0
2022,7(a),11.1708,45.2783,Ammonia (NH3),16035.0,390.2103266781317,0,0,1,0,0,0,0,0
2021,7(a),12.1595,44.9857,Ammonia (NH3),30019.0,343.8791914246525,0,0,1,0,0,0,0,0
2021,3(c),9.81,44.7667,Nitrogen oxides (NOX),705457.0,385.45810832592576,0,0,0,1,0,0,0,0
2021,7(a),10.6578,45.2753,Ammonia (NH3),25900.0,403.1520295921574,0,0,1,0,0,0,0,0
2021,1(c),17.088769,39.094094,Nitrogen oxides (NOX),340800.0,498.1901165776871,0,1,0,0,0,0,0,0
2021,2(b),12.6667,42.5667,Carbon monoxide (CO),863600.0,75.14187357873665,0,0,0,0,0,0,1,0
2023,7(a),10.2033,45.0994,Ammonia (NH3),12451.0,400.6424613618816,0,0,1,0,0,0,0,0
2021,3(c),,,Carbon dioxide (CO2),510739000.0,,0,0,0,1,0,0,0,0
2024,1(a),17.193,40.4892,Nitrogen oxides (NOX),640990.0,423.1599159692294,0,1,0,0,0,0,0,0
2022,6(b),13.0739,46.2325,Mercury and compounds (as Hg),75.7,483.64256280003474,0,0,0,0,0,1,0,0
2022,7(a),10.9764,43.4923,Ammonia (NH3),13007.0,216.01990371796236,0,0,1,0,0,0,0,0
2023,5(f),11.375,45.4447,Nitrogen oxides (NOX),9073000.0,404.0238296793301,0,0,0,0,0,0,0,1
2023,7(a),10.9606,44.793,Ammonia (NH3),24191.0,344.51705480905605,0,0,1,0,0,0,0,0
2021,7(a),9.4006,45.3457,Ammonia (NH3),30121.0,456.703610217517,0,0,1,0,0,0,0,0
2021,7(a),8.4182,45.4095,Ammonia (NH3),10090.0,509.44821525207004,0,0,1,0,0,0,0,0
2021,1(c),8.2991,40.8516,Fluorine and inorganic compounds (as HF),5300.7,369.15699948624194,0,1,0,0,0,0,0,0
2022,7(a),12.0779,44.8416,Ammonia (NH3),135232.0,328.524369951749,0,0,1,0,0,0,0,0
2022,1(c),7.7516,45.1622,Carbon dioxide (CO2),804584400.0,526.7586534673983,0,1,0,0,0,0,0,0
2022,7(a),10.2613,45.201,Ammonia (NH3),44090.0,408.54594083217023,0,0,1,0,0,0,0,0
2023,9(b),11.3389,45.5264,Non-methane volatile organic compounds (NMVOC),160981.0,413.5127348650149,0,0,0,0,1,0,0,0
2024,5(d),12.1097,42.7517,Methane (CH4),1669198.0,99.60234411503073,0,0,0,0,0,0,0,1
2023,4(a),10.8376,45.1457,Hydro-fluorocarbons (HFCS),4377.5,384.57325764280205,1,0,0,0,0,0,0,0
2021,8(b),7.483333,44.649444,Carbon dioxide (CO2),127688000.0,507.75804342067056,0,0,0,0,0,0,0,0
2021,1(c),8.4008,39.1962,Nitrogen oxides (NOX),876260.0,458.5068450836283,0,1,0,0,0,0,0,0
2024,7(a),10.4559,45.1579,Ammonia (NH3),10490.0,397.5425475745938,0,0,1,0,0,0,0,0
2024,7(a),11.0607,45.2042,Ammonia (NH3),10110.0,384.8812288434884,0,0,1,0,0,0,0,0
2021,7(a),12.141361,45.173778,Ammonia (NH3),51800.0,364.8391963340695,0,0,1,0,0,0,0,0
2022,7(a),10.414444,45.221944,Ammonia (NH3),12040.0,405.3694599831661,0,0,1,0,0,0,0,0
2022,7(a),10.292355,45.344723,Ammonia (NH3),19417.0,421.7994357047309,0,0,1,0,0,0,0,0
2024,1(c),14.3761,40.9744,Nitrogen oxides (NOX),180000.0,187.63286365571642,0,1,0,0,0,0,0,0
2024,7(a),10.9119,45.0928,Ammonia (NH3),33330.0,377.01330693781745,0,0,1,0,0,0,0,0
2023,7(a),10.3368,44.9401,Ammonia (NH3),10437.0,380.07353065964213,0,0,1,0,0,0,0,0
2022,7(a),10.9483,44.9781,Ammonia (NH3),12400.0,364.064871399501,0,0,1,0,0,0,0,0
2024,5(a),15.5525,40.6955,Hydrochlorofluorocarbons (HCFCs),249.16,288.4185562798682,0,0,0,0,0,0,0,1
2023,2(b),10.3894,45.6392,Carbon monoxide (CO),972993.0,448.5499430851952,0,0,0,0,0,0,1,0
2024,1(c),8.739,45.5212,Nitrous oxide (N2O),60580.0,502.9487066098593,0,1,0,0,0,0,0,0
2023,3(c),9.024167,39.469722,Nitrogen oxides (NOX),244893.0,398.5698826322054,0,0,0,1,0,0,0,0
2022,7(a),10.3217,45.0683,Ammonia (NH3),24600.0,393.2515715807625,0,0,1,0,0,0,0,0
2024,7(a),11.8896,43.9423,Ammonia (NH3),18749.0,232.09997055053094,0,0,1,0,0,0,0,0
2023,1(a),15.2723,38.2027,Nitrogen oxides (NOX),1597728.4,474.37811556178303,0,1,0,0,0,0,0,0
2021,4(e),9.7828,45.6836,Dichloromethane (DCM),175470.0,473.4049560693992,1,0,0,0,0,0,0,0
2024,7(a),10.3433,45.1253,Ammonia (NH3),14229.0,398.1350476789066,0,0,1,0,0,0,0,0
2024,2(e),14.1708,42.4089,Ammonia (NH3),11500.0,149.051114494258,0,0,0,0,0,0,1,0
2023,5(d),12.7676,41.4838,Methane (CH4),146800.0,51.7469211767934,0,0,0,0,0,0,0,1
2023,5(b),13.8971,41.4375,Carbon dioxide (CO2),380667000.0,127.32699413298349,0,0,0,0,0,0,0,1
2022,4(a),12.2667,45.4594,Nitrogen oxides (NOX),403200.0,395.9064965826192,1,0,0,0,0,0,0,0
2024,1(c),13.2897,45.8169,Nitrogen oxides (NOX),292744.0,439.84416071720636,0,1,0,0,0,0,0,0
2022,6(b),13.0739,46.2325,Fluorine and inorganic compounds (as HF),5756.1,483.64256280003474,0,0,0,0,0,1,0,0
2024,1(c),11.6413,43.5576,Methane (CH4),107688.0,196.8117666559032,0,1,0,0,0,0,0,0
2024,1(c),17.2878,40.951,Nitrogen oxides (NOX),580724.0,413.19609429625575,0,1,0,0,0,0,0,0
2023,1(c),12.2458,45.4313,Carbon dioxide (CO2),1664828882.0,392.8681219243284,0,1,0,0,0,0,0,0
2022,5(d),9.5624,40.87583,Methane (CH4),297670.0,270.0686419031123,0,0,0,0,0,0,0,1
2024,7(a),11.5146,44.1887,Ammonia (NH3),16733.0,266.40187872748817,0,0,1,0,0,0,0,0
2021,4(a),12.2667,45.4594,Nitrogen oxides (NOX),262000.0,395.9064965826192,1,0,0,0,0,0,0,0
2022,1(c),11.5833,44.8499,Carbon dioxide (CO2),1084653312.8,335.9030476325577,0,1,0,0,0,0,0,0
2024,7(a),13.6475,42.8009,Ammonia (NH3),10151.0,137.54910255180917,0,0,1,0,0,0,0,0
2022,5(a),10.9114,44.8532,Chlorofluorocarbons (CFCs),1.53,352.1726932093828,0,0,0,0,0,0,0,1
2023,7(a),8.8867,45.2133,Ammonia (NH3),71460.0,469.05305255770776,0,0,1,0,0,0,0,0
2023,5(b),9.5078,45.5936,Carbon dioxide (CO2),172066000.0,475.3683801737427,0,0,0,0,0,0,0,1
2022,7(a),11.972,45.886,Ammonia (NH3),10208.0,444.89738010761147,0,0,1,0,0,0,0,0
2023,7(a),10.3986,45.36,Ammonia (NH3),21535.0,419.82474108545364,0,0,1,0,0,0,0,0
2023,3(g),12.5706,42.5706,Mercury and compounds (as Hg),46.8,74.50679592478195,0,0,0,1,0,0,0,0
2023,7(a),10.3167,45.4667,Ammonia (NH3),23480.0,433.27253012501194,0,0,1,0,0,0,0,0
2023,1(c),9.6491,45.2219,Nitrogen oxides (NOX),147669.4,434.4931203224939,0,1,0,0,0,0,0,0
2023,7(a),10.4383,45.2425,Ammonia (NH3),22421.0,406.65291774978834,0,0,1,0,0,0,0,0
2024,1(c),17.0326,39.1022,Carbon dioxide (CO2),720418000.0,493.91500700012966,0,1,0,0,0,0,0,0
2021,6(b),7.5397,45.2533,Non-methane volatile organic compounds (NMVOC),718500.0,545.9014159132201,0,0,0,0,0,1,0,0
2021,7(a),12.1514,42.5894,Ammonia (NH3),12800.0,81.45674220288484,0,0,1,0,0,0,0,0
2024,5(d),11.3889,44.1194,Methane (CH4),790775.2,262.40193067491055,0,0,0,0,0,0,0,1
2024,7(a),7.4491,44.8875,Ammonia (NH3),11837.0,525.6113859280752,0,0,1,0,0,0,0,0
2022,7(a),7.683,45.188,Ammonia (NH3),12380.0,532.6819879183805,0,0,1,0,0,0,0,0
2021,7(a),11.620094,45.200139,Ammonia (NH3),16110.0,373.3797384956236,0,0,1,0,0,0,0,0
2022,7(a),9.9094,45.4039,Ammonia (NH3),15320.0,441.38748437807544,0,0,1,0,0,0,0,0
2022,1(c),8.8666,45.1002,Nitrogen oxides (NOX),879480.0,460.4565851575858,0,1,0,0,0,0,0,0
2023,1(a),15.1905,37.2216,Chromium and compounds (as Cr),192.005,569.3767495576742,0,1,0,0,0,0,0,0
2024,7(a),9.4467,45.5417,Ammonia (NH3),16614.0,472.97217380983216,0,0,1,0,0,0,0,0
2022,5(b),9.0725,45.7733,Carbon dioxide (CO2),107083000.0,510.4123845793232,0,0,0,0,0,0,0,1
2022,1(c),16.6566,38.875,Carbon dioxide (CO2),1392859000.0,487.2165784775803,0,1,0,0,0,0,0,0
2022,7(a),12.1026,44.0773,Ammonia (NH3),16110.0,243.90472490673287,0,0,1,0,0,0,0,0
2022,7(a),8.4182,45.4095,Ammonia (NH3),12186.0,509.44821525207004,0,0,1,0,0,0,0,0
2024,7(a),10.621544,44.820108,Ammonia (NH3),12947.0,358.02598283588304,0,0,1,0,0,0,0,0
2024,4(b),10.4739,43.4089,Ammonia (NH3),344680.0,235.36059793219042,1,0,0,0,0,0,0,0
2021,7(a),10.6344,45.1492,Ammonia (NH3),16148.0,390.92419203318303,0,0,1,0,0,0,0,0
2023,3(c),,,Nitrogen oxides (NOX),110300.0,,0,0,0,1,0,0,0,0
2024,4(b),15.1839,37.1841,Carbon dioxide (CO2),110745400.0,572.9877916052352,1,0,0,0,0,0,0,0
2024,1(c),8.8666,45.1002,Nitrous oxide (N2O),20570.0,460.4565851575858,0,1,0,0,0,0,0,0
2024,7(a),10.8806,44.5664,Ammonia (NH3),16066.0,323.79704089538416,0,0,1,0,0,0,0,0
2021,7(a),9.5589,45.5181,Ammonia (NH3),27025.0,466.1298936690603,0,0,1,0,0,0,0,0
2024,7(a),15.3515,41.3721,Ammonia (NH3),6726.1233,244.48258469190336,0,0,1,0,0,0,0,0
2021,1(c),7.7516,45.1622,Nitrous oxide (N2O),15244.1,526.7586534673983,0,1,0,0,0,0,0,0
2021,7(a),9.2515,45.3095,Ammonia (NH3),22806.0,460.0781479911421,0,0,1,0,0,0,0,0
2022,2(b),9.5969,45.6425,Carbon monoxide (CO),642400.0,476.48876713324137,0,0,0,0,0,0,1,0
2021,7(a)(ii),9.5361,45.175,Ammonia (NH3),13372.0,435.04408569248625,0,0,1,0,0,0,0,0
2021,7(a)(ii),10.6956,44.84,Ammonia (NH3),12173.0,357.54425275353015,0,0,1,0,0,0,0,0
2021,1(c),10.9667,45.4614,Nitrogen oxides (NOX),128051.0,414.35480115039695,0,1,0,0,0,0,0,0
2021,1(c),8.8666,45.1002,Nitrogen oxides (NOX),769718.0,460.4565851575858,0,1,0,0,0,0,0,0
2022,5(a),7.5856,45.0381,Nitrogen oxides (NOX),188575.7,527.6333775226544,0,0,0,0,0,0,0,1
2023,1(c),12.236944,44.448611,Nitrogen oxides (NOX),616350.0,283.861566092513,0,1,0,0,0,0,0,0
2021,1(c),14.441111,37.5425,Nitrogen oxides (NOX),172850.0,512.5366645240119,0,1,0,0,0,0,0,0
2022,7(a),12.646361,42.701947,Ammonia (NH3),16870.0,89.71278217454618,0,0,1,0,0,0,0,0
2021,1(c),11.5833,44.8499,Carbon dioxide (CO2),1449391000.0,335.9030476325577,0,1,0,0,0,0,0,0
2022,7(a),9.8191,45.3275,Ammonia (NH3),43230.0,437.5097086210525,0,0,1,0,0,0,0,0
2023,1(c),8.9733,45.0286,Nitrous oxide (N2O),15641.0,448.95765443327025,0,1,0,0,0,0,0,0
2023,7(a),7.76,44.7,Ammonia (NH3),13821.0,493.4589256967627,0,0,1,0,0,0,0,0
2022,7(a)(ii),10.111537,45.383508,Ammonia (NH3),15946.0,431.948027780833,0,0,1,0,0,0,0,0
2021,4(a),15.1752,37.2191,Nitrogen oxides (NOX),189185.0,569.10296764055,1,0,0,0,0,0,0,0
2021,2(b),13.2534,46.0067,Zinc and compounds (as Zn),1661.34,460.33206608834774,0,0,0,0,0,0,1,0
2021,9(d),12.52,42.5175,Benzene,3427.0,68.37915143730088,0,0,0,0,1,0,0,0
2022,3(e),10.0725,44.8642,Nitrogen oxides (NOX),149400.0,383.10561906268515,0,0,0,1,0,0,0,0
2021,7(a),10.8806,44.5664,Ammonia (NH3),10051.0,323.79704089538416,0,0,1,0,0,0,0,0
2022,7(a),7.4706,44.2812,Ammonia (NH3),10815.0,486.15953169030996,0,0,1,0,0,0,0,0
2023,7(a),10.0245,44.9145,Ammonia (NH3),11330.0,389.85092051859044,0,0,1,0,0,0,0,0
2024,1(c),15.1825,37.1791,Zinc and compounds (as Zn),2685.2378,573.451982183205,0,1,0,0,0,0,0,0
2023,7(a),10.99,43.3651,Ammonia (NH3),14463.0,204.01392740585015,0,0,1,0,0,0,0,0
2022,1(c),15.2022,37.1291,Nitrous oxide (N2O),29000.0,579.2538732559473,0,1,0,0,0,0,0,0
2022,1(c),14.7,42.0167,Methane (CH4),1002631.0,182.64180132580148,0,1,0,0,0,0,0,0
2024,7(a),11.7359,45.5142,Ammonia (NH3),33270.0,406.1895407298534,0,0,1,0,0,0,0,0
2022,7(a)(i),13.1783,45.7925,Ammonia (NH3),24660.0,435.9530064230601,0,0,1,0,0,0,0,0
2022,3(c),13.0042,41.7367,Nitrogen oxides (NOX),386549.0,45.95489691933602,0,0,0,1,0,0,0,0
2021,7(a),9.5606,45.3256,Ammonia (NH3),21470.0,447.93657561176553,0,0,1,0,0,0,0,0
2021,7(a)(i),12.1441,44.7714,Ammonia (NH3),16220.0,320.24280447101296,0,0,1,0,0,0,0,0
2023,7(a),7.8717,44.6757,Ammonia (NH3),11623.0,484.8166233348727,0,0,1,0,0,0,0,0
2024,7(a),9.7522,45.4597,Methane (CH4),115110.0,452.8383352362398,0,0,1,0,0,0,0,0
2021,7(a),7.6364,44.7573,Ammonia (NH3),21221.0,505.08676287935947,0,0,1,0,0,0,0,0
2023,5(b),12.6345,43.9793,Carbon dioxide (CO2),135905404.8,231.1696469892817,0,0,0,0,0,0,0,1
2022,8(b),10.3783,44.8144,Hydro-fluorocarbons (HFCS),939.0,366.21874731017965,0,0,0,0,0,0,0,0
2024,4(a),15.1973,37.167,Nitrous oxide (N2O),14320.0,575.2012058760492,1,0,0,0,0,0,0,0
2024,5(b),14.1103,41.5136,Carbon dioxide (CO2),105428639.0,140.78649673602848,0,0,0,0,0,0,0,1
2021,7(a),11.7947,45.9997,Ammonia (NH3),27906.0,458.9991092701225,0,0,1,0,0,0,0,0
2021,1(a),15.2723,38.2027,Sulphur oxides (SOX),2039900.0,474.37811556178303,0,1,0,0,0,0,0,0
2023,5(a),11.573889,42.374167,Hydrochlorofluorocarbons (HCFCs),8.448,92.37337609418306,0,0,0,0,0,0,0,1
2022,4(e),9.7981,45.68,Non-methane volatile organic compounds (NMVOC),212033.8,472.48931598030384,1,0,0,0,0,0,0,0
2021,7(a),10.1367,45.1158,Ammonia (NH3),51250.0,404.7438407430821,0,0,1,0,0,0,0,0
2023,7(a),11.063056,45.196111,Ammonia (NH3),11307.0,383.96874855189014,0,0,1,0,0,0,0,0
2022,5(d),7.809444,45.1625,Methane (CH4),350000.0,523.4100395701199,0,0,0,0,0,0,0,1
2023,7(a),10.6578,45.2753,Ammonia (NH3),20320.0,403.1520295921574,0,0,1,0,0,0,0,0
2024,7(a),10.1908,45.485,Ammonia (NH3),26960.0,439.29207532240514,0,0,1,0,0,0,0,0
2021,7(a),8.9206,45.2328,Methane (CH4),127956.0,469.0462435895874,0,0,1,0,0,0,0,0
2024,7(a),10.6578,45.2753,Ammonia (NH3),18968.0,403.1520295921574,0,0,1,0,0,0,0,0
2023,5(d),10.7585,46.0384,Methane (CH4),106900.0,480.39494669468775,0,0,0,0,0,0,0,1
2022,3(c),11.8367,43.6581,Nitrous oxide (N2O),14400.0,202.46809270796382,0,0,0,1,0,0,0,0
2022,7(a),9.7533,45.1444,Ammonia (NH3),34330.0,422.8304259479364,0,0,1,0,0,0,0,0
2021,7(a),13.667,42.7961,Ammonia (NH3),14500.0,138.27451547822656,0,0,1,0,0,0,0,0
2022,5(a),11.573889,42.374167,Hydrochlorofluorocarbons (HCFCs),19.008,92.37337609418306,0,0,0,0,0,0,0,1
2024,7(a),12.3957,43.1373,Ammonia (NH3),15740.0,137.51796750832895,0,0,1,0,0,0,0,0
2022,7(a),8.6485,45.4065,Ammonia (NH3),10688.0,497.48038242023847,0,0,1,0,0,0,0,0
2024,7(a),10.183611,45.172222,Ammonia (NH3),13659.0,408.51208165737415,0,0,1,0,0,0,0,0
2021,7(a),10.1633,45.3314,Ammonia (NH3),26110.0,424.9472056124557,0,0,1,0,0,0,0,0
2021,1(c),15.0628,41.7397,Methane (CH4),123560.0,213.430198485211,0,1,0,0,0,0,0,0
2023,7(a),10.6692,45.0736,Ammonia (NH3),35560.0,382.12286736829003,0,0,1,0,0,0,0,0
2021,1(c),8.4008,39.1962,Sulphur oxides (SOX),820590.0,458.5068450836283,0,1,0,0,0,0,0,0
2022,1(c),10.853472,45.887,Carbon dioxide (CO2),172110500.0,462.13933402006546,0,1,0,0,0,0,0,0
2022,5(b),12.0883,44.2331,Carbon dioxide (CO2),139273501.0,261.22852833788755,0,0,0,0,0,0,0,1
2022,5(d),10.979167,44.669722,Methane (CH4),405043.2,331.25575629359884,0,0,0,0,0,0,0,1
2023,3(c),12.7167,42.0001,Nitrogen oxides (NOX),356496.0,21.188596822069414,0,0,0,1,0,0,0,0
2023,9(c),14.3833,40.9281,Non-methane volatile organic compounds (NMVOC),444502.0,191.05349226321462,0,0,0,0,1,0,0,0
2021,7(a),12.5004,42.7933,Ammonia (NH3),14744.0,99.01962777935793,0,0,1,0,0,0,0,0
2022,7(a),9.4197,45.3972,Ammonia (NH3),22880.0,460.62799537158656,0,0,1,0,0,0,0,0
2022,7(a),11.9994,44.5386,Ammonia (NH3),51674.0,295.8396801602345,0,0,1,0,0,0,0,0
2022,7(a),10.330833,44.699722,Ammonia (NH3),21319.0,356.9448440243061,0,0,1,0,0,0,0,0
2024,7(a),7.6667,44.7775,Ammonia (NH3),11280.0,504.5521364688613,0,0,1,0,0,0,0,0
2024,7(a),11.4651,44.9434,Ammonia (NH3),14080.0,348.1982199414602,0,0,1,0,0,0,0,0
2024,7(a),9.7594,45.3144,Ammonia (NH3),10666.0,438.64631971675857,0,0,1,0,0,0,0,0
2023,1(c),7.4847,44.5942,Carbon dioxide (CO2),180557000.0,504.15092337240816,0,1,0,0,0,0,0,0
2022,7(a),11.6108,45.2897,Ammonia (NH3),15837.0,383.2918819090536,0,0,1,0,0,0,0,0
2021,6(b),10.5167,44.9167,Nickel and compounds (as Ni),83.0,371.29893725265117,0,0,0,0,0,1,0,0
2023,7(a),10.9795,45.2133,Ammonia (NH3),40800.0,387.85366050737025,0,0,1,0,0,0,0,0
2024,2(d),11.796,45.0706,Benzene,1517.169,356.7424169062214,0,0,0,0,0,0,1,0
2024,4(a),9.7667,45.7136,Carbon dioxide (CO2),103065507.0,476.9347657260154,1,0,0,0,0,0,0,0
2024,1(c),10.4494,43.3822,Carbon dioxide (CO2),848199229.0,234.7079187361305,0,1,0,0,0,0,0,0
2022,7(a),11.0957,45.1357,Ammonia (NH3),13781.0,376.7894877561654,0,0,1,0,0,0,0,0
2024,9(c),11.526935,45.742362,Non-methane volatile organic compounds (NMVOC),521685.0,433.9563665048798,0,0,0,0,1,0,0,0
2021,2(b),9.5969,45.6425,Nitrogen oxides (NOX),181300.0,476.48876713324137,0,0,0,0,0,0,1,0
2022,7(a),13.3143,46.1156,Ammonia (NH3),13000.0,472.9790214988363,0,0,1,0,0,0,0,0
2023,7(a),12.427167,45.895611,Ammonia (NH3),11975.0,444.0149251284294,0,0,1,0,0,0,0,0
2021,3(a),15.8972,40.3136,Carbon dioxide (CO2),518404695.4,335.23428566249964,0,0,0,1,0,0,0,0
2022,6(b),10.5167,44.9167,Ammonia (NH3),71000.0,371.29893725265117,0,0,0,0,0,1,0,0
2023,2(b),11.95,45.3833,Sulphur oxides (SOX),222210.0,389.5005263497925,0,0,0,0,0,0,1,0
2021,9(c),,,Non-methane volatile organic compounds (NMVOC),279498.0,,0,0,0,0,1,0,0,0
2024,3(c),10.3444,45.5153,Mercury and compounds (as Hg),24.1,437.306929605887,0,0,0,1,0,0,0,0
2023,5(d),11.5667,44.6333,Methane (CH4),256765.5,312.80361908016346,0,0,0,0,0,0,0,1
2021,1(c),8.9733,45.0286,Nitrous oxide (N2O),11526.3,448.95765443327025,0,1,0,0,0,0,0,0
2022,7(a),11.548056,45.012569,Ammonia (NH3),12044.0,354.1537315966609,0,0,1,0,0,0,0,0
2021,7(a),13.016944,45.884722,Ammonia (NH3),11360.0,444.7269105358692,0,0,1,0,0,0,0,0
2021,7(a),11.446,43.1338,Ammonia (NH3),10514.0,161.69869513843233,0,0,1,0,0,0,0,0
2022,2(b),11.0,45.4333,Copper and compounds (as Cu),105.6168,410.5887775813313,0,0,0,0,0,0,1,0
2023,1(c),15.4759,41.2018,Nitrogen oxides (NOX),127090.0,259.8801424448694,0,1,0,0,0,0,0,0
2021,7(a),9.173889,45.469167,Ammonia (NH3),21591.0,478.05873061814333,0,0,1,0,0,0,0,0
2023,8(b),9.4494,45.5108,Hydro-fluorocarbons (HFCS),318.0,469.95746879916686,0,0,0,0,0,0,0,0
2021,7(a),10.7067,45.2489,Ammonia (NH3),14130.0,398.99676585822266,0,0,1,0,0,0,0,0
2023,1(c),7.4847,44.5942,Nitrogen oxides (NOX),103136.0,504.15092337240816,0,1,0,0,0,0,0,0
2024,6(b),10.6042,43.8292,Nitrogen oxides (NOX),104772.0,263.92643707476645,0,0,0,0,0,1,0,0
2023,1(a),10.3365,43.5872,Carbon dioxide (CO2),553245790.0,257.2528399694245,0,1,0,0,0,0,0,0
2021,1(c),10.4494,43.3822,Nitrogen oxides (NOX),202147.0,234.7079187361305,0,1,0,0,0,0,0,0
2021,7(a),12.0192,44.165,Ammonia (NH3),17172.0,254.5164027114181,0,0,1,0,0,0,0,0
2021,9(c),12.4984,45.8866,Non-methane volatile organic compounds (NMVOC),100999.0,442.97837771087245,0,0,0,0,1,0,0,0
2023,3(c),11.4222,45.7161,Nitrogen oxides (NOX),126750.0,432.6802631750199,0,0,0,1,0,0,0,0
2021,7(a),11.6239,45.1942,Ammonia (NH3),10886.0,372.6740265873568,0,0,1,0,0,0,0,0
2024,7(a),10.154722,45.193333,Ammonia (NH3),16722.0,411.64811356782957,0,0,1,0,0,0,0,0
2023,3(e),16.9167,40.7833,Nitrogen oxides (NOX),172960.0,389.3882150482699,0,0,0,1,0,0,0,0
2023,1(c),12.2661,44.4844,Nitrogen oxides (NOX),269841.0,287.6669114626911,0,1,0,0,0,0,0,0
2021,7(a),12.3957,43.1373,Ammonia (NH3),50300.0,137.51796750832895,0,0,1,0,0,0,0,0
2024,1(a),15.2723,38.2027,Chlorine and inorganic compounds (as HCl),24030.5,474.37811556178303,0,1,0,0,0,0,0,0
2023,7(a),12.0817,44.1206,Ammonia (NH3),15222.0,248.90150235876683,0,0,1,0,0,0,0,0
2022,7(a),10.725,45.2139,Ammonia (NH3),23488.0,394.85108476118614,0,0,1,0,0,0,0,0
2021,7(a),11.1975,45.0367,Ammonia (NH3),19446.0,363.88276709619555,0,0,1,0,0,0,0,0
2022,7(a),10.3511,45.3533,Ammonia (NH3),15766.0,420.69931035990237,0,0,1,0,0,0,0,0
2023,5(d),12.1097,42.7517,Methane (CH4),1416915.0,99.60234411503073,0,0,0,0,0,0,0,1
2024,2(b),12.6667,42.5667,Carbon monoxide (CO),946700.0,75.14187357873665,0,0,0,0,0,0,1,0
2023,7(a),10.7386,45.0669,Ammonia (NH3),24594.0,379.31229570763725,0,0,1,0,0,0,0,0
2024,4(b),10.7951,42.9236,Sulphur oxides (SOX),466539.0,179.9690791802994,1,0,0,0,0,0,0,0
2023,9(c),14.268,40.9145,Non-methane volatile organic compounds (NMVOC),239980.0,184.12838928953803,0,0,0,0,1,0,0,0
2023,7(a),14.0737,42.5496,Ammonia (NH3),27926.2,148.45474117049594,0,0,1,0,0,0,0,0
2024,7(a),10.8764,45.0906,Ammonia (NH3),35950.0,377.7639219671862,0,0,1,0,0,0,0,0
2023,7(a),7.6753,44.7019,Ammonia (NH3),14243.0,498.9214971192758,0,0,1,0,0,0,0,0
2022,9(b),11.3389,45.5264,Non-methane volatile organic compounds (NMVOC),178422.5,413.5127348650149,0,0,0,0,1,0,0,0
2023,2(e),8.4079,39.2091,Carbon dioxide (CO2),183384000.0,457.08909962129064,0,0,0,0,0,0,1,0
2023,1(c),17.2878,40.951,Nitrogen oxides (NOX),533777.0,413.19609429625575,0,1,0,0,0,0,0,0
2022,1(a),15.1905,37.2216,Arsenic and compounds (as As),25.7569,569.3767495576742,0,1,0,0,0,0,0,0
2024,7(a),9.8721,45.3647,Ammonia (NH3),30458.0,439.0157642852939,0,0,1,0,0,0,0,0
2024,7(a),9.808314,45.176864,Ammonia (NH3),34541.0,423.5972553646852,0,0,1,0,0,0,0,0
2022,7(a),8.9206,45.2328,Methane (CH4),127956.0,469.0462435895874,0,0,1,0,0,0,0,0
2023,1(a),17.193,40.4892,Benzene,3085.1583,423.1599159692294,0,1,0,0,0,0,0,0
2023,3(c),13.258717,42.463755,Carbon dioxide (CO2),173950000.0,88.52024109973759,0,0,0,1,0,0,0,0
2023,1(c),8.1927,45.2377,Nitrogen oxides (NOX),241320.0,507.5180888612842,0,1,0,0,0,0,0,0
2021,7(a),12.1582,43.9644,Ammonia (NH3),21490.0,230.88634819748268,0,0,1,0,0,0,0,0
2021,1(c),12.5905,37.8765,Carbon dioxide (CO2),114294000.0,447.7760198062416,0,1,0,0,0,0,0,0
2021,7(a),7.6681,44.4139,Ammonia (NH3),16881.0,480.84597016331213,0,0,1,0,0,0,0,0
2021,4(e),9.3922,45.4247,Non-methane volatile organic compounds (NMVOC),531960.0,464.3628825440945,1,0,0,0,0,0,0,0
2021,1(c),12.9717,41.7625,Carbon dioxide (CO2),116049000.0,42.35660394644801,0,1,0,0,0,0,0,0
2023,3(c),10.3444,45.5153,Benzene,4368.5,437.306929605887,0,0,0,1,0,0,0,0
2024,3(c),9.81,44.7667,Carbon dioxide (CO2),424999453.7,385.45810832592576,0,0,0,1,0,0,0,0
2023,4(e),13.2664,45.8193,Hydro-fluorocarbons (HFCS),147.3,439.8423537564886,1,0,0,0,0,0,0,0
2023,3(c),13.2503,38.190833,Carbon dioxide (CO2),263673000.0,417.7054329667705,0,0,0,1,0,0,0,0
2022,1(a),15.2723,38.2027,Nitrogen oxides (NOX),1552200.0,474.37811556178303,0,1,0,0,0,0,0,0
2022,1(c),8.739,45.5212,Carbon monoxide (CO),600000.0,502.9487066098593,0,1,0,0,0,0,0,0
2024,2(b),11.5083,45.5194,Polychlorinated biphenyls (PCBs),0.2577,409.9050166276053,0,0,0,0,0,0,1,0
2024,2(b),13.0778,46.2306,PCDD + PCDF (dioxins + furans) (as Teq),0.000325,483.46211416770933,0,0,0,0,0,0,1,0
2021,7(a)(ii),9.7425,45.21,Ammonia (NH3),20033.0,429.4498027026977,0,0,1,0,0,0,0,0
2021,3(e),12.5389,42.6069,Nitrogen oxides (NOX),104700.0,78.37044147585021,0,0,0,1,0,0,0,0
2024,7(a),10.259444,45.187222,Ammonia (NH3),10470.0,407.2467987388088,0,0,1,0,0,0,0,0
2022,5(b),10.3557,44.8382,Carbon dioxide (CO2),169962207.8,369.39567068083886,0,0,0,0,0,0,0,1
2022,7(a),10.1607,45.4418,Ammonia (NH3),20732.0,436.00697447621354,0,0,1,0,0,0,0,0
2024,1(a),13.3813,43.6395,Non-methane volatile organic compounds (NMVOC),107900.0,206.17477195412638,0,1,0,0,0,0,0,0
2023,3(c),12.5467,43.3636,Ammonia (NH3),14818.0,162.48565083014304,0,0,0,1,0,0,0,0
2021,9(c),9.4708,46.1397,Non-methane volatile organic compounds (NMVOC),124060.0,529.5034344125139,0,0,0,0,1,0,0,0
2023,7(a),9.55785,45.285233,Ammonia (NH3),11186.0,444.29069020281884,0,0,1,0,0,0,0,0
2023,6(b),10.5667,44.9333,Nitrogen oxides (NOX),148910.0,371.24431001675197,0,0,0,0,0,1,0,0
2023,5(d),12.6369,42.7786,Methane (CH4),237757.6,98.06673450079657,0,0,0,0,0,0,0,1
2022,3(e),17.1872,40.8686,Nitrogen oxides (NOX),121670.0,407.82271882162723,0,0,0,1,0,0,0,0
2021,5(d),8.508611,45.553056,Methane (CH4),208354.3,516.9837570926369,0,0,0,0,0,0,0,1
2022,2(b),10.3894,45.6392,Lead and compounds (as Pb),205.248,448.5499430851952,0,0,0,0,0,0,1,0
2023,7(a),13.6475,42.8009,Ammonia (NH3),10180.0,137.54910255180917,0,0,1,0,0,0,0,0
2022,4(e),9.7828,45.6836,Non-methane volatile organic compounds (NMVOC),118652.0,473.4049560693992,1,0,0,0,0,0,0,0
2022,3(e),11.0928,45.1436,Cadmium and compounds (as Cd),21.0,377.69529539990066,0,0,0,1,0,0,0,0
2021,7(a),10.9178,44.9818,Ammonia (NH3),30209.0,365.30096828724606,0,0,1,0,0,0,0,0
2022,7(a),10.879492,45.229942,Ammonia (NH3),19745.0,392.2042619421258,0,0,1,0,0,0,0,0
2021,4(e),9.0447,45.6078,Dichloromethane (DCM),2864.28,496.4559224391397,1,0,0,0,0,0,0,0
2021,7(a),10.316944,45.308056,Ammonia (NH3),12614.0,417.29191208323033,0,0,1,0,0,0,0,0
2022,5(b),8.7776,45.2804,Nitrous oxide (N2O),13430.0,480.25011833890966,0,0,0,0,0,0,0,1
2022,5(d),8.5178,44.9339,Methane (CH4),266500.0,465.56260610650116,0,0,0,0,0,0,0,1
2021,7(a),7.704722,44.716944,Ammonia (NH3),16171.0,498.0750023739139,0,0,1,0,0,0,0,0
2021,1(c),14.7,42.0167,Methane (CH4),770447.0,182.64180132580148,0,1,0,0,0,0,0,0
2021,8(b),,,Nitrogen oxides (NOX),121658.1,,0,0,0,0,0,0,0,0
2021,7(a)(ii),9.654167,45.6025,Ammonia (NH3),14540.0,470.40618587701505,0,0,1,0,0,0,0,0
2021,1(c),15.1825,37.1791,Arsenic and compounds (as As),33.4677,573.451982183205,0,1,0,0,0,0,0,0
2024,1(c),12.2661,44.4844,Carbon dioxide (CO2),478284902.0,287.6669114626911,0,1,0,0,0,0,0,0
2023,7(a),10.3821,45.4863,Ammonia (NH3),13480.0,433.1673437506241,0,0,1,0,0,0,0,0
2024,6(b),12.2345,44.9115,Cadmium and compounds (as Cd),11.21,335.21991004178903,0,0,0,0,0,1,0,0
2023,7(a),10.6608,45.1567,Ammonia (NH3),11810.0,390.88086462677165,0,0,1,0,0,0,0,0
2021,7(a),9.9097,45.2067,Ammonia (NH3),63340.0,422.33686367590235,0,0,1,0,0,0,0,0
2022,7(a),13.2921,43.5365,Ammonia (NH3),33901.0,192.9362423014547,0,0,1,0,0,0,0,0
2024,7(a),10.3167,45.4667,Ammonia (NH3),29740.0,433.27253012501194,0,0,1,0,0,0,0,0
2021,7(a),9.8721,45.3647,Ammonia (NH3),18391.0,439.0157642852939,0,0,1,0,0,0,0,0
2024,7(a),9.9644,45.2507,Methane (CH4),107219.0,424.4284967350915,0,0,1,0,0,0,0,0
2023,7(a),12.709653,46.047758,Ammonia (NH3),19430.0,461.21357397350914,0,0,1,0,0,0,0,0
2024,7(a),11.899281,45.684858,Ammonia (NH3),26490.0,423.2641518326679,0,0,1,0,0,0,0,0
2024,7(a),12.2745,44.4085,Ammonia (NH3),37453.0,279.201604360172,0,0,1,0,0,0,0,0
2022,5(a),15.5525,40.6955,Hydrochlorofluorocarbons (HCFCs),177.14,288.4185562798682,0,0,0,0,0,0,0,1
2021,7(a),9.8372,45.3428,Ammonia (NH3),37950.0,438.26482164012333,0,0,1,0,0,0,0,0
2021,3(c),11.7543,45.6298,Nitrogen oxides (NOX),198803.0,418.68038827244806,0,0,0,1,0,0,0,0
2023,1(a),9.0113,39.0971,Nitrogen oxides (NOX),2914498.2,429.0677199992063,0,1,0,0,0,0,0,0
2023,3(c),,,Carbon dioxide (CO2),349657249.0,,0,0,0,1,0,0,0,0
2021,7(a),7.8929,44.9578,Ammonia (NH3),13185.0,503.4174089559602,0,0,1,0,0,0,0,0
2024,3(c),14.0658,41.4456,Ammonia (NH3),78000.0,139.90801467376932,0,0,0,1,0,0,0,0
2024,7(a),12.049167,44.788333,Ammonia (NH3),10595.0,322.88677316385844,0,0,1,0,0,0,0,0
2021,5(d),10.576667,43.642222,Methane (CH4),159000.0,248.90726696131452,0,0,0,0,0,0,0,1
2023,7(a)(ii),7.5511,44.7386,Ammonia (NH3),10800.0,509.2273423089553,0,0,1,0,0,0,0,0
2024,2(b),13.0778,46.2306,Zinc and compounds (as Zn),677.0,483.46211416770933,0,0,0,0,0,0,1,0
2024,7(a),11.5931,44.4844,Ammonia (NH3),12911.0,296.24779165051837,0,0,1,0,0,0,0,0
2022,1(d),8.2897,44.3808,Benzene,3321.0,438.54873299619953,0,1,0,0,0,0,0,0
2023,7(a),13.1672,43.5292,Ammonia (NH3),10390.0,188.9666875161974,0,0,1,0,0,0,0,0
2023,7(a),10.82,44.6061,Ammonia (NH3),31375.0,329.8104764377515,0,0,1,0,0,0,0,0
2024,7(a),10.6039,45.3069,Ammonia (NH3),14457.0,408.00680589698726,0,0,1,0,0,0,0,0
2023,7(a)(i),13.0362,46.0897,Ammonia (NH3),17096.0,467.55677520176425,0,0,1,0,0,0,0,0
2022,1(c),7.9005,45.1854,Cadmium and compounds (as Cd),60.836,519.876589257793,0,1,0,0,0,0,0,0
2021,3(c),16.4489,38.9141,Nitrogen oxides (NOX),162800.0,471.52423078778224,0,0,0,1,0,0,0,0
2023,7(a),10.8764,45.0906,Ammonia (NH3),29806.0,377.7639219671862,0,0,1,0,0,0,0,0
2022,7(a)(ii),9.9655,45.3508,Ammonia (NH3),11387.0,434.0998810835424,0,0,1,0,0,0,0,0
2022,7(a),12.057,44.06,Ammonia (NH3),63581.0,242.51713730289214,0,0,1,0,0,0,0,0
2021,7(a),10.6758,44.8297,Ammonia (NH3),20199.0,357.15954829832845,0,0,1,0,0,0,0,0
2024,7(a),10.1097,45.3486,Ammonia (NH3),18510.0,428.5656253812077,0,0,1,0,0,0,0,0
2024,7(a),12.1582,43.9644,Ammonia (NH3),12476.0,230.88634819748268,0,0,1,0,0,0,0,0
2022,5(d),12.1436,44.0833,Methane (CH4),363427.1,244.15178584014328,0,0,0,0,0,0,0,1
2024,7(a),12.568889,45.719444,Ammonia (NH3),15946.0,424.4312526944435,0,0,1,0,0,0,0,0
2022,1(c),10.6002,43.8233,Nitrogen oxides (NOX),118624.0,263.5896029410928,0,1,0,0,0,0,0,0
2022,3(c),7.5,44.2833,Carbon monoxide (CO),539695.0,484.2811228602819,0,0,0,1,0,0,0,0
2023,7(a),7.753365,45.279709,Ammonia (NH3),25149.0,535.4551795073916,0,0,1,0,0,0,0,0
2024,7(a),12.3931,44.027,Ammonia (NH3),25464.0,236.34971264088867,0,0,1,0,0,0,0,0
2022,4(e),9.1669,45.3892,Non-methane volatile organic compounds (NMVOC),317780.0,471.1331141779833,1,0,0,0,0,0,0,0
2023,7(a),11.635278,45.455,Ammonia (NH3),17003.0,401.00403441671784,0,0,1,0,0,0,0,0
2022,3(e),11.0928,45.1436,Lead and compounds (as Pb),225.0,377.69529539990066,0,0,0,1,0,0,0,0
2023,1(c),8.8666,45.1002,Nitrogen oxides (NOX),754900.0,460.4565851575858,0,1,0,0,0,0,0,0
2022,7(a),10.0538,45.488,Ammonia (NH3),20466.0,444.34274870361514,0,0,1,0,0,0,0,0
2021,7(a),11.3302,44.8471,Ammonia (NH3),11791.0,340.6790668159784,0,0,1,0,0,0,0,0
2023,7(a),7.3934,44.7342,Ammonia (NH3),11323.0,519.0117142803565,0,0,1,0,0,0,0,0
2024,1(c),15.1825,37.1791,Nitrous oxide (N2O),24859.0,573.451982183205,0,1,0,0,0,0,0,0
2022,1(c),9.7104,45.0545,Nitrogen oxides (NOX),193900.0,416.28976618018316,0,1,0,0,0,0,0,0
2023,2(b),15.8136,40.635,Zinc and compounds (as Zn),647.8,310.9916304131043,0,0,0,0,0,0,1,0
2022,7(a),7.6667,44.7775,Ammonia (NH3),32500.0,504.5521364688613,0,0,1,0,0,0,0,0
2021,1(c),12.306556,46.325592,Nitrogen oxides (NOX),114500.0,492.0250649315349,0,1,0,0,0,0,0,0
2024,7(a),10.4361,45.35,Ammonia (NH3),10364.0,417.6064251359434,0,0,1,0,0,0,0,0
2024,7(a),10.0245,44.9145,Ammonia (NH3),11383.0,389.85092051859044,0,0,1,0,0,0,0,0
2023,7(a),8.9311,45.4658,Ammonia (NH3),102849.0,488.9216189799064,0,0,1,0,0,0,0,0
2023,3(c),10.0333,45.7167,Nitrogen oxides (NOX),264151.1,467.82069491437875,0,0,0,1,0,0,0,0
2021,7(a),10.279167,45.282778,Ammonia (NH3),20715.0,416.05437469720147,0,0,1,0,0,0,0,0
2022,1(c),13.5906,45.9153,Nitrogen oxides (NOX),371062.0,454.6854917174831,0,1,0,0,0,0,0,0
2021,9(c),13.7563,41.4823,Non-methane volatile organic compounds (NMVOC),151954.0,114.58434616996074,0,0,0,0,1,0,0,0
2021,1(c),15.2022,37.1291,Carbon dioxide (CO2),207880000.0,579.2538732559473,0,1,0,0,0,0,0,0
2023,4(a),15.1752,37.2191,Nitrogen oxides (NOX),108848.0,569.10296764055,1,0,0,0,0,0,0,0
2021,9(c),12.8336,43.8881,Non-methane volatile organic compounds (NMVOC),601950.0,222.45708121005148,0,0,0,0,1,0,0,0
2023,3(c),14.725278,36.903056,Carbon dioxide (CO2),281353000.0,587.9442813117303,0,0,0,1,0,0,0,0
2021,7(a),9.468721,45.105099,Ammonia (NH3),11779.0,431.6913705194391,0,0,1,0,0,0,0,0
2023,7(a),10.7583,44.9094,Ammonia (NH3),17697.0,362.5829481925619,0,0,1,0,0,0,0,0
2023,5(b),11.3079,46.4674,Carbon dioxide (CO2),150544000.0,516.3138632388552,0,0,0,0,0,0,0,1
2023,5(a),11.573889,42.374167,Chlorofluorocarbons (CFCs),8.448,92.37337609418306,0,0,0,0,0,0,0,1
2021,7(a),12.184,44.224,Ammonia (NH3),12770.0,259.3497803053749,0,0,1,0,0,0,0,0
2021,5(b),9.7325,45.0585,Carbon dioxide (CO2),123636000.0,415.70192378791603,0,0,0,0,0,0,0,1
2021,4(b),12.25,44.45,Carbon monoxide (CO),1504000.0,283.93915705228454,1,0,0,0,0,0,0,0
2022,1(c),15.1825,37.1791,Arsenic and compounds (as As),30.561,573.451982183205,0,1,0,0,0,0,0,0
2024,2(b),12.6667,42.5667,Nickel and compounds (as Ni),94.4,75.14187357873665,0,0,0,0,0,0,1,0
2024,4(b),11.5921,44.856,Nitrogen oxides (NOX),187000.0,336.40887356733657,1,0,0,0,0,0,0,0
2024,9(c),9.8286,45.5517,Non-methane volatile organic compounds (NMVOC),120157.0,458.81982578694243,0,0,0,0,1,0,0,0
2021,7(a),13.5831,45.8972,Ammonia (NH3),13571.0,452.5976217699409,0,0,1,0,0,0,0,0
2023,7(a),13.4913,45.7501,Ammonia (NH3),16250.0,435.17102394666557,0,0,1,0,0,0,0,0
2023,1(c),10.8354,45.149,Carbon dioxide (CO2),1844632196.0,384.9776214382663,0,1,0,0,0,0,0,0
2021,7(a),7.7522,44.8627,Ammonia (NH3),10411.0,505.1329162042976,0,0,1,0,0,0,0,0
2022,7(a),10.263478,45.152342,Ammonia (NH3),25814.0,403.65147975532744,0,0,1,0,0,0,0,0
2023,7(a),9.422,45.3353,Ammonia (NH3),21210.0,454.80849440571166,0,0,1,0,0,0,0,0
2021,9(c),14.3833,40.9281,Non-methane volatile organic compounds (NMVOC),270707.0,191.05349226321462,0,0,0,0,1,0,0,0
2023,7(a),9.9147,45.4722,Ammonia (NH3),10570.0,447.84559230945746,0,0,1,0,0,0,0,0
2022,1(c),12.2458,45.4313,Fluorine and inorganic compounds (as HF),18287.0,392.8681219243284,0,1,0,0,0,0,0,0
2022,1(c),7.9005,45.1854,Nitrogen oxides (NOX),383766.0,519.876589257793,0,1,0,0,0,0,0,0
2022,7(a),10.8989,44.955,Ammonia (NH3),15500.0,363.0587706641299,0,0,1,0,0,0,0,0
2021,5(b),13.7994,45.6111,Carbon dioxide (CO2),157981171.0,425.3992685321575,0,0,0,0,0,0,0,1
2023,7(a),11.6239,45.1942,Ammonia (NH3),11210.0,372.6740265873568,0,0,1,0,0,0,0,0
2023,7(a),9.4197,45.3972,Ammonia (NH3),22703.0,460.62799537158656,0,0,1,0,0,0,0,0
2024,1(c),17.2152,40.5108,Nitrogen oxides (NOX),789900.0,423.94185302872364,0,1,0,0,0,0,0,0
2024,7(a),10.9433,45.2161,Ammonia (NH3),33200.0,389.0756365743776,0,0,1,0,0,0,0,0
2023,1(c),10.853472,45.887,Carbon dioxide (CO2),166830700.0,462.13933402006546,0,1,0,0,0,0,0,0
2022,7(a),10.4211,45.2169,Ammonia (NH3),10890.0,404.64021472681617,0,0,1,0,0,0,0,0
2023,3(e),9.093056,45.429722,Nitrogen oxides (NOX),270230.0,478.16514829891844,0,0,0,1,0,0,0,0
2024,1(a),8.8768,45.0997,Sulphur oxides (SOX),875800.0,459.8924322368035,0,1,0,0,0,0,0,0
2024,7(a),9.3176,45.2405,Ammonia (NH3),12183.0,450.829368095555,0,0,1,0,0,0,0,0
2023,5(b),9.0706,45.5042,Carbon dioxide (CO2),277838329.0,485.8999911744329,0,0,0,0,0,0,0,1
2023,1(c),15.2808,38.2019,Nitrogen oxides (NOX),323769.1,474.81617636859517,0,1,0,0,0,0,0,0
2024,5(b),11.8675,44.3089,Zinc and compounds (as Zn),855.0,272.37145139395545,0,0,0,0,0,0,0,1
2021,7(a),9.9322,45.4581,Ammonia (NH3),21773.0,445.81673188760186,0,0,1,0,0,0,0,0
2024,1(c),13.7483,37.9691,Nitrogen oxides (NOX),290760.0,450.22665809519594,0,1,0,0,0,0,0,0
2021,2(b),13.2534,46.0067,Carbon monoxide (CO),904420.0,460.33206608834774,0,0,0,0,0,0,1,0
2023,3(c),9.4667,45.6847,Ammonia (NH3),21692.4,485.68689503915584,0,0,0,1,0,0,0,0
2022,4(a),,,Chlorofluorocarbons (CFCs),41.0,,1,0,0,0,0,0,0,0
2023,7(a),12.2119,45.0072,Ammonia (NH3),69659.0,345.9558563647101,0,0,1,0,0,0,0,0
2021,7(a),11.1982,44.83,Ammonia (NH3),24263.0,341.97559063328293,0,0,1,0,0,0,0,0
2024,2(b),,,Zinc and compounds (as Zn),1582.27,,0,0,0,0,0,0,1,0
2022,7(a),12.0931,44.0156,Ammonia (NH3),15787.0,237.21300189325453,0,0,1,0,0,0,0,0
2022,3(e),9.4419,45.0083,Nitrogen oxides (NOX),204900.0,424.2271236487182,0,0,0,1,0,0,0,0
2022,7(a)(i),13.3813,45.8998,Ammonia (NH3),13170.0,450.05681881519524,0,0,1,0,0,0,0,0
2024,9(c),9.4614,45.685,Non-methane volatile organic compounds (NMVOC),140936.0,485.9282401989016,0,0,0,0,1,0,0,0
2022,4(e),9.3922,45.4247,Non-methane volatile organic compounds (NMVOC),351010.0,464.3628825440945,1,0,0,0,0,0,0,0
2024,7(a),7.2911,44.3943,Ammonia (NH3),10804.0,504.8933151167776,0,0,1,0,0,0,0,0
2024,7(a),12.2586,44.294,Ammonia (NH3),33354.0,266.5890284310209,0,0,1,0,0,0,0,0
2024,2(b),13.2534,46.0067,Carbon dioxide (CO2),241312800.0,460.33206608834774,0,0,0,0,0,0,1,0
2024,5(b),9.0706,45.5042,Nitrogen oxides (NOX),133674.0,485.8999911744329,0,0,0,0,0,0,0,1
2023,7(a),10.9472,45.1469,Ammonia (NH3),18872.0,381.7189715643206,0,0,1,0,0,0,0,0
2024,7(a),15.394,41.0664,Ammonia (NH3),10500.0,258.6504830708583,0,0,1,0,0,0,0,0
2023,2(b),13.0778,46.2306,Carbon dioxide (CO2),176710000.0,483.46211416770933,0,0,0,0,0,0,1,0
2024,1(a),15.219444,37.135556,Nickel and compounds (as Ni),841.853,579.1857861069731,0,1,0,0,0,0,0,0
2024,7(a),8.553056,45.589444,Ammonia (NH3),17405.0,517.9163993349813,0,0,1,0,0,0,0,0
2021,7(a),9.9667,45.2242,Ammonia (NH3),19763.0,421.7793827600452,0,0,1,0,0,0,0,0
2021,7(a),7.649722,44.736111,Ammonia (NH3),44744.0,502.82500096117974,0,0,1,0,0,0,0,0
2022,7(a),13.351503,43.631817,Ammonia (NH3),24832.0,204.53383526439478,0,0,1,0,0,0,0,0
2024,1(a),15.2723,38.2027,Nitrogen oxides (NOX),1492765.3,474.37811556178303,0,1,0,0,0,0,0,0
2023,3(c),15.6736,40.9497,Carbon dioxide (CO2),246153960.0,285.2888248631794,0,0,0,1,0,0,0,0
2024,7(a),9.986944,45.004722,Ammonia (NH3),10067.0,399.94984043534953,0,0,1,0,0,0,0,0
2022,7(a),9.525833,45.436389,Ammonia (NH3),10453.0,459.7779440007498,0,0,1,0,0,0,0,0
2024,4(b),8.9883,39.2347,Sulphur oxides (SOX),239063.0,419.23745250947223,1,0,0,0,0,0,0,0
2022,5(b),11.5535,44.8605,Carbon dioxide (CO2),133554000.0,337.58657673341173,0,0,0,0,0,0,0,1
2023,7(a)(ii),10.111537,45.383508,Ammonia (NH3),15992.0,431.948027780833,0,0,1,0,0,0,0,0
2021,3(c),7.5,44.2833,Nitrous oxide (N2O),10482.0,484.2811228602819,0,0,0,1,0,0,0,0
2023,2(b),11.4355,46.0159,Zinc and compounds (as Zn),298.0,465.15944395497223,0,0,0,0,0,0,1,0
2024,7(a),10.2192,45.3619,Ammonia (NH3),15890.0,426.0185285792725,0,0,1,0,0,0,0,0
2021,8(b),12.5703,41.7057,Hydro-fluorocarbons (HFCS),168.0,22.756410444704144,0,0,0,0,0,0,0,0
2022,1(c),12.2549,45.4458,Carbon dioxide (CO2),859371000.0,394.44153545873087,0,1,0,0,0,0,0,0
2024,7(a),13.1672,43.5292,Ammonia (NH3),10320.0,188.9666875161974,0,0,1,0,0,0,0,0
2021,7(a),9.779444,45.488611,Ammonia (NH3),15200.0,454.5669017625939,0,0,1,0,0,0,0,0
2024,7(a),10.1806,45.0561,Ammonia (NH3),19400.0,397.2664297807644,0,0,1,0,0,0,0,0
2023,7(a)(ii),9.654167,45.6025,Ammonia (NH3),10536.0,470.40618587701505,0,0,1,0,0,0,0,0
2021,1(c),15.2808,38.2019,Nickel and compounds (as Ni),326.402,474.81617636859517,0,1,0,0,0,0,0,0
2023,7(a),7.5536,44.4172,Ammonia (NH3),33746.0,488.6321463335936,0,0,1,0,0,0,0,0
2023,1(c),13.2897,45.8169,Nitrogen oxides (NOX),521580.0,439.84416071720636,0,1,0,0,0,0,0,0
2022,7(a),9.7275,45.1633,Ammonia (NH3),11061.0,425.6902437035862,0,0,1,0,0,0,0,0
2021,7(a),10.6111,45.08,Ammonia (NH3),15380.0,384.6037378361844,0,0,1,0,0,0,0,0
2022,7(a),9.965,45.4225,Ammonia (NH3),11357.0,441.1174265991551,0,0,1,0,0,0,0,0
2022,3(e),8.3089,44.4447,Nitrogen oxides (NOX),258407.0,441.7092860060149,0,0,0,1,0,0,0,0
2024,7(a),11.0103,45.0928,Ammonia (NH3),11350.0,374.3997894222247,0,0,1,0,0,0,0,0
2023,7(a),10.5497,45.2917,Ammonia (NH3),10200.0,408.1014372644518,0,0,1,0,0,0,0,0
2023,5(b),8.7776,45.2804,Carbon dioxide (CO2),254107000.0,480.25011833890966,0,0,0,0,0,0,0,1
2021,7(a),10.370472,45.339833,Ammonia (NH3),17730.0,418.7033983883458,0,0,1,0,0,0,0,0
2022,7(a),7.7783,44.7236,Ammonia (NH3),12008.0,493.91400956416254,0,0,1,0,0,0,0,0
2023,7(a),12.1097,44.569,Ammonia (NH3),35052.0,298.11730336383556,0,0,1,0,0,0,0,0
2022,5(b),13.7994,45.6111,Carbon dioxide (CO2),145019167.2,425.3992685321575,0,0,0,0,0,0,0,1
2021,1(c),9.7104,45.0545,Carbon dioxide (CO2),558098000.0,416.28976618018316,0,1,0,0,0,0,0,0
2024,8(b),11.90642982,44.31728126,Hydro-fluorocarbons (HFCS),210.77,272.7139102784844,0,0,0,0,0,0,0,0
2023,8(b),10.5114,45.3706,Ammonia (NH3),46700.0,417.34435983802274,0,0,0,0,0,0,0,0
2023,2(b),17.1999,40.5167,Benzene,5110.95,422.49503361756746,0,0,0,0,0,0,1,0
2023,7(a),12.184,44.224,Ammonia (NH3),18595.0,259.3497803053749,0,0,1,0,0,0,0,0
2023,7(a),12.3579,45.8274,Ammonia (NH3),12057.5,436.5366308911425,0,0,1,0,0,0,0,0
2022,1(a),8.7858,45.4372,Carbon dioxide (CO2),1019083000.0,493.3600021474541,0,1,0,0,0,0,0,0
2021,4(a),10.8376,45.1457,Carbon dioxide (CO2),185024880.0,384.57325764280205,1,0,0,0,0,0,0,0
2023,7(a),9.5091,45.2571,Ammonia (NH3),29878.0,443.79061727829855,0,0,1,0,0,0,0,0
2022,5(d),10.8039,43.5667,Methane (CH4),1439100.0,230.94139994534785,0,0,0,0,0,0,0,1
2023,3(a),16.0871,40.4101,Nitrous oxide (N2O),11000.0,343.3499001389804,0,0,0,1,0,0,0,0
2022,7(a),13.385475,42.0542,Ammonia (NH3),10960.0,75.39572084760931,0,0,1,0,0,0,0,0
2022,2(b),17.1999,40.5167,Ammonia (NH3),13390.0,422.49503361756746,0,0,0,0,0,0,1,0
2024,4(a),,,Chlorofluorocarbons (CFCs),83.0,,1,0,0,0,0,0,0,0
2022,7(a),11.051317,45.006433,Ammonia (NH3),18668.0,364.2706792278206,0,0,1,0,0,0,0,0
2023,7(a),7.7103,44.4975,Ammonia (NH3),11922.0,483.33412259197064,0,0,1,0,0,0,0,0
2022,1(c),11.1387,45.0593,Carbon monoxide (CO),949777.0,367.66839201636236,0,1,0,0,0,0,0,0
2023,7(a),7.4553,44.8448,Ammonia (NH3),13366.0,522.3518223950214,0,0,1,0,0,0,0,0
2024,7(a),10.7114,45.2478,Ammonia (NH3),16534.0,398.74666494463963,0,0,1,0,0,0,0,0
2021,7(a),9.986449,45.457268,Ammonia (NH3),25344.0,443.73676407399853,0,0,1,0,0,0,0,0
2022,1(c),11.7654,42.1231,Nitrous oxide (N2O),17740.0,65.17174386427507,0,1,0,0,0,0,0,0
2022,3(c),13.258717,42.463755,Benzene,1739.6,88.52024109973759,0,0,0,1,0,0,0,0
2023,7(a),10.5831,44.9775,Ammonia (NH3),10820.0,375.140046982053,0,0,1,0,0,0,0,0
2021,7(a),10.2983,44.9122,Ammonia (NH3),140000.0,378.7852454570796,0,0,1,0,0,0,0,0
2021,7(a),11.9097,43.9454,Ammonia (NH3),14869.0,232.09427765558974,0,0,1,0,0,0,0,0
2024,4(e),17.9567,40.6417,Dichloromethane (DCM),117401.0144,477.28850834047483,1,0,0,0,0,0,0,0
2021,2(b),12.6667,42.5667,PCDD + PCDF (dioxins + furans) (as Teq),0.00016,75.14187357873665,0,0,0,0,0,0,1,0
2024,7(a),10.885,44.5614,Ammonia (NH3),35229.0,323.14673751838654,0,0,1,0,0,0,0,0
2021,7(a),11.3586,45.1281,Ammonia (NH3),11598.0,370.1756752096091,0,0,1,0,0,0,0,0
2021,5(d),14.122778,42.328889,Methane (CH4),213990.0,142.26703012250712,0,0,0,0,0,0,0,1
2022,7(a),12.6888,46.0737,Ammonia (NH3),10946.0,464.0378532056598,0,0,1,0,0,0,0,0
2022,7(a),10.9097,45.2153,Ammonia (NH3),12840.0,389.8701969455342,0,0,1,0,0,0,0,0
2022,7(a),7.8897,44.8978,Ammonia (NH3),28252.0,499.27418194668877,0,0,1,0,0,0,0,0
2024,7(a),12.2994,44.1514,Ammonia (NH3),34499.0,250.54494829404263,0,0,1,0,0,0,0,0
2021,7(a),11.9262,44.7146,Ammonia (NH3),49835.0,316.04109362281775,0,0,1,0,0,0,0,0
2024,4(a),18.0022,40.6395,Nitrogen oxides (NOX),247770.0,481.00117134663145,1,0,0,0,0,0,0,0
2021,2(b),17.1999,40.5167,Particulate matter (PM10),212250.0,422.49503361756746,0,0,0,0,0,0,1,0
2022,3(c),11.966666,45.877777,Nitrogen oxides (NOX),430571.0,444.0279993253838,0,0,0,1,0,0,0,0
2021,1(c),9.4359,45.3345,Nitrogen oxides (NOX),636000.0,454.1275854590648,0,1,0,0,0,0,0,0
2023,7(a),10.5275,45.2553,Ammonia (NH3),33248.0,405.08217932930353,0,0,1,0,0,0,0,0
2022,4(a),9.7667,45.7136,Carbon monoxide (CO),6444500.3,476.9347657260154,1,0,0,0,0,0,0,0
2022,3(c),13.0042,41.7367,Benzene,1270.0,45.95489691933602,0,0,0,1,0,0,0,0
2023,7(a),15.672375,41.167683,Particulate matter (PM10),261450.0,276.68076729342255,0,0,1,0,0,0,0,0
2024,7(a),10.8261,44.9379,Ammonia (NH3),12545.0,363.4278836272409,0,0,1,0,0,0,0,0
2022,5(f),11.375,45.4447,Sulphur oxides (SOX),309000.0,404.0238296793301,0,0,0,0,0,0,0,1
2021,7(a),10.5753,44.9625,Ammonia (NH3),22408.0,373.88940280209664,0,0,1,0,0,0,0,0
2022,4(a),15.1973,37.167,Nitrous oxide (N2O),15570.0,575.2012058760492,1,0,0,0,0,0,0,0
2021,5(d),9.168889,39.420556,Methane (CH4),338000.0,393.5878025129596,0,0,0,0,0,0,0,1
2022,7(a),11.3294,44.9014,Ammonia (NH3),66713.0,346.4911663316083,0,0,1,0,0,0,0,0
2024,1(c),11.5001,44.6,Methane (CH4),195744.0,310.5725771825175,0,1,0,0,0,0,0,0
2023,7(a),12.167853,44.246331,Ammonia (NH3),17545.0,261.9509083816329,0,0,1,0,0,0,0,0
2022,7(a),7.6753,44.7019,Ammonia (NH3),23852.0,498.9214971192758,0,0,1,0,0,0,0,0
2024,3(c),7.5,44.2833,Hydrogen cyanide (HCN),253.8384,484.2811228602819,0,0,0,1,0,0,0,0
2023,8(b),11.90642982,44.31728126,Hydro-fluorocarbons (HFCS),163.15,272.7139102784844,0,0,0,0,0,0,0,0
2024,7(a),7.9481,44.4167,Ammonia (NH3),13224.0,462.7373543275506,0,0,1,0,0,0,0,0
2023,4(a),9.0328,45.5222,Hydro-fluorocarbons (HFCS),319.0,489.2461839941154,1,0,0,0,0,0,0,0
2023,7(a),10.313,45.2742,Ammonia (NH3),12930.0,414.0353640554431,0,0,1,0,0,0,0,0
2021,3(e),10.6864,43.8683,Cadmium and compounds (as Cd),11.0,263.6362401569864,0,0,0,1,0,0,0,0
2022,3(c),10.3444,45.5153,Ammonia (NH3),48857.0,437.306929605887,0,0,0,1,0,0,0,0
2021,4(a),12.2363,45.4438,Carbon dioxide (CO2),678296050.0,394.29587462725914,1,0,0,0,0,0,0,0
2023,3(c),13.258717,42.463755,Nitrogen oxides (NOX),276170.8,88.52024109973759,0,0,0,1,0,0,0,0
2022,4(b),8.9883,39.2347,Sulphur oxides (SOX),192690.0,419.23745250947223,1,0,0,0,0,0,0,0
2023,7(a),10.8179,45.0899,Ammonia (NH3),34890.0,379.3479112993645,0,0,1,0,0,0,0,0
2023,1(c),15.0005,41.9372,Carbon dioxide (CO2),174340785.6,207.21151513826103,0,1,0,0,0,0,0,0
2024,7(a),11.4734,45.3079,Ammonia (NH3),12410.0,387.47604736852253,0,0,1,0,0,0,0,0
2023,3(c),15.180555,37.194444,Carbon dioxide (CO2),395619441.0,571.8128643506107,0,0,0,1,0,0,0,0
2024,3(e),10.8997,43.7139,Nitrogen oxides (NOX),111349.4,239.8251737876945,0,0,0,1,0,0,0,0
2021,7(a),11.972,45.886,Ammonia (NH3),11402.0,444.89738010761147,0,0,1,0,0,0,0,0
2023,5(b),8.7776,45.2804,Nitrogen oxides (NOX),129515.0,480.25011833890966,0,0,0,0,0,0,0,1
2021,5(b),14.3883,40.9667,Nitrogen oxides (NOX),253630.0,188.96086567559271,0,0,0,0,0,0,0,1
2022,7(a),8.1635,45.4613,Ammonia (NH3),13560.0,527.0640060349571,0,0,1,0,0,0,0,0
2022,5(d),12.1097,42.7517,Methane (CH4),1648910.0,99.60234411503073,0,0,0,0,0,0,0,1
2024,2(b),11.5083,45.5194,PCDD + PCDF (dioxins + furans) (as Teq),0.000278,409.9050166276053,0,0,0,0,0,0,1,0
2024,1(c),15.4759,41.2018,Carbon dioxide (CO2),128014000.0,259.8801424448694,0,1,0,0,0,0,0,0
2022,1(c),12.2661,44.4844,Carbon dioxide (CO2),1138840737.0,287.6669114626911,0,1,0,0,0,0,0,0
2024,3(a),13.7821,44.077,Nitrogen oxides (NOX),127023.0,263.3982981708442,0,0,0,1,0,0,0,0
2022,2(b),17.1999,40.5167,Arsenic and compounds (as As),76.17,422.49503361756746,0,0,0,0,0,0,1,0
2024,1(c),12.306556,46.325592,Nitrogen oxides (NOX),107910.0,492.0250649315349,0,1,0,0,0,0,0,0
2024,7(a),12.3957,43.1373,Ammonia (NH3),39500.0,137.51796750832895,0,0,1,0,0,0,0,0
2021,3(c),9.7192,40.5425,Nitrogen oxides (NOX),175533.0,277.1588315763164,0,0,0,1,0,0,0,0
2023,2(b),11.4355,46.0159,Arsenic and compounds (as As),21.0,465.15944395497223,0,0,0,0,0,0,1,0
2023,7(a),12.5025,43.0435,Ammonia (NH3),29400.0,126.84103938838427,0,0,1,0,0,0,0,0
2021,4(e),8.0153,44.2144,Hydro-fluorocarbons (HFCS),276.0,445.5530500261605,1,0,0,0,0,0,0,0
2023,3(c),13.2503,38.190833,Ammonia (NH3),45983.0,417.7054329667705,0,0,0,1,0,0,0,0
2021,7(a),9.938889,45.377222,Ammonia (NH3),11490.0,437.67672875927775,0,0,1,0,0,0,0,0
2023,7(a),10.931,45.0352,Ammonia (NH3),23405.0,370.48757976398787,0,0,1,0,0,0,0,0
2021,9(c),14.2753,40.9378,Non-methane volatile organic compounds (NMVOC),504900.0,183.0654843889624,0,0,0,0,1,0,0,0
2022,7(a),11.8774,45.0163,Ammonia (NH3),32634.0,349.78846933998545,0,0,1,0,0,0,0,0
2021,8(b),11.1636,46.655,Hydrochlorofluorocarbons (HCFCs),60.0,538.9445561660673,0,0,0,0,0,0,0,0
2024,1(c),7.9005,45.1854,Nitrogen oxides (NOX),176880.0,519.876589257793,0,1,0,0,0,0,0,0
2021,7(a),10.1006,45.4172,Ammonia (NH3),16437.0,435.6713593413412,0,0,1,0,0,0,0,0
2022,7(a),10.8525,45.2436,Ammonia (NH3),17350.0,394.35617412916224,0,0,1,0,0,0,0,0
2023,7(a),9.715278,45.503845,Ammonia (NH3),12926.0,458.52873817223474,0,0,1,0,0,0,0,0
2022,7(a),9.8089,45.1986,Ammonia (NH3),31990.0,425.6316362060307,0,0,1,0,0,0,0,0
2024,3(c),14.0658,41.4456,Carbon dioxide (CO2),723562000.0,139.90801467376932,0,0,0,1,0,0,0,0
2022,7(a),10.9547,44.7678,Ammonia (NH3),40148.0,342.0878227945467,0,0,1,0,0,0,0,0
2021,3(c),14.0658,41.4456,Nitrogen oxides (NOX),1216200.0,139.90801467376932,0,0,0,1,0,0,0,0
2021,7(a),12.158333,44.751944,Ammonia (NH3),15590.0,317.9874525517358,0,0,1,0,0,0,0,0
2023,9(c),13.4258,41.9964,Sulphur hexafluoride (SF6),1209.0,77.56184590909317,0,0,0,0,1,0,0,0
2023,7(a),15.917222,41.855,Ammonia (NH3),178240.0,283.24440313804433,0,0,1,0,0,0,0,0
2024,1(c),8.739,45.5212,Carbon monoxide (CO),2200000.0,502.9487066098593,0,1,0,0,0,0,0,0
2023,1(a),8.7858,45.4372,"1,1,1-trichloroethane (TCE-1,1,1)",303.1249,493.3600021474541,0,1,0,0,0,0,0,0
2024,1(a),15.1905,37.2216,Benzene,3344.8,569.3767495576742,0,1,0,0,0,0,0,0
2024,5(b),10.3557,44.8382,Carbon dioxide (CO2),169583394.2,369.39567068083886,0,0,0,0,0,0,0,1
2022,7(a),10.5495,45.16003,Ammonia (NH3),10000.0,394.69952171098515,0,0,1,0,0,0,0,0
2024,9(c),13.4701,45.9567,Non-methane volatile organic compounds (NMVOC),110090.0,457.45698889275104,0,0,0,0,1,0,0,0
2024,7(a),11.997778,43.171667,Ammonia (NH3),15500.0,146.8863142278786,0,0,1,0,0,0,0,0
2023,7(a),12.8283,46.1106,Ammonia (NH3),18004.0,468.6371041128512,0,0,1,0,0,0,0,0
2024,7(a),9.3649,45.2269,Ammonia (NH3),14862.0,447.4451209556297,0,0,1,0,0,0,0,0
2022,4(e),9.0397,45.6164,Dichloromethane (DCM),75787.07,497.46179291525067,1,0,0,0,0,0,0,0
2022,1(a),10.3365,43.5872,Carbon dioxide (CO2),429127810.0,257.2528399694245,0,1,0,0,0,0,0,0
2022,7(a)(i),9.374444,46.282222,Ammonia (NH3),10890.0,546.9732945253231,0,0,1,0,0,0,0,0
2021,1(c),10.7146,45.3983,Carbon dioxide (CO2),381963300.0,414.2467731442831,0,1,0,0,0,0,0,0
2024,5(a),11.2397,45.2278,Chlorofluorocarbons (CFCs),3.305,383.32298534907477,0,0,0,0,0,0,0,1
2022,3(e),10.3858,43.7061,Carbon dioxide (CO2),107243000.0,264.2817592979229,0,0,0,1,0,0,0,0
2021,7(a),11.060595,45.552892,Ammonia (NH3),16523.0,421.93026850976213,0,0,1,0,0,0,0,0
2022,1(c),15.2022,37.1291,Ammonia (NH3),26400.0,579.2538732559473,0,1,0,0,0,0,0,0
2022,1(a),15.1905,37.2216,Benzene,3817.4,569.3767495576742,0,1,0,0,0,0,0,0
2021,1(c),9.174,45.4693,Hydro-fluorocarbons (HFCS),1000.0,478.06584578336634,0,1,0,0,0,0,0,0
2023,7(a),9.8555,45.1751,Ammonia (NH3),13051.0,421.49903302079076,0,0,1,0,0,0,0,0
2021,1(c),9.8722,44.1111,Carbon dioxide (CO2),195192000.0,325.2752753779727,0,1,0,0,0,0,0,0
2024,7(a),10.6975,45.0417,Ammonia (NH3),12572.0,377.9861726675765,0,0,1,0,0,0,0,0
2021,4(e),9.3747,45.4044,Dichloromethane (DCM),57157.0,463.2452754182313,1,0,0,0,0,0,0,0
2022,3(e),9.08,45.417778,Nitrogen oxides (NOX),467680.0,477.6953317555612,0,0,0,1,0,0,0,0
2021,7(a),9.9478,44.9517,Ammonia (NH3),12440.0,396.5534324825875,0,0,1,0,0,0,0,0
2023,4(b),12.2333,44.4333,Sulphur oxides (SOX),1353420.7,282.1861503637189,1,0,0,0,0,0,0,0
2024,7(a),10.7583,44.9094,Ammonia (NH3),10196.0,362.5829481925619,0,0,1,0,0,0,0,0
2022,5(c),12.142182,45.576876,Hydro-fluorocarbons (HFCS),601.35,409.5272183627053,0,0,0,0,0,0,0,1
2021,3(e),11.3731,45.4181,Nitrogen oxides (NOX),523088.0,401.18016620160887,0,0,0,1,0,0,0,0
2022,2(e),9.920278,45.540278,Zinc and compounds (as Zn),261.709,454.307705987385,0,0,0,0,0,0,1,0
2023,7(a),10.7114,45.2478,Ammonia (NH3),14618.0,398.74666494463963,0,0,1,0,0,0,0,0
2022,1(c),15.1825,37.1791,Zinc and compounds (as Zn),665.948,573.451982183205,0,1,0,0,0,0,0,0
2024,7(a),10.9861,45.0939,Ammonia (NH3),28834.0,375.1439921961907,0,0,1,0,0,0,0,0
2024,7(a),10.6521,44.8698,Ammonia (NH3),15725.0,361.9904384237353,0,0,1,0,0,0,0,0
2024,2(b),17.1999,40.5167,PCDD + PCDF (dioxins + furans) (as Teq),0.00019,422.49503361756746,0,0,0,0,0,0,1,0
2022,9(c),13.4258,41.9964,Non-methane volatile organic compounds (NMVOC),101724.0,77.56184590909317,0,0,0,0,1,0,0,0
2022,9(c),11.3561,45.5075,Non-methane volatile organic compounds (NMVOC),155526.0,411.15864110268586,0,0,0,0,1,0,0,0
2022,3(a),13.7821,44.077,Nitrogen oxides (NOX),152785.0,263.3982981708442,0,0,0,1,0,0,0,0
2024,2(b),11.0,45.4333,Cadmium and compounds (as Cd),10.6,410.5887775813313,0,0,0,0,0,0,1,0
2024,7(a),9.4197,45.3972,Ammonia (NH3),15207.0,460.62799537158656,0,0,1,0,0,0,0,0
2021,7(a),10.5302,45.0961,Ammonia (NH3),20454.0,388.8531746682871,0,0,1,0,0,0,0,0
2022,4(e),15.056389,37.449444,Polychlorinated biphenyls (PCBs),1.0853,541.4216506535732,1,0,0,0,0,0,0,0
2021,4(a),9.7667,45.7136,Carbon dioxide (CO2),177397000.0,476.9347657260154,1,0,0,0,0,0,0,0
2022,1(c),13.5455,45.7969,Sulphur oxides (SOX),246975.2,441.0889789395028,0,1,0,0,0,0,0,0
2024,1(c),15.9735,38.4408,Carbon dioxide (CO2),614231000.0,485.15807676212285,0,1,0,0,0,0,0,0
2022,6(b),10.5167,44.9167,Copper and compounds (as Cu),100.0,371.29893725265117,0,0,0,0,0,1,0,0
2022,7(a),11.89402,44.60484,Ammonia (NH3),23400.0,304.3852545470102,0,0,1,0,0,0,0,0
2021,3(c),10.3444,45.5153,Carbon monoxide (CO),650983.0,437.306929605887,0,0,0,1,0,0,0,0
2023,1(a),9.0113,39.0971,Benzene,5483.5408,429.0677199992063,0,1,0,0,0,0,0,0
2021,1(a),15.219444,37.135556,Carbon dioxide (CO2),1221792000.0,579.1857861069731,0,1,0,0,0,0,0,0
2024,1(c),12.2661,44.4844,Sulphur hexafluoride (SF6),69.65,287.6669114626911,0,1,0,0,0,0,0,0
2021,7(a)(i),13.058333,42.440833,Ammonia (NH3),11200.0,75.65507082288369,0,0,1,0,0,0,0,0
2022,2(f),12.2444,44.4681,Nitrogen oxides (NOX),212378.0,285.9786806487635,0,0,0,0,0,0,1,0
2021,7(a),10.1053,45.5697,Ammonia (NH3),21420.0,450.6739409169753,0,0,1,0,0,0,0,0
2024,4(e),17.9567,40.6417,Hydro-fluorocarbons (HFCS),297.8,477.28850834047483,1,0,0,0,0,0,0,0
2021,3(c),13.258717,42.463755,Nitrogen oxides (NOX),295717.0,88.52024109973759,0,0,0,1,0,0,0,0
2021,4(b),10.4739,43.4089,Carbon monoxide (CO),7713249.0,235.36059793219042,1,0,0,0,0,0,0,0
2021,1(c),14.1129,41.1774,Carbon dioxide (CO2),984829000.0,156.8614940772323,0,1,0,0,0,0,0,0
2021,7(a),7.65,44.55,Ammonia (NH3),12536.0,490.6012271219226,0,0,1,0,0,0,0,0
2023,7(a)(ii),7.3756,44.7411,Ammonia (NH3),11700.0,520.601724260065,0,0,1,0,0,0,0,0
2022,7(a),9.978333,44.953611,Ammonia (NH3),11939.0,395.46121297512906,0,0,1,0,0,0,0,0
2022,7(a),10.1386,45.4528,Ammonia (NH3),43445.0,437.8692177323516,0,0,1,0,0,0,0,0
2021,7(a),10.3899,45.3379,Ammonia (NH3),45425.0,417.8721165336042,0,0,1,0,0,0,0,0
2021,7(a),10.9119,45.0928,Ammonia (NH3),28599.0,377.01330693781745,0,0,1,0,0,0,0,0
2024,5(b),14.3883,40.9667,Carbon dioxide (CO2),436556555.6,188.96086567559271,0,0,0,0,0,0,0,1
2023,9(c),11.526935,45.742362,Non-methane volatile organic compounds (NMVOC),635491.0,433.9563665048798,0,0,0,0,1,0,0,0
2021,7(a),12.1503,44.9517,Ammonia (NH3),26636.0,340.17134527177257,0,0,1,0,0,0,0,0
2023,6(b),11.05,45.0667,Cadmium and compounds (as Cd),16.2,370.6401970890199,0,0,0,0,0,1,0,0
2022,3(c),13.2503,38.190833,Sulphur oxides (SOX),188515.0,417.7054329667705,0,0,0,1,0,0,0,0
2021,7(a),7.8898,44.9805,Ammonia (NH3),17170.0,505.2549258306158,0,0,1,0,0,0,0,0
2024,7(a),11.6108,45.2897,Ammonia (NH3),56905.0,383.2918819090536,0,0,1,0,0,0,0,0
2021,3(c),,,Nitrogen oxides (NOX),171300.0,,0,0,0,1,0,0,0,0
2023,7(a),9.7261,45.1333,Ammonia (NH3),14131.0,422.94273187995987,0,0,1,0,0,0,0,0
2023,7(a),11.06299695,44.94008451,Ammonia (NH3),10013.0,357.00387277993946,0,0,1,0,0,0,0,0
2021,7(a),10.5193,45.3333,Ammonia (NH3),18602.0,413.2901832675441,0,0,1,0,0,0,0,0
2021,9(c),9.410564,45.30866,Non-methane volatile organic compounds (NMVOC),452867.0,452.8604934666745,0,0,0,0,1,0,0,0
2021,7(a)(ii),9.3834,45.25,Ammonia (NH3),15744.0,448.70761466712275,0,0,1,0,0,0,0,0
2021,9(c),13.4258,41.9964,Perfluorocarbons (PFCs),808.0,77.56184590909317,0,0,0,0,1,0,0,0
2021,7(a),16.0768,40.9085,Methane (CH4),213742.0,318.38896765571116,0,0,1,0,0,0,0,0
2024,7(a),12.0308,43.8772,Ammonia (NH3),12102.0,222.7948334087897,0,0,1,0,0,0,0,0
2022,1(a),8.7858,45.4372,Zinc and compounds (as Zn),216.02,493.3600021474541,0,1,0,0,0,0,0,0
2022,7(a),7.4745,44.427,Ammonia (NH3),12931.0,494.49369759983017,0,0,1,0,0,0,0,0
2021,1(c),17.2152,40.5108,Cadmium and compounds (as Cd),16.211,423.94185302872364,0,1,0,0,0,0,0,0
2023,1(c),15.268,38.1977,Carbon dioxide (CO2),344103000.0,474.6827614028966,0,1,0,0,0,0,0,0
2022,7(a)(iii),8.8255,45.0627,Ammonia (NH3),10982.0,459.43287662480066,0,0,1,0,0,0,0,0
2023,1(c),10.4494,43.3816,Nitrogen oxides (NOX),195615.0,234.66174872826318,0,1,0,0,0,0,0,0
2022,2(b),10.459167,45.4625,Carbon monoxide (CO),1146878.3,428.34294478117357,0,0,0,0,0,0,1,0
2023,9(c),13.4258,41.9964,Methane (CH4),619440.0,77.56184590909317,0,0,0,0,1,0,0,0
2021,7(a),9.995,45.3697,Ammonia (NH3),35470.0,434.8388891268442,0,0,1,0,0,0,0,0
2023,1(c),17.2152,40.5108,Arsenic and compounds (as As),87.83,423.94185302872364,0,1,0,0,0,0,0,0
2024,7(a),9.7756,45.2617,Ammonia (NH3),70278.0,432.9783135219371,0,0,1,0,0,0,0,0
2022,1(c),9.0197,40.2392,Nitrogen oxides (NOX),216534.0,345.1538185907066,0,1,0,0,0,0,0,0
2022,7(a),9.9014,45.5608,Ammonia (NH3),25740.0,457.0127532585118,0,0,1,0,0,0,0,0
2023,3(e),9.6395,45.5201,Ammonia (NH3),16342.0,463.0780622267851,0,0,0,1,0,0,0,0
2024,3(g),10.8247,44.3744,Nitrogen oxides (NOX),119958.0,306.4612510548199,0,0,0,1,0,0,0,0
2023,9(c),13.4258,41.9964,Hydro-fluorocarbons (HFCS),322.0,77.56184590909317,0,0,0,0,1,0,0,0
2024,7(a),9.55785,45.285233,Ammonia (NH3),10693.0,444.29069020281884,0,0,1,0,0,0,0,0
2022,2(b),10.459167,45.4625,Zinc and compounds (as Zn),288.8073,428.34294478117357,0,0,0,0,0,0,1,0
2023,7(a),12.260278,44.185,Ammonia (NH3),12072.0,254.4931321007524,0,0,1,0,0,0,0,0
2024,4(e),9.0397,45.6164,Non-methane volatile organic compounds (NMVOC),329020.0,497.46179291525067,1,0,0,0,0,0,0,0
2024,1(a),8.7858,45.4372,Sulphur oxides (SOX),1674090.3,493.3600021474541,0,1,0,0,0,0,0,0
2024,7(a),9.6444,45.3345,Ammonia (NH3),31860.0,445.2572561014441,0,0,1,0,0,0,0,0
2022,3(e),9.08,45.417778,Chlorine and inorganic compounds (as HCl),13500.0,477.6953317555612,0,0,0,1,0,0,0,0
2022,1(c),8.4308,44.2766,Carbon dioxide (CO2),1070742260.0,422.5973244927098,0,1,0,0,0,0,0,0
2022,2(e),9.8839,45.8656,Mercury and compounds (as Hg),28.29,487.7848023077205,0,0,0,0,0,0,1,0
2023,6(b),10.5167,44.9167,Nitrogen oxides (NOX),204000.0,371.29893725265117,0,0,0,0,0,1,0,0
2024,7(a),11.785,45.156,Ammonia (NH3),18451.0,366.2530756963119,0,0,1,0,0,0,0,0
2021,7(a),11.5146,44.1887,Ammonia (NH3),15923.0,266.40187872748817,0,0,1,0,0,0,0,0
2022,2(b),13.0778,46.2306,Nitrogen oxides (NOX),142900.0,483.46211416770933,0,0,0,0,0,0,1,0
2023,9(c),,,Non-methane volatile organic compounds (NMVOC),296850.0,,0,0,0,0,1,0,0,0
2022,7(a),12.313056,43.941667,Ammonia (NH3),19566.0,227.2024811025456,0,0,1,0,0,0,0,0
2022,7(a),9.3603,45.2739,Ammonia (NH3),18658.0,451.92151195317103,0,0,1,0,0,0,0,0
2024,7(a),12.3811,44.0086,Ammonia (NH3),26317.0,234.34213329577935,0,0,1,0,0,0,0,0
2024,2(e),16.259166,38.876111,Lead and compounds (as Pb),1300.0,463.3928428836889,0,0,0,0,0,0,1,0
2022,1(a),8.8768,45.0997,Non-methane volatile organic compounds (NMVOC),280820.0,459.8924322368035,0,1,0,0,0,0,0,0
2024,9(c),9.3333,45.5667,Perfluorocarbons (PFCs),3312.0,480.07797140875863,0,0,0,0,1,0,0,0
2022,7(a),10.370472,45.339833,Ammonia (NH3),25160.0,418.7033983883458,0,0,1,0,0,0,0,0
2022,7(a),9.937222,45.398611,Ammonia (NH3),10430.0,439.8223772854267,0,0,1,0,0,0,0,0
2021,1(c),15.2808,38.2019,Nitrogen oxides (NOX),413850.0,474.81617636859517,0,1,0,0,0,0,0,0
2023,7(a),12.7097,46.0478,Ammonia (NH3),76505.0,461.21837966978154,0,0,1,0,0,0,0,0
2021,7(a),7.6803,44.4214,Ammonia (NH3),11996.0,480.50675249744177,0,0,1,0,0,0,0,0
2022,2(b),10.3315,45.3735,PCDD + PCDF (dioxins + furans) (as Teq),0.000127,423.3822421972733,0,0,0,0,0,0,1,0
2024,4(e),9.0397,45.6164,Dichloromethane (DCM),36936.5,497.46179291525067,1,0,0,0,0,0,0,0
2022,7(a),10.219167,45.361667,Ammonia (NH3),11140.0,425.9964372254666,0,0,1,0,0,0,0,0
2024,1(c),17.088769,39.094094,Nitrogen oxides (NOX),320311.0,498.1901165776871,0,1,0,0,0,0,0,0
2023,2(b),13.2534,46.0067,Carbon dioxide (CO2),259007000.0,460.33206608834774,0,0,0,0,0,0,1,0
2022,9(c),9.8286,45.5517,Non-methane volatile organic compounds (NMVOC),165334.0,458.81982578694243,0,0,0,0,1,0,0,0
2023,3(c),9.7186,45.0497,Carbon monoxide (CO),514244.0,415.4886311061949,0,0,0,1,0,0,0,0
2023,2(b),10.3894,45.6392,Zinc and compounds (as Zn),779.176,448.5499430851952,0,0,0,0,0,0,1,0
2023,4(e),13.0569,46.0372,Dichloromethane (DCM),1162.03,461.9037981195701,1,0,0,0,0,0,0,0
2023,1(c),18.0321,40.5638,Mercury and compounds (as Hg),15.9313,486.1548254028064,0,1,0,0,0,0,0,0
2024,7(a),7.607536,44.356389,Ammonia (NH3),20713.0,481.35465193660883,0,0,1,0,0,0,0,0
2024,2(b),13.2306,45.7883,Zinc and compounds (as Zn),465.75,436.03565456126165,0,0,0,0,0,0,1,0
2021,7(a),11.201403,44.959919,Ammonia (NH3),15108.0,355.64274327451386,0,0,1,0,0,0,0,0
2023,7(a),12.2123,44.9979,Ammonia (NH3),14359.0,344.92200432794266,0,0,1,0,0,0,0,0
2024,7(a),11.051,44.737,Ammonia (NH3),16227.0,336.1261331447292,0,0,1,0,0,0,0,0
2022,1(c),12.2458,45.4313,Nitrogen oxides (NOX),1226140.8,392.8681219243284,0,1,0,0,0,0,0,0
2024,7(a)(ii),9.5228,45.3564,Ammonia (NH3),10253.0,452.41700002708785,0,0,1,0,0,0,0,0
2024,4(e),17.9567,40.6417,Non-methane volatile organic compounds (NMVOC),220426.8,477.28850834047483,1,0,0,0,0,0,0,0
2021,7(a),9.9708,45.3194,Ammonia (NH3),20100.0,430.84410813552154,0,0,1,0,0,0,0,0
2021,7(a),9.9612,45.3253,Ammonia (NH3),11370.0,431.7821411707818,0,0,1,0,0,0,0,0
2024,7(a),10.9547,44.7678,Ammonia (NH3),19038.0,342.0878227945467,0,0,1,0,0,0,0,0
2024,9(c),10.7272,46.0367,Non-methane volatile organic compounds (NMVOC),169429.0,480.9447838078425,0,0,0,0,1,0,0,0
2021,7(a),9.3158,45.1786,Ammonia (NH3),30990.0,445.3422523845748,0,0,1,0,0,0,0,0
2021,6(b),13.0739,46.2325,Ammonia (NH3),156610.0,483.64256280003474,0,0,0,0,0,1,0,0
2024,2(b),11.95,45.3833,Nitrogen oxides (NOX),865817.0,389.5005263497925,0,0,0,0,0,0,1,0
2023,4(a),14.2772,37.0554,Carbon dioxide (CO2),211194000.0,560.2184704049324,1,0,0,0,0,0,0,0
2021,7(a),10.3511,45.3533,Ammonia (NH3),18118.0,420.69931035990237,0,0,1,0,0,0,0,0
2021,1(c),13.2464,45.9278,Nitrogen oxides (NOX),204085.0,451.56731242237703,0,1,0,0,0,0,0,0
2024,7(a),9.9097,45.2067,Ammonia (NH3),37010.0,422.33686367590235,0,0,1,0,0,0,0,0
2021,7(a),10.132222,45.066944,Ammonia (NH3),40080.0,400.1665381890098,0,0,1,0,0,0,0,0
2023,7(a),7.7111,44.4589,Ammonia (NH3),10701.0,480.833990120145,0,0,1,0,0,0,0,0
2021,4(e),8.6356,45.5045,Hydro-fluorocarbons (HFCS),133.9,506.5324174448095,1,0,0,0,0,0,0,0
2021,4(e),9.0069,45.1714,Non-methane volatile organic compounds (NMVOC),463982.0,459.48453941913266,1,0,0,0,0,0,0,0
2023,7(a),9.3194,45.3119,Ammonia (NH3),31331.0,457.2181426786513,0,0,1,0,0,0,0,0
2024,3(c),15.6736,40.9497,Carbon monoxide (CO),691975.0,285.2888248631794,0,0,0,1,0,0,0,0
2021,5(b),9.0706,45.5042,Nitrogen oxides (NOX),126885.0,485.8999911744329,0,0,0,0,0,0,0,1
2021,7(a),11.449722,45.643139,Ammonia (NH3),12790.0,424.3013722463416,0,0,1,0,0,0,0,0
2022,7(a),7.763055,44.697222,Ammonia (NH3),14200.0,493.07946585751637,0,0,1,0,0,0,0,0
2022,7(a),7.7111,44.4589,Ammonia (NH3),10626.0,480.833990120145,0,0,1,0,0,0,0,0
2024,7(a),12.3975,45.705,Ammonia (NH3),15310.0,422.8597382375929,0,0,1,0,0,0,0,0
2022,4(e),9.1333,45.1667,Non-methane volatile organic compounds (NMVOC),130760.0,452.9144616594176,1,0,0,0,0,0,0,0
2022,7(a),10.2969,44.7048,Ammonia (NH3),16163.0,358.7862520818119,0,0,1,0,0,0,0,0
2022,7(a),10.235056,45.207861,Nitrous oxide (N2O),61000.0,410.16037177929945,0,0,1,0,0,0,0,0
2023,1(c),8.7397,45.6203,Carbon dioxide (CO2),122997000.0,511.6199893408119,0,1,0,0,0,0,0,0
2021,7(a),10.7039,45.1147,Ammonia (NH3),20048.0,385.26617799205485,0,0,1,0,0,0,0,0
2023,7(a),11.9728,45.6225,Ammonia (NH3),13884.0,415.74081096686905,0,0,1,0,0,0,0,0
2021,7(a),9.7647,45.1636,Ammonia (NH3),17217.0,424.1555620608576,0,0,1,0,0,0,0,0
2021,1(c),18.0321,40.5638,Fluorine and inorganic compounds (as HF),23181.518,486.1548254028064,0,1,0,0,0,0,0,0
2023,4(a),15.1752,37.2191,Benzene,5909.53,569.10296764055,1,0,0,0,0,0,0,0
2022,7(a)(ii),12.2078,43.1447,Ammonia (NH3),10100.0,140.10337968917906,0,0,1,0,0,0,0,0
2023,1(a),9.0113,39.0971,Non-methane volatile organic compounds (NMVOC),507084.4,429.0677199992063,0,1,0,0,0,0,0,0
2023,7(a),11.9686,45.0014,Ammonia (NH3),11440.0,347.1703986282376,0,0,1,0,0,0,0,0
2021,3(c),9.4667,45.6847,Carbon monoxide (CO),824576.0,485.68689503915584,0,0,0,1,0,0,0,0
2024,7(a),7.3458,44.8653,Ammonia (NH3),11480.0,530.6295186485146,0,0,1,0,0,0,0,0
2021,2(b),10.3315,45.3735,Polychlorinated biphenyls (PCBs),0.101,423.3822421972733,0,0,0,0,0,0,1,0
2022,9(c),10.7272,46.0367,Non-methane volatile organic compounds (NMVOC),219140.0,480.9447838078425,0,0,0,0,1,0,0,0
2023,7(a),12.121994,45.666217,Ammonia (NH3),14193.0,419.5494001415701,0,0,1,0,0,0,0,0
2022,7(a),7.465278,44.704444,Ammonia (NH3),16548.0,512.4680977362208,0,0,1,0,0,0,0,0
2021,7(a),12.3957,43.1373,Ammonia (NH3),16200.0,137.51796750832895,0,0,1,0,0,0,0,0
2021,3(e),12.9114,45.7825,Sulphur oxides (SOX),182827.9,432.68306868071477,0,0,0,1,0,0,0,0
2024,1(c),15.268,38.1977,Nitrogen oxides (NOX),106520.4,474.6827614028966,0,1,0,0,0,0,0,0
2024,2(c),9.9659,45.1474,Nitrogen oxides (NOX),103368.0,414.4202705441807,0,0,0,0,0,0,1,0
2021,7(a),9.881667,45.535833,Ammonia (NH3),13510.0,455.2931065018369,0,0,1,0,0,0,0,0
2022,2(e),9.3242,45.5611,Sulphur oxides (SOX),192000.0,479.9435168749245,0,0,0,0,0,0,1,0
2024,1(a),15.1905,37.2216,Sulphur oxides (SOX),4150266.1,569.3767495576742,0,1,0,0,0,0,0,0
2021,7(a),12.6331,42.8558,Ammonia (NH3),10300.0,106.56194315343484,0,0,1,0,0,0,0,0
2024,7(a),10.5831,44.9842,Ammonia (NH3),18326.0,375.8155074188588,0,0,1,0,0,0,0,0
2024,7(a),11.0124,44.8648,Ammonia (NH3),12957.0,350.49650134211697,0,0,1,0,0,0,0,0
2024,7(a),9.4228,45.3898,Ammonia (NH3),11207.0,459.8086224396931,0,0,1,0,0,0,0,0
2021,7(a),10.9375,44.9931,Ammonia (NH3),15685.0,365.9251179103965,0,0,1,0,0,0,0,0
2024,1(c),15.2022,37.1291,Sulphur hexafluoride (SF6),64.4,579.2538732559473,0,1,0,0,0,0,0,0
2023,7(a),7.6436,44.5063,Ammonia (NH3),15830.0,488.23525715021617,0,0,1,0,0,0,0,0
2022,7(a)(ii),9.958056,45.341111,Ammonia (NH3),13590.0,433.43844899973357,0,0,1,0,0,0,0,0
2022,7(a),9.725,45.5583,Ammonia (NH3),35056.0,463.3995249211472,0,0,1,0,0,0,0,0
2022,5(d),8.373333,44.885556,Methane (CH4),503870.0,469.96900474889145,0,0,0,0,0,0,0,1
2024,7(a),7.7869,44.6466,Ammonia (NH3),11366.0,488.1731446608286,0,0,1,0,0,0,0,0
2023,1(c),11.6413,43.5576,Methane (CH4),222672.0,196.8117666559032,0,1,0,0,0,0,0,0
2023,1(c),12.2661,44.4844,Carbon dioxide (CO2),872178196.0,287.6669114626911,0,1,0,0,0,0,0,0
2023,3(e),12.8833,45.95,Nitrogen oxides (NOX),150128.9,451.0918687246403,0,0,0,1,0,0,0,0
2022,7(a),12.260278,44.185,Ammonia (NH3),11590.0,254.4931321007524,0,0,1,0,0,0,0,0
2021,7(a),13.9045,42.5908,Ammonia (NH3),10600.0,138.87243955684986,0,0,1,0,0,0,0,0
2022,5(a),7.5856,45.0381,Zinc and compounds (as Zn),805.456,527.6333775226544,0,0,0,0,0,0,0,1
2021,1(c),15.2808,38.2019,Copper and compounds (as Cu),383.016,474.81617636859517,0,1,0,0,0,0,0,0
2024,7(a),11.7004,44.9933,Ammonia (NH3),12800.0,349.59888047863336,0,0,1,0,0,0,0,0
2022,7(a),11.1156,45.1103,Ammonia (NH3),12002.0,373.6222652094686,0,0,1,0,0,0,0,0
2022,7(a)(ii),9.6342,45.1606,Ammonia (NH3),11872.0,429.4266161702991,0,0,1,0,0,0,0,0
2023,2(a),10.2269,45.5333,Nickel and compounds (as Ni),453.25,442.934350852115,0,0,0,0,0,0,1,0
2022,2(d),11.796,45.0706,Benzene,2331.209,356.7424169062214,0,0,0,0,0,0,1,0
2023,7(a),12.1202,45.315,Ammonia (NH3),21520.0,380.62504314893107,0,0,1,0,0,0,0,0
2022,3(c),12.7167,42.0001,Carbon dioxide (CO2),476931000.0,21.188596822069414,0,0,0,1,0,0,0,0
2024,1(a),8.7858,45.4372,Nitrogen oxides (NOX),1069976.2,493.3600021474541,0,1,0,0,0,0,0,0
2024,7(a),13.9045,42.5908,Ammonia (NH3),11767.0,138.87243955684986,0,0,1,0,0,0,0,0
2022,1(c),8.8666,45.1002,Carbon dioxide (CO2),2551047000.0,460.4565851575858,0,1,0,0,0,0,0,0
2022,9(c),9.3333,45.5667,Perfluorocarbons (PFCs),5643.0,480.07797140875863,0,0,0,0,1,0,0,0
2023,4(a),18.0022,40.6395,Hydro-fluorocarbons (HFCS),468.9,481.00117134663145,1,0,0,0,0,0,0,0
2022,7(a),11.201403,44.959919,Ammonia (NH3),12184.0,355.64274327451386,0,0,1,0,0,0,0,0
2023,7(a)(ii),10.331667,44.849722,Ammonia (NH3),11887.0,371.4304558959567,0,0,1,0,0,0,0,0
2023,5(f),11.375,45.4447,Ammonia (NH3),85500.0,404.0238296793301,0,0,0,0,0,0,0,1
2021,7(a),11.0635,45.1875,Ammonia (NH3),10309.0,383.04747181438677,0,0,1,0,0,0,0,0
2021,3(c),12.7394,46.1778,Carbon dioxide (CO2),438034000.0,475.75427963107893,0,0,0,1,0,0,0,0
2022,7(a),13.55,43.094,Ammonia (NH3),15450.0,158.12822382972985,0,0,1,0,0,0,0,0
2023,7(a),9.6361,45.6031,Ammonia (NH3),11642.0,471.16874350565706,0,0,1,0,0,0,0,0
2024,3(c),14.0658,41.4456,Nitrous oxide (N2O),10700.0,139.90801467376932,0,0,0,1,0,0,0,0
2024,7(a),10.155,45.454167,Ammonia (NH3),20550.0,437.4367150846399,0,0,1,0,0,0,0,0
2023,7(a),11.9464,45.7189,Ammonia (NH3),17200.0,426.6166354354654,0,0,1,0,0,0,0,0
2021,7(a),12.2745,44.4085,Ammonia (NH3),32440.0,279.201604360172,0,0,1,0,0,0,0,0
2023,1(c),9.0197,40.2392,Nitrogen oxides (NOX),221090.0,345.1538185907066,0,1,0,0,0,0,0,0
2023,7(a),9.9372,45.3986,Ammonia (NH3),16537.0,439.8221330064688,0,0,1,0,0,0,0,0
2022,7(a),10.6428,45.1961,Ammonia (NH3),39370.0,395.46596604352055,0,0,1,0,0,0,0,0
2022,3(c),11.966666,45.877777,Carbon dioxide (CO2),333945000.0,444.0279993253838,0,0,0,1,0,0,0,0
2023,6(b),10.5167,44.9167,Ammonia (NH3),40400.0,371.29893725265117,0,0,0,0,0,1,0,0
2021,1(c),12.2549,45.4458,Nitrogen oxides (NOX),354880.0,394.44153545873087,0,1,0,0,0,0,0,0
2021,7(a),12.958056,43.585833,Ammonia (NH3),14920.0,190.90311466410958,0,0,1,0,0,0,0,0
2022,7(a),10.6617,45.2511,Ammonia (NH3),17440.0,400.5457368268182,0,0,1,0,0,0,0,0
2023,7(a)(i),12.8627,45.8095,Ammonia (NH3),19679.0,435.3954980151145,0,0,1,0,0,0,0,0
2021,5(a),10.9114,44.8532,Hydrochlorofluorocarbons (HCFCs),8.76,352.1726932093828,0,0,0,0,0,0,0,1
2024,1(c),12.2549,45.4458,Nitrogen oxides (NOX),183510.0,394.44153545873087,0,1,0,0,0,0,0,0
2022,6(b),13.5831,45.7933,Carbon dioxide (CO2),152041400.0,441.2811911520939,0,0,0,0,0,1,0,0
2021,7(a),7.7161,44.3917,Ammonia (NH3),13493.0,476.3040660846428,0,0,1,0,0,0,0,0
2021,1(a),15.219444,37.135556,Arsenic and compounds (as As),32.431,579.1857861069731,0,1,0,0,0,0,0,0
2021,5(d),10.8724,45.8891,Methane (CH4),830726.3,461.9336518217225,0,0,0,0,0,0,0,1
2021,7(a),12.3759,42.7561,Ammonia (NH3),15500.0,95.39826857041656,0,0,1,0,0,0,0,0
2023,7(a),12.0181,43.1059,Ammonia (NH3),10100.0,139.4053899790899,0,0,1,0,0,0,0,0
2023,7(a)(i),7.6564,44.7448,Ammonia (NH3),10473.0,502.9883303437169,0,0,1,0,0,0,0,0
2021,7(a),10.07,45.4886,Ammonia (NH3),16227.0,443.8289559435831,0,0,1,0,0,0,0,0
2022,7(a),11.9585,44.5335,Ammonia (NH3),12473.0,295.7480703358806,0,0,1,0,0,0,0,0
2024,7(a),7.6525,44.5792,Ammonia (NH3),11149.0,492.3176930335651,0,0,1,0,0,0,0,0
2024,9(d),12.52,42.5175,Benzene,1298.3015,68.37915143730088,0,0,0,0,1,0,0,0
2023,7(a)(i),13.058333,42.440833,Ammonia (NH3),13400.0,75.65507082288369,0,0,1,0,0,0,0,0
2022,3(c),9.4667,45.6847,Nitrogen oxides (NOX),818259.0,485.68689503915584,0,0,0,1,0,0,0,0
2022,1(c),18.0321,40.5638,Copper and compounds (as Cu),242.461,486.1548254028064,0,1,0,0,0,0,0,0
2022,3(e),11.3731,45.4181,Cadmium and compounds (as Cd),13.0,401.18016620160887,0,0,0,1,0,0,0,0
2023,7(a),8.1635,45.4613,Ammonia (NH3),14577.0,527.0640060349571,0,0,1,0,0,0,0,0
2023,2(a),10.2269,45.5333,Carbon dioxide (CO2),116682000.0,442.934350852115,0,0,0,0,0,0,1,0
2022,7(a),10.9384,45.5306,Ammonia (NH3),34448.0,422.3554676415285,0,0,1,0,0,0,0,0
2023,5(a),11.2397,45.2278,Chlorofluorocarbons (CFCs),2.3,383.32298534907477,0,0,0,0,0,0,0,1
2022,8(b),10.5114,45.3706,Ammonia (NH3),48700.0,417.34435983802274,0,0,0,0,0,0,0,0
2023,7(a),10.7064,44.7672,Ammonia (NH3),20280.0,349.84076680299376,0,0,1,0,0,0,0,0
2022,4(e),9.3747,45.4044,Non-methane volatile organic compounds (NMVOC),497000.0,463.2452754182313,1,0,0,0,0,0,0,0
2021,7(a),11.086111,45.093889,Ammonia (NH3),10620.0,372.60395003486406,0,0,1,0,0,0,0,0
2023,6(b),13.0739,46.2325,Arsenic and compounds (as As),71.71,483.64256280003474,0,0,0,0,0,1,0,0
2023,7(a),11.1982,44.83,Ammonia (NH3),18577.0,341.97559063328293,0,0,1,0,0,0,0,0
2022,7(a),12.2119,45.0072,Ammonia (NH3),60100.0,345.9558563647101,0,0,1,0,0,0,0,0
2022,7(a),11.7711,45.099,Ammonia (NH3),14224.0,360.1791394731664,0,0,1,0,0,0,0,0
2023,7(a),10.159167,45.468611,Ammonia (NH3),21873.0,438.73359337707166,0,0,1,0,0,0,0,0
2021,7(a),9.725,45.5583,Ammonia (NH3),39922.0,463.3995249211472,0,0,1,0,0,0,0,0
2021,3(c),11.8367,43.6581,Carbon dioxide (CO2),410610000.0,202.46809270796382,0,0,0,1,0,0,0,0
2024,3(e),11.1135,45.0051,Nitrogen oxides (NOX),203459.0,362.5554497680829,0,0,0,1,0,0,0,0
2021,1(c),8.2991,40.8516,Nitrogen oxides (NOX),1471882.4,369.15699948624194,0,1,0,0,0,0,0,0
2022,7(a),11.8899,44.6232,Ammonia (NH3),29110.0,306.4526368397821,0,0,1,0,0,0,0,0
2021,7(a),10.263478,45.152342,Ammonia (NH3),25969.0,403.65147975532744,0,0,1,0,0,0,0,0
2024,7(a),8.5892,45.503,Ammonia (NH3),27085.0,508.6938510029393,0,0,1,0,0,0,0,0
2024,7(a),9.9014,45.5608,Ammonia (NH3),22908.0,457.0127532585118,0,0,1,0,0,0,0,0
2024,7(a),10.861111,45.2275,Ammonia (NH3),25750.0,392.4432285898526,0,0,1,0,0,0,0,0
2024,7(a),7.4553,44.8448,Ammonia (NH3),10131.0,522.3518223950214,0,0,1,0,0,0,0,0
2023,7(a),11.551,45.1822,Ammonia (NH3),18920.0,372.521268659234,0,0,1,0,0,0,0,0
2021,7(a),9.8061,45.1922,Methane (CH4),102500.0,425.14004008084015,0,0,1,0,0,0,0,0
2023,7(a),7.7055,44.717694,Ammonia (NH3),15900.0,498.0765493632422,0,0,1,0,0,0,0,0
2024,1(c),8.2991,40.8516,Nitrogen oxides (NOX),617722.0,369.15699948624194,0,1,0,0,0,0,0,0
2023,7(a),11.1708,45.2783,Ammonia (NH3),16326.0,390.2103266781317,0,0,1,0,0,0,0,0
2023,5(a),7.5856,45.0381,Carbon dioxide (CO2),627259201.0,527.6333775226544,0,0,0,0,0,0,0,1
2022,2(a),10.2269,45.5333,Nitrogen oxides (NOX),243875.0,442.934350852115,0,0,0,0,0,0,1,0
2021,7(a),13.6475,42.8009,Ammonia (NH3),13500.0,137.54910255180917,0,0,1,0,0,0,0,0
2021,7(a),11.400708,45.332347,Ammonia (NH3),10820.0,391.40471234293716,0,0,1,0,0,0,0,0
2021,7(a),10.1097,45.3486,Ammonia (NH3),18210.0,428.5656253812077,0,0,1,0,0,0,0,0
2023,7(a),11.353889,45.334167,Ammonia (NH3),10983.0,392.466659184708,0,0,1,0,0,0,0,0
2022,7(a),11.449722,45.643139,Ammonia (NH3),14710.0,424.3013722463416,0,0,1,0,0,0,0,0
2021,7(a),9.4644,45.0793,Ammonia (NH3),41667.0,429.55709820131216,0,0,1,0,0,0,0,0
2021,7(a),7.523889,45.217778,Ammonia (NH3),10340.0,544.2390519333201,0,0,1,0,0,0,0,0
2022,3(e),11.0928,45.1436,Nitrogen oxides (NOX),1231313.0,377.69529539990066,0,0,0,1,0,0,0,0
2021,7(a),13.2389,43.4199,Ammonia (NH3),20478.0,179.2846937786241,0,0,1,0,0,0,0,0
2022,1(c),9.4794,45.0899,Hydro-fluorocarbons (HFCS),141.5,429.82876504034436,0,1,0,0,0,0,0,0
2024,5(d),13.282777,38.146666,Methane (CH4),6426137.0,422.99049974589167,0,0,0,0,0,0,0,1
2021,2(b),13.2534,46.0067,Carbon dioxide (CO2),255736000.0,460.33206608834774,0,0,0,0,0,0,1,0
2021,2(e),8.4079,39.2091,Sulphur oxides (SOX),162740.0,457.08909962129064,0,0,0,0,0,0,1,0
2023,7(a),9.808314,45.176864,Ammonia (NH3),34541.0,423.5972553646852,0,0,1,0,0,0,0,0
2023,7(a),10.3031,44.6631,Ammonia (NH3),13205.0,354.54732732201853,0,0,1,0,0,0,0,0
2022,7(a),9.98,45.2831,Ammonia (NH3),12590.0,426.9677819082548,0,0,1,0,0,0,0,0
2024,7(a),12.1595,44.9857,Ammonia (NH3),37979.6,343.8791914246525,0,0,1,0,0,0,0,0
2024,7(a),12.121994,45.666217,Ammonia (NH3),14193.0,419.5494001415701,0,0,1,0,0,0,0,0
2022,3(c),9.7192,40.5425,Nitrogen oxides (NOX),171701.0,277.1588315763164,0,0,0,1,0,0,0,0
2023,7(a),10.753333,45.689722,Ammonia (NH3),12470.0,443.68737513558597,0,0,1,0,0,0,0,0
2023,4(b),8.7952,45.4334,Carbon dioxide (CO2),134796420.0,492.57280171328154,1,0,0,0,0,0,0,0
2022,1(a),15.219444,37.135556,Benzene,3414.557,579.1857861069731,0,1,0,0,0,0,0,0
2023,7(a),11.9097,43.9454,Ammonia (NH3),13687.0,232.09427765558974,0,0,1,0,0,0,0,0
2024,7(a),12.709167,41.530278,Ammonia (NH3),10740.0,45.0299413226618,0,0,1,0,0,0,0,0
2022,7(a),9.9484,45.3575,Ammonia (NH3),44577.0,435.398184231251,0,0,1,0,0,0,0,0
2021,4(b),8.7952,45.4334,Sulphur oxides (SOX),455270.0,492.57280171328154,1,0,0,0,0,0,0,0
2024,7(a),10.0335,44.7903,Ammonia (NH3),23190.0,377.78172318226456,0,0,1,0,0,0,0,0
2023,4(c),12.238056,44.445833,Nitrous oxide (N2O),54940.0,283.54688050614993,1,0,0,0,0,0,0,0
2023,7(a),10.6617,45.2514,Ammonia (NH3),10759.0,400.5766031956757,0,0,1,0,0,0,0,0
2024,7(a),10.4333,45.4667,Ammonia (NH3),15398.0,429.57019016780146,0,0,1,0,0,0,0,0
2024,7(a)(iii),9.1047,45.2744,Ammonia (NH3),27459.0,463.7701257745326,0,0,1,0,0,0,0,0
2021,7(a),13.6636,42.8131,Ammonia (NH3),12600.0,139.437295625738,0,0,1,0,0,0,0,0
2024,2(b),10.2269,45.5333,Zinc and compounds (as Zn),3347.988,442.934350852115,0,0,0,0,0,0,1,0
2023,1(a),17.193,40.4892,Nitrogen oxides (NOX),649020.0,423.1599159692294,0,1,0,0,0,0,0,0
2021,1(c),18.0321,40.5638,Copper and compounds (as Cu),170.1841,486.1548254028064,0,1,0,0,0,0,0,0
2024,7(a),10.573055,44.998333,Ammonia (NH3),31231.0,377.573565377842,0,0,1,0,0,0,0,0
2024,7(a),11.9728,45.6225,Ammonia (NH3),13613.0,415.74081096686905,0,0,1,0,0,0,0,0
2024,4(b),10.4739,43.4089,Carbon dioxide (CO2),257475000.0,235.36059793219042,1,0,0,0,0,0,0,0
2024,3(c),16.6569,40.6753,Nitrogen oxides (NOX),438512.5,373.3984326170081,0,0,0,1,0,0,0,0
2021,5(d),7.3492,44.8919,Methane (CH4),609000.0,532.1825552813739,0,0,0,0,0,0,0,1
2021,3(c),15.180555,37.194444,Benzene,1587.0,571.8128643506107,0,0,0,1,0,0,0,0
2022,7(a),10.5986,45.09,Ammonia (NH3),22654.0,386.01857785907856,0,0,1,0,0,0,0,0
2024,7(a),10.2048,45.3073,Ammonia (NH3),10129.0,421.0890141770204,0,0,1,0,0,0,0,0
2021,7(a),12.1026,44.0773,Ammonia (NH3),12930.0,243.90472490673287,0,0,1,0,0,0,0,0
2023,7(a),11.9262,44.7146,Ammonia (NH3),22151.0,316.04109362281775,0,0,1,0,0,0,0,0
2023,3(g),12.4124,42.7773,Nitrogen oxides (NOX),232500.0,97.48473182952472,0,0,0,1,0,0,0,0
2022,5(b),9.6097,45.6356,Carbon dioxide (CO2),200548700.0,475.32489616255566,0,0,0,0,0,0,0,1
2023,1(c),11.313167,45.019778,Nitrogen oxides (NOX),204134.0,359.4962804968079,0,1,0,0,0,0,0,0
2024,5(d),10.979167,44.669722,Methane (CH4),337882.6,331.25575629359884,0,0,0,0,0,0,0,1
2022,7(a),7.3934,44.7342,Ammonia (NH3),11128.0,519.0117142803565,0,0,1,0,0,0,0,0
2021,1(c),8.4008,39.1962,Ammonia (NH3),10440.0,458.5068450836283,0,1,0,0,0,0,0,0
2022,2(b),13.0778,46.2306,PCDD + PCDF (dioxins + furans) (as Teq),0.000556,483.46211416770933,0,0,0,0,0,0,1,0
2022,7(a),9.5847,45.2097,Ammonia (NH3),12210.0,436.12064202781215,0,0,1,0,0,0,0,0
2022,7(a)(i),11.84,44.6991,Ammonia (NH3),17250.0,315.4356517248701,0,0,1,0,0,0,0,0
2022,3(e),12.4,45.783333,Nitrogen oxides (NOX),265326.7,431.5647360874732,0,0,0,1,0,0,0,0
2022,1(c),10.4494,43.3822,Nitrogen oxides (NOX),217662.2,234.7079187361305,0,1,0,0,0,0,0,0
2021,7(a),7.3755,44.8381,Ammonia (NH3),15167.0,526.9480630152852,0,0,1,0,0,0,0,0
2024,5(d),12.2633,43.4028,Methane (CH4),2284690.0,167.87802139193857,0,0,0,0,0,0,0,1
2021,2(e),18.318,40.1011,PCDD + PCDF (dioxins + furans) (as Teq),0.000408,527.8715494715622,0,0,0,0,0,0,1,0
2022,4(e),9.0447,45.6078,Dichloromethane (DCM),2711.41,496.4559224391397,1,0,0,0,0,0,0,0
2022,3(c),10.0333,45.7167,Nitrogen oxides (NOX),301065.0,467.82069491437875,0,0,0,1,0,0,0,0
2024,2(a),10.2269,45.5333,Carbon dioxide (CO2),109975000.0,442.934350852115,0,0,0,0,0,0,1,0
2024,1(c),8.9733,45.0286,Carbon dioxide (CO2),810760830.0,448.95765443327025,0,1,0,0,0,0,0,0
2021,7(a),8.5307,45.6214,Ammonia (NH3),14070.0,521.77181405753,0,0,1,0,0,0,0,0
2021,4(a),,,Hydro-fluorocarbons (HFCS),11669.7,,1,0,0,0,0,0,0,0
2021,3(e),15.938142,41.6503009,Carbon dioxide (CO2),123051000.0,286.75917685947906,0,0,0,1,0,0,0,0
2022,7(a)(ii),9.655278,45.548611,Ammonia (NH3),34468.0,465.1836993994771,0,0,1,0,0,0,0,0
2023,7(a),7.6874,44.8144,Ammonia (NH3),19145.0,505.78124980244866,0,0,1,0,0,0,0,0
2024,7(a),12.583611,45.981944,Ammonia (NH3),10204.0,453.63377386022086,0,0,1,0,0,0,0,0
2023,1(c),17.2152,40.5108,Sulphur oxides (SOX),375800.0,423.94185302872364,0,1,0,0,0,0,0,0
2021,7(a),10.3433,45.1253,Ammonia (NH3),26160.0,398.1350476789066,0,0,1,0,0,0,0,0
2022,7(a),10.7467,45.2419,Ammonia (NH3),43059.0,397.1202777220346,0,0,1,0,0,0,0,0
2021,7(a),10.9036,45.1458,Ammonia (NH3),19337.0,382.7675687415761,0,0,1,0,0,0,0,0
2021,7(a),10.8095,45.0619,Ammonia (NH3),24508.0,376.6967265516976,0,0,1,0,0,0,0,0
2024,1(c),12.2549,45.4458,Carbon dioxide (CO2),1155429000.0,394.44153545873087,0,1,0,0,0,0,0,0
2021,1(c),11.7586,42.1275,Nitrous oxide (N2O),25608.6,65.87472663400173,0,1,0,0,0,0,0,0
2024,7(a),9.818333,45.382778,Ammonia (NH3),12188.0,442.8499407258963,0,0,1,0,0,0,0,0
2024,1(c),17.107777,39.224722,Nitrogen oxides (NOX),248043.0,490.1974853078209,0,1,0,0,0,0,0,0
2024,7(a),10.1494,45.3306,Ammonia (NH3),13810.0,425.3632019373156,0,0,1,0,0,0,0,0
2022,1(a),10.3365,43.5872,Nitrogen oxides (NOX),349079.3,257.2528399694245,0,1,0,0,0,0,0,0
2023,7(a),10.861111,45.2275,Ammonia (NH3),24163.0,392.4432285898526,0,0,1,0,0,0,0,0
2024,7(a),13.2167,43.5033,Ammonia (NH3),16408.0,187.4459939484101,0,0,1,0,0,0,0,0
2021,7(a),7.851667,44.576111,Ammonia (NH3),11800.0,479.36895543929313,0,0,1,0,0,0,0,0
2021,3(c),10.3444,45.5153,Nitrogen oxides (NOX),730127.0,437.306929605887,0,0,0,1,0,0,0,0
2021,7(a)(ii),9.009167,45.132778,Ammonia (NH3),23141.0,456.04014851717073,0,0,1,0,0,0,0,0
2023,7(a),9.8727,45.3967,Ammonia (NH3),12061.0,442.0881082406422,0,0,1,0,0,0,0,0
2022,3(e),11.0928,45.1436,Nickel and compounds (as Ni),58.0,377.69529539990066,0,0,0,1,0,0,0,0
2022,1(c),12.2661,44.4844,Sulphur hexafluoride (SF6),352.5,287.6669114626911,0,1,0,0,0,0,0,0
2022,7(a),9.954722,45.47,Ammonia (NH3),25473.0,446.1493729631761,0,0,1,0,0,0,0,0
2021,1(c),13.2897,45.8169,Nitrogen oxides (NOX),441030.0,439.84416071720636,0,1,0,0,0,0,0,0
2021,7(a)(ii),9.98177,45.4412,Ammonia (NH3),13960.0,442.3306561424294,0,0,1,0,0,0,0,0
2024,7(a),10.9425,44.7485,Ammonia (NH3),16514.0,340.46048958204676,0,0,1,0,0,0,0,0
2023,7(a),10.1297,44.8472,Ammonia (NH3),36827.0,379.1454686981345,0,0,1,0,0,0,0,0
2021,7(a),12.7703,46.0653,Ammonia (NH3),56799.0,463.3665099207542,0,0,1,0,0,0,0,0
2021,7(a),10.7842,45.3131,Ammonia (NH3),51100.0,403.4616422647851,0,0,1,0,0,0,0,0
2023,1(c),7.6105,45.103,Carbon dioxide (CO2),654812000.0,530.7746030181577,0,1,0,0,0,0,0,0
2024,7(a),12.2252,44.9367,Ammonia (NH3),12272.0,338.0639949325785,0,0,1,0,0,0,0,0
2023,3(a),15.8972,40.3136,Carbon dioxide (CO2),669683200.0,335.23428566249964,0,0,0,1,0,0,0,0
2021,7(a),11.823814,44.479241,Ammonia (NH3),14486.0,291.62675867246486,0,0,1,0,0,0,0,0
2022,7(a),11.0211,45.0408,Ammonia (NH3),12002.0,368.6616501560451,0,0,1,0,0,0,0,0
2023,2(b),13.2534,46.0067,Zinc and compounds (as Zn),8705.49,460.33206608834774,0,0,0,0,0,0,1,0
2022,7(a),10.1908,45.485,Ammonia (NH3),39150.0,439.29207532240514,0,0,1,0,0,0,0,0
2023,7(a),9.4006,45.3457,Ammonia (NH3),27561.0,456.703610217517,0,0,1,0,0,0,0,0
2021,5(d),17.4758,40.4881,Methane (CH4),252200.0,445.2515291620903,0,0,0,0,0,0,0,1
2024,7(a),9.8744,45.6147,Ammonia (NH3),11704.0,463.2910730187746,0,0,1,0,0,0,0,0
2023,1(c),14.9543,38.474,Nitrogen oxides (NOX),195643.0,434.63889175383196,0,1,0,0,0,0,0,0
2022,7(a),12.3486,45.6836,Ammonia (NH3),12923.4,420.5728976213861,0,0,1,0,0,0,0,0
2023,1(c),7.5678,44.4378,Carbon dioxide (CO2),140766000.0,488.94879021109034,0,1,0,0,0,0,0,0
2023,7(a),7.8167,44.9186,Ammonia (NH3),19302.0,505.16196747543046,0,0,1,0,0,0,0,0
2022,7(a),10.2358,45.2931,Ammonia (NH3),20300.0,418.5897015482794,0,0,1,0,0,0,0,0
2021,7(a),11.4651,44.9434,Ammonia (NH3),10885.0,348.1982199414602,0,0,1,0,0,0,0,0
2023,2(b),13.2534,46.0067,Carbon monoxide (CO),714280.0,460.33206608834774,0,0,0,0,0,0,1,0
2024,4(e),13.0569,46.0372,Hydro-fluorocarbons (HFCS),135.0,461.9037981195701,1,0,0,0,0,0,0,0
2022,7(a),12.5004,42.7933,Ammonia (NH3),14825.0,99.01962777935793,0,0,1,0,0,0,0,0
2021,3(e),10.6864,43.8683,Nitrogen oxides (NOX),188166.0,263.6362401569864,0,0,0,1,0,0,0,0
2023,5(a),15.5525,40.6955,Chlorofluorocarbons (CFCs),48.6019,288.4185562798682,0,0,0,0,0,0,0,1
2023,9(c),14.6958,40.7212,Non-methane volatile organic compounds (NMVOC),112192.0,225.83529251576073,0,0,0,0,1,0,0,0
2024,3(e),11.0928,45.1436,Sulphur oxides (SOX),162680.0,377.69529539990066,0,0,0,1,0,0,0,0
2022,2(e),9.15395,45.553903,Lead and compounds (as Pb),278.0,486.67604362036775,0,0,0,0,0,0,1,0
2021,3(c),18.1997,40.1678,Carbon dioxide (CO2),463376000.0,515.6671288858599,0,0,0,1,0,0,0,0
2021,6(b),10.5667,44.9333,Nitrogen oxides (NOX),226354.0,371.24431001675197,0,0,0,0,0,1,0,0
2022,4(a),,,Hydro-fluorocarbons (HFCS),12299.625,,1,0,0,0,0,0,0,0
2023,7(a),9.511236,45.497375,Ammonia (NH3),12913.0,466.1237725135383,0,0,1,0,0,0,0,0
2022,2(b),17.1999,40.5167,Chromium and compounds (as Cr),445.9,422.49503361756746,0,0,0,0,0,0,1,0
2023,7(a),10.6617,45.2511,Ammonia (NH3),13925.0,400.5457368268182,0,0,1,0,0,0,0,0
2024,7(a),7.3755,44.8381,Ammonia (NH3),13033.0,526.9480630152852,0,0,1,0,0,0,0,0
2024,7(a),12.07,44.62,Ammonia (NH3),19085.0,304.1040312988552,0,0,1,0,0,0,0,0
2021,2(b),11.0708,45.3331,Polychlorinated biphenyls (PCBs),3.59,398.3032399103224,0,0,0,0,0,0,1,0
2022,7(a),8.18,45.4742,Ammonia (NH3),17290.0,527.2431918757889,0,0,1,0,0,0,0,0
2021,3(c),9.4667,45.6847,Ammonia (NH3),19763.0,485.68689503915584,0,0,0,1,0,0,0,0
2024,5(c),12.142182,45.576876,Hydro-fluorocarbons (HFCS),113.36,409.5272183627053,0,0,0,0,0,0,0,1
2022,7(a),12.3814,44.0025,Ammonia (NH3),18068.0,233.66342984182612,0,0,1,0,0,0,0,0
2023,7(a),9.8721,45.3647,Ammonia (NH3),18391.0,439.0157642852939,0,0,1,0,0,0,0,0
2022,1(a),17.193,40.4892,Sulphur oxides (SOX),449370.0,423.1599159692294,0,1,0,0,0,0,0,0
2021,8(b),10.5114,45.3706,Ammonia (NH3),50800.0,417.34435983802274,0,0,0,0,0,0,0,0
2022,9(c),12.8154,45.8461,Non-methane volatile organic compounds (NMVOC),160410.0,439.2187649386811,0,0,0,0,1,0,0,0
2022,3(e),8.3089,44.4447,Arsenic and compounds (as As),49.0,441.7092860060149,0,0,0,1,0,0,0,0
2023,1(c),7.7239,45.1083,Hydro-fluorocarbons (HFCS),113.0,524.4178200659032,0,1,0,0,0,0,0,0
2023,1(c),11.5833,44.8499,Carbon dioxide (CO2),1073856962.0,335.9030476325577,0,1,0,0,0,0,0,0
2024,7(a),10.132222,45.066944,Ammonia (NH3),19610.0,400.1665381890098,0,0,1,0,0,0,0,0
2022,7(a),7.6374,44.7775,Ammonia (NH3),10193.0,506.38621218607653,0,0,1,0,0,0,0,0
2024,7(a),11.750556,45.713333,Ammonia (NH3),17465.0,427.9122448716096,0,0,1,0,0,0,0,0
2021,7(a),8.1635,45.4613,Ammonia (NH3),13627.0,527.0640060349571,0,0,1,0,0,0,0,0
2023,2(b),,,Zinc and compounds (as Zn),267.68,,0,0,0,0,0,0,1,0
2021,1(a),17.193,40.4892,Nitrogen oxides (NOX),570660.0,423.1599159692294,0,1,0,0,0,0,0,0
2021,1(c),15.1825,37.1791,Nitrogen oxides (NOX),312928.4,573.451982183205,0,1,0,0,0,0,0,0
2024,2(e),10.163333,45.5325,Copper and compounds (as Cu),142.0,444.9792545043349,0,0,0,0,0,0,1,0
2023,7(a),12.1582,43.9644,Ammonia (NH3),15177.0,230.88634819748268,0,0,1,0,0,0,0,0
2023,2(b),9.5969,45.6425,Nitrogen oxides (NOX),170500.0,476.48876713324137,0,0,0,0,0,0,1,0
2024,7(a)(ii),9.9121,45.177,Ammonia (NH3),16274.0,419.3977889809527,0,0,1,0,0,0,0,0
2021,2(a),10.2269,45.5333,Nitrogen oxides (NOX),280379.0,442.934350852115,0,0,0,0,0,0,1,0
2021,7(a)(i),7.6114,44.7083,Ammonia (NH3),21547.0,503.3937985892138,0,0,1,0,0,0,0,0
2024,7(a),12.3989,45.5761,Ammonia (NH3),19156.0,408.52732644771555,0,0,1,0,0,0,0,0
2022,7(a),9.5091,45.2571,Ammonia (NH3),38292.0,443.79061727829855,0,0,1,0,0,0,0,0
2022,7(a),10.621544,44.820108,Ammonia (NH3),18510.0,358.02598283588304,0,0,1,0,0,0,0,0
2024,7(a),7.6364,44.7573,Ammonia (NH3),22500.0,505.08676287935947,0,0,1,0,0,0,0,0
2022,7(a),10.7114,45.2478,Ammonia (NH3),10800.0,398.74666494463963,0,0,1,0,0,0,0,0
2023,5(a),7.5856,45.0381,Zinc and compounds (as Zn),504.49,527.6333775226544,0,0,0,0,0,0,0,1
2024,7(a),10.8453,44.9406,Ammonia (NH3),15375.0,363.1338025798689,0,0,1,0,0,0,0,0
2023,7(a),12.1425,46.1319,Ammonia (NH3),11935.0,471.1037214234051,0,0,1,0,0,0,0,0
2024,2(b),17.1999,40.5167,Carbon monoxide (CO),47352170.0,422.49503361756746,0,0,0,0,0,0,1,0
2023,7(a),10.573055,44.998333,Methane (CH4),205956.0,377.573565377842,0,0,1,0,0,0,0,0
2024,7(a),7.704722,44.716944,Ammonia (NH3),13016.0,498.0750023739139,0,0,1,0,0,0,0,0
2023,3(c),9.7186,45.0497,Nitrogen oxides (NOX),484536.0,415.4886311061949,0,0,0,1,0,0,0,0
2023,3(e),10.6864,43.8683,Nitrogen oxides (NOX),160564.0,263.6362401569864,0,0,0,1,0,0,0,0
2021,7(a),10.204,45.2189,Ammonia (NH3),13270.0,412.36641173141743,0,0,1,0,0,0,0,0
2023,7(a),11.106667,45.123611,Ammonia (NH3),27120.0,375.24594232047895,0,0,1,0,0,0,0,0
2021,7(a),8.6485,45.4065,Ammonia (NH3),12410.0,497.48038242023847,0,0,1,0,0,0,0,0
2024,7(a),9.9214,45.4117,Ammonia (NH3),10119.0,441.6930554046909,0,0,1,0,0,0,0,0
2022,7(a),10.2725,45.1006,Ammonia (NH3),17029.0,398.2177048134624,0,0,1,0,0,0,0,0
2024,8(c),11.3889,44.5328,Hydro-fluorocarbons (HFCS),110.0,305.89477684753956,0,0,0,0,0,0,0,0
2022,7(a)(ii),13.245608,43.205425,Methane (CH4),135000.0,157.30732480033177,0,0,1,0,0,0,0,0
2021,5(b),8.7776,45.2804,Nitrous oxide (N2O),14927.0,480.25011833890966,0,0,0,0,0,0,0,1
2024,3(c),9.7186,45.0497,Carbon dioxide (CO2),327826000.0,415.4886311061949,0,0,0,1,0,0,0,0
2024,4(a),8.375939,40.831425,Chlorofluorocarbons (CFCs),4.08,363.86151585055524,1,0,0,0,0,0,0,0
2024,1(a),17.193,40.4892,Chromium and compounds (as Cr),104.1812,423.1599159692294,0,1,0,0,0,0,0,0
2022,7(a),13.198908,43.490586,Ammonia (NH3),37904.0,185.65154824625148,0,0,1,0,0,0,0,0
2023,7(a),12.863325,45.806514,Ammonia (NH3),19679.0,435.06765870454416,0,0,1,0,0,0,0,0
2022,7(a),12.3368,42.8402,Ammonia (NH3),21300.0,105.05541509609527,0,0,1,0,0,0,0,0
2022,7(a),9.881667,45.535833,Ammonia (NH3),13180.0,455.2931065018369,0,0,1,0,0,0,0,0
2024,7(a),13.3361,46.0534,Ammonia (NH3),17076.0,466.38275916600566,0,0,1,0,0,0,0,0
2024,5(d),7.5864,45.1026,Methane (CH4),155000.0,532.1883745219691,0,0,0,0,0,0,0,1
2024,7(a),9.94983509789,44.9408876484,Ammonia (NH3),16510.0,395.450551392287,0,0,1,0,0,0,0,0
2023,7(a),10.1675,45.3814,Ammonia (NH3),13390.0,429.759397959264,0,0,1,0,0,0,0,0
2024,7(a),10.3586,45.4569,Ammonia (NH3),19020.0,430.92860640314893,0,0,1,0,0,0,0,0
2021,7(a),12.8419,45.8839,Ammonia (NH3),16037.0,443.541677280921,0,0,1,0,0,0,0,0
2022,7(a),7.9481,44.4167,Ammonia (NH3),15420.0,462.7373543275506,0,0,1,0,0,0,0,0
2022,5(c),11.7001,44.2944,Methane (CH4),686452.8,273.67608813739787,0,0,0,0,0,0,0,1
2021,2(b),17.1999,40.5167,Chlorine and inorganic compounds (as HCl),15950.0,422.49503361756746,0,0,0,0,0,0,1,0
2023,3(e),11.240556,45.058889,Arsenic and compounds (as As),22.6884,365.26263593197933,0,0,0,1,0,0,0,0
2023,4(e),11.9231,45.4111,Hydro-fluorocarbons (HFCS),113.26,392.81888747337086,1,0,0,0,0,0,0,0
2022,7(a),8.5297,45.5086,Ammonia (NH3),30200.0,512.133806146261,0,0,1,0,0,0,0,0
2022,5(b),11.3079,46.4674,Carbon dioxide (CO2),151232000.0,516.3138632388552,0,0,0,0,0,0,0,1
2022,4(b),12.2333,44.4333,Carbon monoxide (CO),3112634.1,282.1861503637189,1,0,0,0,0,0,0,0
2022,3(c),12.487222,42.539722,Carbon dioxide (CO2),163348000.0,70.82652735983251,0,0,0,1,0,0,0,0
2021,7(a),12.0059,44.1581,Ammonia (NH3),15565.0,253.92589573596723,0,0,1,0,0,0,0,0
2021,2(b),13.0778,46.2306,Copper and compounds (as Cu),102.2,483.46211416770933,0,0,0,0,0,0,1,0
2024,7(a),12.863325,45.806514,Ammonia (NH3),19690.0,435.06765870454416,0,0,1,0,0,0,0,0
2023,7(a),9.9702,45.4521,Ammonia (NH3),25020.0,443.8249444507975,0,0,1,0,0,0,0,0
2024,7(a),12.0181,43.1059,Ammonia (NH3),13170.0,139.4053899790899,0,0,1,0,0,0,0,0
2023,7(a),9.7594,45.3144,Ammonia (NH3),11576.0,438.64631971675857,0,0,1,0,0,0,0,0
2024,4(b),8.7952,45.4334,Sulphur oxides (SOX),936320.0,492.57280171328154,1,0,0,0,0,0,0,0
2023,7(a)(ii),8.4515,44.8639,Ammonia (NH3),13143.0,463.84879971719874,0,0,1,0,0,0,0,0
2021,4(e),9.3442,45.4828,Dichloromethane (DCM),12000.0,471.8158965128445,1,0,0,0,0,0,0,0
2022,2(e),7.6883,45.6617,Hydro-fluorocarbons (HFCS),2666.59,568.7249641000947,0,0,0,0,0,0,1,0
2024,4(a),18.0022,40.6395,Benzene,3380.0,481.00117134663145,1,0,0,0,0,0,0,0
2023,2(b),10.2269,45.5333,Zinc and compounds (as Zn),1088.697,442.934350852115,0,0,0,0,0,0,1,0
2022,1(c),15.6048,38.274,Methane (CH4),233190.0,482.34767180911035,0,1,0,0,0,0,0,0
2024,2(b),11.5083,45.5194,Mercury and compounds (as Hg),55.6575,409.9050166276053,0,0,0,0,0,0,1,0
2021,7(a),11.388,45.3363,Ammonia (NH3),10000.0,392.0635778690489,0,0,1,0,0,0,0,0
2023,7(a),10.183611,45.172222,Ammonia (NH3),12432.0,408.51208165737415,0,0,1,0,0,0,0,0
2022,3(e),13.6954,42.5921,Nitrogen oxides (NOX),129230.0,124.95691064289989,0,0,0,1,0,0,0,0
2023,1(a),8.9466,44.5752,Carbon dioxide (CO2),252794436.0,413.42809160734026,0,1,0,0,0,0,0,0
2024,4(c),14.4356,42.1386,Hydrochlorofluorocarbons (HCFCs),12.0,162.31943384931807,1,0,0,0,0,0,0,0
2023,1(a),8.7858,45.4372,Non-methane volatile organic compounds (NMVOC),359558.6,493.3600021474541,0,1,0,0,0,0,0,0
2024,3(c),9.7186,45.0497,Carbon monoxide (CO),518054.0,415.4886311061949,0,0,0,1,0,0,0,0
2023,4(a),12.2363,45.4438,Benzene,1336.54,394.29587462725914,1,0,0,0,0,0,0,0
2021,2(b),17.1999,40.5167,Benzene,10405.8,422.49503361756746,0,0,0,0,0,0,1,0
2021,1(c),12.2458,45.4313,Nitrogen oxides (NOX),366000.0,392.8681219243284,0,1,0,0,0,0,0,0
2021,9(c),10.6243,43.6619,Hydro-fluorocarbons (HFCS),120.0,248.18454653148123,0,0,0,0,1,0,0,0
2022,7(a),8.2072,45.3925,Ammonia (NH3),29762.0,519.1438594761113,0,0,1,0,0,0,0,0
2024,1(c),15.2022,37.1291,Nitrogen oxides (NOX),353800.0,579.2538732559473,0,1,0,0,0,0,0,0
2024,7(a)(ii),8.5957,45.507,Ammonia (NH3),14699.0,508.71552078254393,0,0,1,0,0,0,0,0
2022,3(c),12.7394,46.1778,Ammonia (NH3),26500.0,475.75427963107893,0,0,0,1,0,0,0,0
2023,7(a),10.3628,45.0403,Ammonia (NH3),20600.0,389.00850440447186,0,0,1,0,0,0,0,0
2022,7(a),10.8736,44.9758,Ammonia (NH3),12229.0,365.93936837600995,0,0,1,0,0,0,0,0
2021,7(a),7.9524,45.1848,Ammonia (NH3),17033.0,516.8631243429311,0,0,1,0,0,0,0,0
2021,7(a),11.0708,45.0743,Ammonia (NH3),16050.0,370.9168556264275,0,0,1,0,0,0,0,0
2023,5(d),8.780278,39.499,Methane (CH4),493000.0,411.7276218877778,0,0,0,0,0,0,0,1
2021,7(a),11.0019,45.2047,Ammonia (NH3),29526.9,386.38319012369584,0,0,1,0,0,0,0,0
2021,7(a),10.904722,45.291666,Ammonia (NH3),20660.0,398.00408464067954,0,0,1,0,0,0,0,0
2024,7(a),10.147714,45.353517,Ammonia (NH3),14180.0,427.69145178525247,0,0,1,0,0,0,0,0
2024,5(d),10.576667,43.642222,Methane (CH4),128700.0,248.90726696131452,0,0,0,0,0,0,0,1
2021,3(c),12.7394,46.1778,Hydrogen cyanide (HCN),268.0,475.75427963107893,0,0,0,1,0,0,0,0
2024,3(e),12.2592,45.4644,Sulphur oxides (SOX),192590.0,396.4903506366455,0,0,0,1,0,0,0,0
2021,7(a),13.9523,42.5574,Ammonia (NH3),12800.0,140.23631926380065,0,0,1,0,0,0,0,0
2023,7(a),10.43,45.1734,Ammonia (NH3),19082.0,399.96731707655846,0,0,1,0,0,0,0,0
2023,7(a),12.709881,46.039242,Ammonia (NH3),19764.0,460.26800993100824,0,0,1,0,0,0,0,0
2023,3(c),14.0658,41.4456,Nitrous oxide (N2O),11600.0,139.90801467376932,0,0,0,1,0,0,0,0
2024,4(e),9.7981,45.68,Dichloromethane (DCM),2638.08,472.48931598030384,1,0,0,0,0,0,0,0
2024,7(a),7.4879,44.8941,Ammonia (NH3),10454.0,523.6345096461334,0,0,1,0,0,0,0,0
2022,7(a),10.020556,45.294722,Ammonia (NH3),51300.0,426.56201654300463,0,0,1,0,0,0,0,0
2022,7(a)(i),12.2792,45.566,Ammonia (NH3),17165.0,407.7024183166868,0,0,1,0,0,0,0,0
2022,4(a),15.1752,37.2191,Carbon dioxide (CO2),329377000.0,569.10296764055,1,0,0,0,0,0,0,0
2021,2(b),13.2534,46.0067,Nickel and compounds (as Ni),180.25,460.33206608834774,0,0,0,0,0,0,1,0
2022,3(c),18.1997,40.1678,Nitrogen oxides (NOX),359800.0,515.6671288858599,0,0,0,1,0,0,0,0
2024,2(a),10.2269,45.5333,Zinc and compounds (as Zn),3456.443,442.934350852115,0,0,0,0,0,0,1,0
2022,1(c),8.2991,40.8516,Mercury and compounds (as Hg),15.5,369.15699948624194,0,1,0,0,0,0,0,0
2021,1(a),8.8768,45.0997,Carbon dioxide (CO2),1597264000.0,459.8924322368035,0,1,0,0,0,0,0,0
2022,5(f),11.375,45.4447,Ammonia (NH3),45000.0,404.0238296793301,0,0,0,0,0,0,0,1
2021,6(b),8.7167,45.2333,Nitrogen oxides (NOX),331389.0,479.3398056935004,0,0,0,0,0,1,0,0
2022,7(a)(ii),7.5511,44.7386,Ammonia (NH3),11000.0,509.2273423089553,0,0,1,0,0,0,0,0
2021,7(a)(ii),9.4333,45.2833,Ammonia (NH3),14923.0,449.5288916589117,0,0,1,0,0,0,0,0
2022,7(a),10.6344,45.1492,Ammonia (NH3),16148.0,390.92419203318303,0,0,1,0,0,0,0,0
2022,7(a),10.0625,45.251944,Ammonia (NH3),17043.0,420.8138766941062,0,0,1,0,0,0,0,0
2022,7(a),8.7044,45.2328,Ammonia (NH3),33365.0,479.92703519196357,0,0,1,0,0,0,0,0
2024,4(e),8.6356,45.5045,Hydro-fluorocarbons (HFCS),125.2,506.5324174448095,1,0,0,0,0,0,0,0
2022,1(a),15.1825,37.1791,Sulphur oxides (SOX),797664.0,573.451982183205,0,1,0,0,0,0,0,0
2022,1(c),11.85667,44.53583,Nitrogen oxides (NOX),124605.0,297.3304209242588,0,1,0,0,0,0,0,0
2023,1(c),14.4718,41.1692,Methane (CH4),101361.0,183.53637909394885,0,1,0,0,0,0,0,0
2022,5(b),10.9439,44.6714,Carbon dioxide (CO2),208570579.4,332.4959009741118,0,0,0,0,0,0,0,1
2023,4(e),9.7828,45.6836,Dichloromethane (DCM),2158.0,473.4049560693992,1,0,0,0,0,0,0,0
2021,1(c),11.5338,42.3589,Sulphur hexafluoride (SF6),291.7,94.19692549156771,0,1,0,0,0,0,0,0
2023,2(d),9.6606,45.6228,Benzene,1260.0,472.1129597083399,0,0,0,0,0,0,1,0
2022,1(c),12.236944,44.448611,Nitrogen oxides (NOX),629870.0,283.861566092513,0,1,0,0,0,0,0,0
2022,7(a),7.5536,44.4172,Ammonia (NH3),27388.0,488.6321463335936,0,0,1,0,0,0,0,0
2024,4(b),11.5921,44.856,Ammonia (NH3),46100.0,336.40887356733657,1,0,0,0,0,0,0,0
2022,7(a),11.9686,45.0014,Ammonia (NH3),13416.0,347.1703986282376,0,0,1,0,0,0,0,0
2023,7(a),10.7467,45.2419,Ammonia (NH3),40146.0,397.1202777220346,0,0,1,0,0,0,0,0
2022,7(a),9.431667,45.411667,Ammonia (NH3),23000.0,461.4547851678403,0,0,1,0,0,0,0,0
2022,6(b),10.5167,44.9167,Zinc and compounds (as Zn),2186.0,371.29893725265117,0,0,0,0,0,1,0,0
2022,2(b),13.2534,46.0067,Arsenic and compounds (as As),30.07,460.33206608834774,0,0,0,0,0,0,1,0
2024,3(c),9.4667,45.6847,Nitrogen oxides (NOX),671998.4,485.68689503915584,0,0,0,1,0,0,0,0
2023,2(b),12.6667,42.5667,Chromium and compounds (as Cr),324.0,75.14187357873665,0,0,0,0,0,0,1,0
2024,2(b),17.1999,40.5167,Zinc and compounds (as Zn),797.63,422.49503361756746,0,0,0,0,0,0,1,0
2022,7(a),10.8806,44.5664,Ammonia (NH3),10964.0,323.79704089538416,0,0,1,0,0,0,0,0
2022,1(c),10.4494,43.3816,Nitrogen oxides (NOX),215659.0,234.66174872826318,0,1,0,0,0,0,0,0
2022,4(e),9.0397,45.6164,Non-methane volatile organic compounds (NMVOC),307880.0,497.46179291525067,1,0,0,0,0,0,0,0
2023,5(d),10.4742,43.463,Methane (CH4),610980.0,239.6108764644126,0,0,0,0,0,0,0,1
2021,7(a),7.3934,44.7342,Ammonia (NH3),11280.0,519.0117142803565,0,0,1,0,0,0,0,0
2024,4(e),9.3442,45.4828,Dichloromethane (DCM),4866.0,471.8158965128445,1,0,0,0,0,0,0,0
2022,8(b),11.1636,46.655,Hydro-fluorocarbons (HFCS),420.0,538.9445561660673,0,0,0,0,0,0,0,0
2024,7(a),12.4894,42.6533,Methane (CH4),145690.0,83.4537794865594,0,0,1,0,0,0,0,0
2022,9(c),14.4505,42.1459,Non-methane volatile organic compounds (NMVOC),718789.2,163.65709695868992,0,0,0,0,1,0,0,0
2022,5(d),12.2707,43.2088,Methane (CH4),1422200.0,146.3923527518459,0,0,0,0,0,0,0,1
2022,7(a),11.3586,45.1281,Ammonia (NH3),19763.0,370.1756752096091,0,0,1,0,0,0,0,0
2023,7(a),12.049167,44.788333,Ammonia (NH3),11612.0,322.88677316385844,0,0,1,0,0,0,0,0
2023,5(b),10.3557,44.8382,Carbon dioxide (CO2),190786423.6,369.39567068083886,0,0,0,0,0,0,0,1
2021,1(c),13.4158,46.5038,Nitrogen oxides (NOX),144656.0,516.8196264194823,0,1,0,0,0,0,0,0
2021,7(a),9.923611,45.604722,Ammonia (NH3),11768.0,460.5268299054138,0,0,1,0,0,0,0,0
2022,7(a),7.563633,44.584597,Ammonia (NH3),11198.0,498.41091573097657,0,0,1,0,0,0,0,0
2023,1(c),17.2152,40.5108,Nickel and compounds (as Ni),72.39,423.94185302872364,0,1,0,0,0,0,0,0
2023,5(d),11.1692,44.6864,Methane (CH4),295708.7,327.61704234977236,0,0,0,0,0,0,0,1
2021,7(a),12.8869,46.0301,Ammonia (NH3),15334.0,459.9959655875469,0,0,1,0,0,0,0,0
2022,6(b),13.0739,46.2325,Non-methane volatile organic compounds (NMVOC),327600.0,483.64256280003474,0,0,0,0,0,1,0,0
2024,5(d),12.6369,42.7786,Methane (CH4),720700.0,98.06673450079657,0,0,0,0,0,0,0,1
2023,7(a),9.7497,45.4275,Ammonia (NH3),72150.0,449.8433692842449,0,0,1,0,0,0,0,0
2021,3(g),9.8262,45.4095,Nitrogen oxides (NOX),123500.0,445.1191147781044,0,0,0,1,0,0,0,0
2022,7(a),12.0308,43.8772,Ammonia (NH3),14010.0,222.7948334087897,0,0,1,0,0,0,0,0
2024,3(e),9.093056,45.429722,Sulphur oxides (SOX),181103.3,478.16514829891844,0,0,0,1,0,0,0,0
2022,4(a),10.8376,45.1457,Nitrogen oxides (NOX),109610.0,384.57325764280205,1,0,0,0,0,0,0,0
2023,1(c),18.0321,40.5638,Zinc and compounds (as Zn),3001.5051,486.1548254028064,0,1,0,0,0,0,0,0
2022,1(c),11.7586,42.1275,PCDD + PCDF (dioxins + furans) (as Teq),0.001224,65.87472663400173,0,1,0,0,0,0,0,0
2024,5(d),8.7483,44.7879,Methane (CH4),1489954.0,441.24059954585,0,0,0,0,0,0,0,1
2024,7(a),10.3124,45.0493,Ammonia (NH3),19170.0,391.71118621286234,0,0,1,0,0,0,0,0
2024,4(e),9.3585,45.5945,Non-methane volatile organic compounds (NMVOC),414043.0,481.61083842064687,1,0,0,0,0,0,0,0
2024,1(c),12.2003,42.9946,Carbon dioxide (CO2),206253000.0,123.80937782008826,0,1,0,0,0,0,0,0
2022,9(c),13.8667,41.2589,Non-methane volatile organic compounds (NMVOC),391000.0,134.596259387173,0,0,0,0,1,0,0,0
2023,7(a)(i),12.342694,44.13125,Ammonia (NH3),11326.0,248.10709043898717,0,0,1,0,0,0,0,0
2022,1(c),18.0321,40.5638,Nitrogen oxides (NOX),2843759.7,486.1548254028064,0,1,0,0,0,0,0,0
2024,7(a),12.3486,45.6836,Ammonia (NH3),13092.7,420.5728976213861,0,0,1,0,0,0,0,0
2023,7(a),9.8422,45.5178,Ammonia (NH3),66870.0,455.0067386584105,0,0,1,0,0,0,0,0
2023,1(c),9.4794,45.0899,Nitrogen oxides (NOX),326000.0,429.82876504034436,0,1,0,0,0,0,0,0
2022,7(a),10.1525,45.2933,Ammonia (NH3),31420.0,421.5663200102679,0,0,1,0,0,0,0,0
2021,7(a),11.5853,45.1914,Ammonia (NH3),16153.0,372.9679656084393,0,0,1,0,0,0,0,0
2023,7(a),10.1386,45.4528,Ammonia (NH3),38487.0,437.8692177323516,0,0,1,0,0,0,0,0
2023,7(a),10.4882,45.3531,Methane (CH4),121653.0,416.27701212763094,0,0,1,0,0,0,0,0
2021,5(d),17.1475,40.5522,Methane (CH4),162200.0,416.8836401075435,0,0,0,0,0,0,0,1
2021,1(c),15.2164,37.1399,Nitrogen oxides (NOX),150696.1,578.6358064271149,0,1,0,0,0,0,0,0
2022,7(a),9.9692,45.3808,Ammonia (NH3),17490.0,436.8857967971654,0,0,1,0,0,0,0,0
2023,7(a),12.5004,42.7933,Ammonia (NH3),15073.0,99.01962777935793,0,0,1,0,0,0,0,0
2021,1(a),8.7858,45.4372,Sulphur oxides (SOX),1211770.0,493.3600021474541,0,1,0,0,0,0,0,0
2021,7(a),11.0078,44.9839,Ammonia (NH3),10091.0,363.0517960221433,0,0,1,0,0,0,0,0
2024,7(a),10.7616,44.4482,Ammonia (NH3),10922.0,316.04759712393013,0,0,1,0,0,0,0,0
2021,7(a),13.1547,46.1864,Ammonia (NH3),15110.0,479.2067240030533,0,0,1,0,0,0,0,0
2022,7(a),9.3539,45.3364,Ammonia (NH3),10414.0,457.9112354113317,0,0,1,0,0,0,0,0
2023,4(e),17.9567,40.6417,Hydro-fluorocarbons (HFCS),628.4,477.28850834047483,1,0,0,0,0,0,0,0
2021,8(b),9.4494,45.5108,Hydro-fluorocarbons (HFCS),265.6,469.95746879916686,0,0,0,0,0,0,0,0
2022,3(c),15.6736,40.9497,Carbon dioxide (CO2),257538000.0,285.2888248631794,0,0,0,1,0,0,0,0
2024,7(a),11.701692,45.613953,Ammonia (NH3),24289.0,417.5615154861689,0,0,1,0,0,0,0,0
2021,7(a),10.4211,45.2169,Ammonia (NH3),10890.0,404.64021472681617,0,0,1,0,0,0,0,0
2024,1(c),10.853472,45.887,Carbon dioxide (CO2),168248900.0,462.13933402006546,0,1,0,0,0,0,0,0
2021,9(c),10.7272,46.0367,Non-methane volatile organic compounds (NMVOC),142911.0,480.9447838078425,0,0,0,0,1,0,0,0
2024,1(c),9.9167,44.9833,Methane (CH4),178999.0,400.8304232185023,0,1,0,0,0,0,0,0
2021,7(a),10.188695,45.287259,Ammonia (NH3),12960.0,419.67282265662976,0,0,1,0,0,0,0,0
2021,5(d),10.558333,42.965,Methane (CH4),302540.0,198.10260700583234,0,0,0,0,0,0,0,1
2022,4(e),9.3442,45.4828,Dichloromethane (DCM),17300.0,471.8158965128445,1,0,0,0,0,0,0,0
2022,6(b),11.05,45.0667,Zinc and compounds (as Zn),2025.8,370.6401970890199,0,0,0,0,0,1,0,0
2021,7(a)(ii),8.0903,45.2756,Ammonia (NH3),15100.0,516.1546598960975,0,0,1,0,0,0,0,0
2022,7(a)(i),13.0362,46.0897,Ammonia (NH3),16969.0,467.55677520176425,0,0,1,0,0,0,0,0
2022,1(c),11.7586,42.1275,Ammonia (NH3),14240.0,65.87472663400173,0,1,0,0,0,0,0,0
2022,1(a),8.8768,45.0997,Sulphur oxides (SOX),1587300.0,459.8924322368035,0,1,0,0,0,0,0,0
2021,7(a),10.1004,45.3433,Ammonia (NH3),11793.0,428.37885013413637,0,0,1,0,0,0,0,0
2024,5(b),13.8971,41.4375,Carbon dioxide (CO2),395684493.1,127.32699413298349,0,0,0,0,0,0,0,1
2024,7(a),9.643889,45.415278,Ammonia (NH3),21386.0,452.91809938824736,0,0,1,0,0,0,0,0
2024,1(c),11.7654,42.1231,Carbon monoxide (CO),504910.0,65.17174386427507,0,1,0,0,0,0,0,0
2023,1(a),15.2723,38.2027,Benzene,1642.3,474.37811556178303,0,1,0,0,0,0,0,0
2024,7(a),10.404444,45.047222,Ammonia (NH3),14300.0,388.22310294265526,0,0,1,0,0,0,0,0
2022,5(d),7.7302,45.4185,Methane (CH4),139701.0,547.3695713291485,0,0,0,0,0,0,0,1
2023,2(b),11.5083,45.5194,Mercury and compounds (as Hg),67.5291,409.9050166276053,0,0,0,0,0,0,1,0
2021,3(c),9.7186,45.0497,Carbon monoxide (CO),749852.0,415.4886311061949,0,0,0,1,0,0,0,0
2021,1(c),10.3413,43.5879,Zinc and compounds (as Zn),348.074,257.04040051118847,0,1,0,0,0,0,0,0
2024,7(a),11.0281,44.9886,Ammonia (NH3),15950.0,363.0054808715968,0,0,1,0,0,0,0,0
2021,7(a)(ii),9.958056,45.341111,Ammonia (NH3),18240.0,433.43844899973357,0,0,1,0,0,0,0,0
2021,1(c),15.4237,41.6578,Nitrogen oxides (NOX),156320.0,244.23944851357126,0,1,0,0,0,0,0,0
2021,7(a),8.8867,45.2133,Ammonia (NH3),43494.0,469.05305255770776,0,0,1,0,0,0,0,0
2023,9(c),9.3333,45.5667,Hydro-fluorocarbons (HFCS),189.0,480.07797140875863,0,0,0,0,1,0,0,0
2024,2(b),10.3315,45.3735,Zinc and compounds (as Zn),219.459,423.3822421972733,0,0,0,0,0,0,1,0
2024,8(b),7.7484,45.1225,Nitrogen oxides (NOX),100783.0,524.014765105062,0,0,0,0,0,0,0,0
2021,1(c),8.4008,39.1962,Arsenic and compounds (as As),21.72,458.5068450836283,0,1,0,0,0,0,0,0
2022,1(c),8.2991,40.8516,Nitrogen oxides (NOX),1197820.0,369.15699948624194,0,1,0,0,0,0,0,0
2022,7(a),10.827778,45.275833,Ammonia (NH3),11450.0,398.38843955349415,0,0,1,0,0,0,0,0
2024,1(c),14.1129,41.1774,Carbon dioxide (CO2),742765000.0,156.8614940772323,0,1,0,0,0,0,0,0
2023,7(a),10.3255,45.4195,Ammonia (NH3),11329.0,428.21795260241066,0,0,1,0,0,0,0,0
2024,7(a),12.7467,46.0939,Ammonia (NH3),16522.0,466.45820250475316,0,0,1,0,0,0,0,0
2022,5(b),10.2114,45.5119,Ammonia (NH3),11383.6,441.2971093995787,0,0,0,0,0,0,0,1
2021,7(a)(ii),9.2946,45.2772,Ammonia (NH3),12571.0,455.1944539906943,0,0,1,0,0,0,0,0
2023,1(c),8.739,45.5212,Nitrogen oxides (NOX),301158.0,502.9487066098593,0,1,0,0,0,0,0,0
2021,1(a),8.7858,45.4372,Non-methane volatile organic compounds (NMVOC),330773.0,493.3600021474541,0,1,0,0,0,0,0,0
2021,4(a),8.6421,45.4596,Nitrous oxide (N2O),150754.0,502.3468288780493,1,0,0,0,0,0,0,0
2024,2(e),10.2167,45.5,Zinc and compounds (as Zn),460.89,439.92463467937506,0,0,0,0,0,0,1,0
2023,7(a),10.95,45.0817,Ammonia (NH3),10853.0,374.8234112634752,0,0,1,0,0,0,0,0
2024,7(a),10.5104,45.187606,Ammonia (NH3),48780.0,398.7535616393953,0,0,1,0,0,0,0,0
2021,7(a),11.0651,45.3634,Ammonia (NH3),13951.6,401.65347833902695,0,0,1,0,0,0,0,0
2024,9(c),12.0741,44.1418,Non-methane volatile organic compounds (NMVOC),129760.0,251.32012695849141,0,0,0,0,1,0,0,0
2023,9(c),9.3333,45.5667,Sulphur hexafluoride (SF6),565.0,480.07797140875863,0,0,0,0,1,0,0,0
2021,7(a),10.4417,45.4317,Ammonia (NH3),15484.0,425.7397714107975,0,0,1,0,0,0,0,0
2024,7(a),12.1503,44.9517,Ammonia (NH3),26591.3,340.17134527177257,0,0,1,0,0,0,0,0
2022,1(c),9.4359,45.3345,Nitrogen oxides (NOX),607400.0,454.1275854590648,0,1,0,0,0,0,0,0
2021,1(c),18.0321,40.5638,Nitrogen oxides (NOX),1380812.2,486.1548254028064,0,1,0,0,0,0,0,0
2023,6(b),8.7167,45.2333,PCDD + PCDF (dioxins + furans) (as Teq),0.000127,479.3398056935004,0,0,0,0,0,1,0,0
2024,3(c),12.6178,43.2844,Carbon dioxide (CO2),349460000.0,153.94793754868223,0,0,0,1,0,0,0,0
2021,7(a),10.5667,45.0378,Ammonia (NH3),14030.0,381.7658808010593,0,0,1,0,0,0,0,0
2024,2(a),10.2269,45.5333,Carbon monoxide (CO),1298952.6,442.934350852115,0,0,0,0,0,0,1,0
2024,1(c),15.6048,38.274,Methane (CH4),303107.0,482.34767180911035,0,1,0,0,0,0,0,0
2023,7(a),12.832944,46.001725,Ammonia (NH3),29944.0,456.5739084851514,0,0,1,0,0,0,0,0
2024,5(a),7.5856,45.0381,Nitrogen oxides (NOX),156702.038,527.6333775226544,0,0,0,0,0,0,0,1
2024,7(a),7.6803,44.4214,Ammonia (NH3),10780.0,480.50675249744177,0,0,1,0,0,0,0,0
2021,3(c),13.0042,41.7367,Nitrogen oxides (NOX),377289.0,45.95489691933602,0,0,0,1,0,0,0,0
2021,7(a),10.8322,45.2642,Ammonia (NH3),11476.0,397.0551957704893,0,0,1,0,0,0,0,0
2024,6(b),8.7167,45.2333,Ammonia (NH3),89500.0,479.3398056935004,0,0,0,0,0,1,0,0
2022,7(a)(i),9.880556,45.513889,Ammonia (NH3),10410.0,453.18943232523327,0,0,1,0,0,0,0,0
2023,7(a),9.9675,45.428611,Ammonia (NH3),33770.0,441.6229129910195,0,0,1,0,0,0,0,0
2023,2(b),12.6667,42.5667,Nickel and compounds (as Ni),58.1,75.14187357873665,0,0,0,0,0,0,1,0
2022,7(a),12.2214,43.2443,Ammonia (NH3),18620.0,150.8578317039756,0,0,1,0,0,0,0,0
2023,7(a),10.6416,45.1652,Ammonia (NH3),15757.0,392.338422014634,0,0,1,0,0,0,0,0
2021,7(a),9.9147,45.4508,Ammonia (NH3),10740.0,445.75603623783854,0,0,1,0,0,0,0,0
2024,1(c),7.7239,45.1083,Hydro-fluorocarbons (HFCS),907.0,524.4178200659032,0,1,0,0,0,0,0,0
2023,1(c),17.2152,40.5108,Carbon dioxide (CO2),3515574630.0,423.94185302872364,0,1,0,0,0,0,0,0
2021,9(c),9.3333,45.5667,Sulphur hexafluoride (SF6),954.0,480.07797140875863,0,0,0,0,1,0,0,0
2021,7(a),9.295617,45.18505,Ammonia (NH3),44700.0,446.8568670391226,0,0,1,0,0,0,0,0
2023,4(b),10.4739,43.4089,Ammonia (NH3),169119.0,235.36059793219042,1,0,0,0,0,0,0,0
2022,4(a),12.2375,44.4333,Carbon dioxide (CO2),119409000.0,282.1606140496302,1,0,0,0,0,0,0,0
2024,7(a),7.639478,44.508831,Ammonia (NH3),10018.0,488.664187958199,0,0,1,0,0,0,0,0
2021,5(b),12.6345,43.9793,Carbon dioxide (CO2),128100191.8,231.1696469892817,0,0,0,0,0,0,0,1
2024,1(a),9.0113,39.0971,Nitrogen oxides (NOX),2873853.5,429.0677199992063,0,1,0,0,0,0,0,0
2024,2(b),17.1999,40.5167,Nickel and compounds (as Ni),71.78,422.49503361756746,0,0,0,0,0,0,1,0
2023,4(a),,,Chlorofluorocarbons (CFCs),47.0,,1,0,0,0,0,0,0,0
2024,7(a),9.7061,45.1912,Ammonia (NH3),14628.0,429.20767398263763,0,0,1,0,0,0,0,0
2024,8(b),11.079051,45.60145,Ammonia (NH3),10600.0,426.7162170901883,0,0,0,0,0,0,0,0
2023,7(a),7.7338,45.2724,Ammonia (NH3),10321.0,536.0274493436497,0,0,1,0,0,0,0,0
2022,7(a),10.8686,44.7202,Ammonia (NH3),13684.0,339.8195978766441,0,0,1,0,0,0,0,0
2024,7(a)(ii),9.6342,45.1606,Ammonia (NH3),25379.0,429.4266161702991,0,0,1,0,0,0,0,0
2024,3(e),13.2324,45.7701,Nitrogen oxides (NOX),281794.0,434.0513576127998,0,0,0,1,0,0,0,0
2022,7(a),12.1432,45.6082,Ammonia (NH3),13518.0,412.99579937624657,0,0,1,0,0,0,0,0
2023,2(b),12.6667,42.5667,Carbon dioxide (CO2),305433100.0,75.14187357873665,0,0,0,0,0,0,1,0
2021,3(c),15.6736,40.9497,Carbon dioxide (CO2),325660000.0,285.2888248631794,0,0,0,1,0,0,0,0
2022,7(a),12.364722,44.146667,Ammonia (NH3),16325.0,249.73602419494904,0,0,1,0,0,0,0,0
2021,7(a),11.9761,44.5544,Ammonia (NH3),15194.0,297.8407263144378,0,0,1,0,0,0,0,0
2024,5(b),9.3583,45.8378,Carbon dioxide (CO2),133533180.0,504.6090359802653,0,0,0,0,0,0,0,1
2022,7(a),7.7338,45.2724,Ammonia (NH3),10350.0,536.0274493436497,0,0,1,0,0,0,0,0
2021,7(a),10.9764,43.4923,Ammonia (NH3),15700.0,216.01990371796236,0,0,1,0,0,0,0,0
2024,7(a),11.129444,45.398333,Ammonia (NH3),19478.0,403.9280782675193,0,0,1,0,0,0,0,0
2021,7(a)(i),13.109,43.3826,Ammonia (NH3),17520.0,172.00489660364755,0,0,1,0,0,0,0,0
2023,7(a),10.276667,45.269722,Ammonia (NH3),23674.0,414.838715260458,0,0,1,0,0,0,0,0
2024,4(e),9.0333,45.5833,Non-methane volatile organic compounds (NMVOC),314603.0,494.744318907263,1,0,0,0,0,0,0,0
2024,2(b),10.3315,45.3735,Carbon monoxide (CO),542001.0,423.3822421972733,0,0,0,0,0,0,1,0
2024,7(a),10.1006,45.4172,Ammonia (NH3),11574.0,435.6713593413412,0,0,1,0,0,0,0,0
2022,7(a),10.527,45.2206,Ammonia (NH3),19820.0,401.56887284311426,0,0,1,0,0,0,0,0
2021,1(c),13.4158,46.5038,Carbon dioxide (CO2),134590000.0,516.8196264194823,0,1,0,0,0,0,0,0
2023,2(b),17.1999,40.5167,Lead and compounds (as Pb),273.62,422.49503361756746,0,0,0,0,0,0,1,0
2023,3(c),10.0333,45.7167,Carbon dioxide (CO2),195292000.0,467.82069491437875,0,0,0,1,0,0,0,0
2023,9(c),13.532778,45.804444,Non-methane volatile organic compounds (NMVOC),130906.0,441.7186661820599,0,0,0,0,1,0,0,0
2021,5(d),11.4875,44.7325,Methane (CH4),526209.3,325.0546245199025,0,0,0,0,0,0,0,1
2024,1(c),13.7483,37.9691,Carbon dioxide (CO2),849465620.0,450.22665809519594,0,1,0,0,0,0,0,0
2024,3(c),15.180555,37.194444,Ammonia (NH3),14129.8,571.8128643506107,0,0,0,1,0,0,0,0
2021,5(a),7.5856,45.0381,Nickel and compounds (as Ni),88.9447,527.6333775226544,0,0,0,0,0,0,0,1
2022,5(d),12.7147,46.1147,Methane (CH4),127992.0,468.66664698646406,0,0,0,0,0,0,0,1
2021,7(a)(i),13.1783,45.7925,Ammonia (NH3),23620.0,435.9530064230601,0,0,1,0,0,0,0,0
2024,5(b),9.0706,45.5042,Chlorine and inorganic compounds (as HCl),12628.0,485.8999911744329,0,0,0,0,0,0,0,1
2024,7(a),9.8208,45.4933,Ammonia (NH3),29610.0,453.43567267909197,0,0,1,0,0,0,0,0
2024,7(a),11.8947,45.8333,Ammonia (NH3),13910.0,439.7013981084139,0,0,1,0,0,0,0,0
2021,5(a),14.322,41.626,Hydrochlorofluorocarbons (HCFCs),50.76,154.5071221193467,0,0,0,0,0,0,0,1
2021,3(c),13.2503,38.190833,Ammonia (NH3),45136.0,417.7054329667705,0,0,0,1,0,0,0,0
2024,7(a),7.523889,45.217778,Ammonia (NH3),11303.0,544.2390519333201,0,0,1,0,0,0,0,0
2023,7(a),9.3176,45.2405,Ammonia (NH3),14681.0,450.829368095555,0,0,1,0,0,0,0,0
2024,7(a),12.057,44.06,Ammonia (NH3),60071.0,242.51713730289214,0,0,1,0,0,0,0,0
2024,3(e),10.6864,43.8683,Cadmium and compounds (as Cd),10.043,263.6362401569864,0,0,0,1,0,0,0,0
2023,2(b),17.1999,40.5167,Carbon monoxide (CO),63340000.0,422.49503361756746,0,0,0,0,0,0,1,0
2023,7(a),8.5892,45.503,Ammonia (NH3),27151.0,508.6938510029393,0,0,1,0,0,0,0,0
2024,5(b),13.7994,45.6111,Carbon dioxide (CO2),212378625.0,425.3992685321575,0,0,0,0,0,0,0,1
2021,7(a),13.1978,46.0033,Ammonia (NH3),21180.0,459.3932605825412,0,0,1,0,0,0,0,0
2024,7(a),9.5091,45.2571,Ammonia (NH3),31415.0,443.79061727829855,0,0,1,0,0,0,0,0
2023,7(a),11.0211,45.0408,Ammonia (NH3),12002.0,368.6616501560451,0,0,1,0,0,0,0,0
2021,7(a),10.7788,45.0106,Ammonia (NH3),13110.0,372.3197120768705,0,0,1,0,0,0,0,0
2024,5(g),15.187222,37.173611,Mercury and compounds (as Hg),20.0,574.1768607819049,0,0,0,0,0,0,0,1
2022,1(c),17.088769,39.094094,Nitrogen oxides (NOX),291980.0,498.1901165776871,0,1,0,0,0,0,0,0
2023,4(e),8.158594,45.403728,Dichloromethane (DCM),9126.0,522.6542291057688,1,0,0,0,0,0,0,0
2021,7(a)(ii),9.655278,45.548611,Ammonia (NH3),24572.0,465.1836993994771,0,0,1,0,0,0,0,0
2024,7(a),10.6066,45.3474,Ammonia (NH3),22938.0,412.0882655073563,0,0,1,0,0,0,0,0
2024,5(c),18.2143,39.8941,Methane (CH4),732000.0,529.8021718550275,0,0,0,0,0,0,0,1
2021,5(d),12.7676,41.4838,Methane (CH4),242000.0,51.7469211767934,0,0,0,0,0,0,0,1
2023,1(a),10.3365,43.5872,Zinc and compounds (as Zn),294.01,257.2528399694245,0,1,0,0,0,0,0,0
2024,7(a),9.8422,45.5178,Ammonia (NH3),56180.0,455.0067386584105,0,0,1,0,0,0,0,0
2022,1(a),15.1905,37.2216,Non-methane volatile organic compounds (NMVOC),320096.5,569.3767495576742,0,1,0,0,0,0,0,0
2022,7(a),9.849444,45.563889,Ammonia (NH3),13327.0,459.2313826270359,0,0,1,0,0,0,0,0
2024,7(a),12.1628,45.0089,Ammonia (NH3),16740.0,346.4296882449504,0,0,1,0,0,0,0,0
2023,3(c),10.963889,46.040556,Carbon dioxide (CO2),101326000.0,476.13534821064076,0,0,0,1,0,0,0,0
2023,7(a),7.6667,44.7775,Ammonia (NH3),32000.0,504.5521364688613,0,0,1,0,0,0,0,0
2024,1(a),8.8768,45.0997,Carbon dioxide (CO2),1360641630.0,459.8924322368035,0,1,0,0,0,0,0,0
2023,9(c),11.3515,45.5088,Non-methane volatile organic compounds (NMVOC),134489.0,411.38178789770933,0,0,0,0,1,0,0,0
2022,7(a)(ii),8.5957,45.507,Ammonia (NH3),16557.0,508.71552078254393,0,0,1,0,0,0,0,0
2023,7(a),9.9183,45.4556,Ammonia (NH3),10866.0,446.0900273206258,0,0,1,0,0,0,0,0
2023,7(a),9.9644,45.2507,Methane (CH4),107219.0,424.4284967350915,0,0,1,0,0,0,0,0
2023,3(e),11.3731,45.4181,Nitrogen oxides (NOX),169459.0,401.18016620160887,0,0,0,1,0,0,0,0
2022,7(a),9.422,45.3353,Ammonia (NH3),19234.0,454.80849440571166,0,0,1,0,0,0,0,0
2024,3(c),13.0042,41.7367,Carbon dioxide (CO2),335379000.0,45.95489691933602,0,0,0,1,0,0,0,0
2024,7(a),9.881667,45.535833,Ammonia (NH3),13183.0,455.2931065018369,0,0,1,0,0,0,0,0
2024,1(c),13.2897,45.8169,Carbon dioxide (CO2),722346000.0,439.84416071720636,0,1,0,0,0,0,0,0
2021,3(c),9.81,44.7667,Mercury and compounds (as Hg),17.8,385.45810832592576,0,0,0,1,0,0,0,0
2021,1(c),14.441111,37.5425,Carbon dioxide (CO2),179402730.0,512.5366645240119,0,1,0,0,0,0,0,0
2024,6(b),10.75,45.0667,Nitrogen oxides (NOX),117730.0,378.94918081031824,0,0,0,0,0,1,0,0
2021,7(a),10.2613,45.201,Ammonia (NH3),44090.0,408.54594083217023,0,0,1,0,0,0,0,0
2023,7(a),8.5297,45.5086,Ammonia (NH3),33669.0,512.133806146261,0,0,1,0,0,0,0,0
2021,7(a)(i),12.0581,44.1611,Ammonia (NH3),12691.0,253.62481860543613,0,0,1,0,0,0,0,0
2021,1(a),15.1905,37.2216,Non-methane volatile organic compounds (NMVOC),322168.5,569.3767495576742,0,1,0,0,0,0,0,0
2023,7(a),10.9172,44.9039,Ammonia (NH3),29430.0,357.2430080519243,0,0,1,0,0,0,0,0
2023,1(a),8.7858,45.4372,Carbon dioxide (CO2),947336807.6,493.3600021474541,0,1,0,0,0,0,0,0
2022,8(b),7.483333,44.649444,Carbon dioxide (CO2),126464027.6,507.75804342067056,0,0,0,0,0,0,0,0
2023,7(a),10.2725,45.1006,Ammonia (NH3),11492.0,398.2177048134624,0,0,1,0,0,0,0,0
2021,7(a),11.7684,44.4463,Ammonia (NH3),33409.0,288.91617219522266,0,0,1,0,0,0,0,0
2021,1(c),12.236944,44.448611,Nitrous oxide (N2O),32730.0,283.861566092513,0,1,0,0,0,0,0,0
2022,7(a),10.8179,45.0899,Ammonia (NH3),23698.0,379.3479112993645,0,0,1,0,0,0,0,0
2022,3(c),7.4175,44.3911,Carbon dioxide (CO2),130488000.0,496.16964148283375,0,0,0,1,0,0,0,0
2023,7(a),13.198908,43.490586,Ammonia (NH3),37496.0,185.65154824625148,0,0,1,0,0,0,0,0
2021,4(a),15.1973,37.167,Carbon dioxide (CO2),805354140.0,575.2012058760492,1,0,0,0,0,0,0,0
2023,7(a),12.47,45.87,Ammonia (NH3),13190.0,441.13757878827687,0,0,1,0,0,0,0,0
2021,3(e),16.9167,40.7833,Nitrous oxide (N2O),264200.0,389.3882150482699,0,0,0,1,0,0,0,0
2024,7(a),11.3586,45.1281,Ammonia (NH3),13036.0,370.1756752096091,0,0,1,0,0,0,0,0
2021,7(a),11.2126,45.202,Ammonia (NH3),14179.0,381.149056433078,0,0,1,0,0,0,0,0
2021,7(a),9.6444,45.3345,Ammonia (NH3),10480.0,445.2572561014441,0,0,1,0,0,0,0,0
2021,4(e),9.0822,45.6303,Hydro-fluorocarbons (HFCS),473.4,496.83847894094936,1,0,0,0,0,0,0,0
2024,7(a),12.313056,43.941667,Ammonia (NH3),19552.0,227.2024811025456,0,0,1,0,0,0,0,0
2022,2(b),9.5969,45.6425,Carbon dioxide (CO2),346498900.0,476.48876713324137,0,0,0,0,0,0,1,0
2021,2(b),10.3894,45.6392,Mercury and compounds (as Hg),18.548,448.5499430851952,0,0,0,0,0,0,1,0
2021,5(a),14.322,41.626,Chlorofluorocarbons (CFCs),24.75,154.5071221193467,0,0,0,0,0,0,0,1
2021,7(a),11.9585,44.5335,Ammonia (NH3),12229.0,295.7480703358806,0,0,1,0,0,0,0,0
2022,7(a),10.3362,44.6492,Ammonia (NH3),13088.0,351.8823234639824,0,0,1,0,0,0,0,0
2023,5(b),9.0706,45.5042,Nitrogen oxides (NOX),157513.9,485.8999911744329,0,0,0,0,0,0,0,1
2021,7(a),8.1345,45.4249,Ammonia (NH3),10880.0,525.6569957465897,0,0,1,0,0,0,0,0
2022,1(c),15.2022,37.1291,Chromium and compounds (as Cr),5609.2,579.2538732559473,0,1,0,0,0,0,0,0
2021,5(d),10.830555,43.855774,Methane (CH4),213020.0,256.07882659210674,0,0,0,0,0,0,0,1
2022,3(e),12.4,45.783333,Sulphur oxides (SOX),176496.7,431.5647360874732,0,0,0,1,0,0,0,0
2023,7(a),7.7869,44.6466,Ammonia (NH3),11506.0,488.1731446608286,0,0,1,0,0,0,0,0
2022,1(c),11.7586,42.1275,Arsenic and compounds (as As),58.6225,65.87472663400173,0,1,0,0,0,0,0,0
2023,3(e),10.3858,43.7061,Sulphur oxides (SOX),171040.0,264.2817592979229,0,0,0,1,0,0,0,0
2021,3(c),12.259722,45.815833,Carbon dioxide (CO2),197108000.0,435.5224044699912,0,0,0,1,0,0,0,0
2023,7(a),10.2883,45.3342,Ammonia (NH3),16812.0,420.8824085056446,0,0,1,0,0,0,0,0
2022,7(a),10.6617,45.2514,Ammonia (NH3),10518.0,400.5766031956757,0,0,1,0,0,0,0,0
2021,7(a),8.553056,45.589444,Ammonia (NH3),14867.0,517.9163993349813,0,0,1,0,0,0,0,0
2023,1(c),14.3761,40.9744,Nitrogen oxides (NOX),143400.0,187.63286365571642,0,1,0,0,0,0,0,0
2023,7(a),12.386111,44.053333,Ammonia (NH3),12126.0,239.2965497068425,0,0,1,0,0,0,0,0
2024,7(a),9.8358,45.36,Ammonia (NH3),11170.0,439.9743211277368,0,0,1,0,0,0,0,0
2023,7(a),7.7887,44.8762,Ammonia (NH3),15956.0,503.8513777621774,0,0,1,0,0,0,0,0
2023,7(a),10.1533,45.1294,Ammonia (NH3),20375.0,405.4441030701432,0,0,1,0,0,0,0,0
2023,3(c),,,Carbon dioxide (CO2),116462000.0,,0,0,0,1,0,0,0,0
2024,7(a),12.709653,46.047758,Ammonia (NH3),19181.0,461.21357397350914,0,0,1,0,0,0,0,0
2022,7(a),10.7394,45.3317,Ammonia (NH3),28140.0,406.6374781001603,0,0,1,0,0,0,0,0
2024,6(b),12.0331,46.0708,Di-(2-ethyl hexyl) phthalate (DEHP),58.7,464.9378360835196,0,0,0,0,0,1,0,0
2024,1(a),15.219444,37.135556,Zinc and compounds (as Zn),774.123,579.1857861069731,0,1,0,0,0,0,0,0
2023,4(e),9.3747,45.4044,Dichloromethane (DCM),5869.0,463.2452754182313,1,0,0,0,0,0,0,0
2021,1(c),18.0321,40.5638,Chromium and compounds (as Cr),113.5103,486.1548254028064,0,1,0,0,0,0,0,0
2023,3(c),10.963889,46.040556,Di-(2-ethyl hexyl) phthalate (DEHP),66.68,476.13534821064076,0,0,0,1,0,0,0,0
2023,7(a),12.1105,44.9708,Ammonia (NH3),15553.0,342.5647519889235,0,0,1,0,0,0,0,0
2023,1(c),15.423906,41.197708,Carbon dioxide (CO2),181920000.0,255.9030818592855,0,1,0,0,0,0,0,0
2024,7(a),10.7467,45.2419,Ammonia (NH3),59900.0,397.1202777220346,0,0,1,0,0,0,0,0
2021,7(a),15.394,41.0664,Ammonia (NH3),14500.0,258.6504830708583,0,0,1,0,0,0,0,0
2022,7(a),9.2524,45.2904,Ammonia (NH3),21784.0,458.3143838205518,0,0,1,0,0,0,0,0
2023,1(c),15.2808,38.2019,Nickel and compounds (as Ni),103.2629,474.81617636859517,0,1,0,0,0,0,0,0
2021,7(a),10.5562,45.2536,Ammonia (NH3),10582.0,404.01021935840237,0,0,1,0,0,0,0,0
2022,1(c),18.0321,40.5638,Carbon dioxide (CO2),7352726679.5,486.1548254028064,0,1,0,0,0,0,0,0
2024,7(a),11.2732,45.074,Ammonia (NH3),27955.0,366.15589412172045,0,0,1,0,0,0,0,0
2021,7(a),12.2119,45.0072,Ammonia (NH3),70206.0,345.9558563647101,0,0,1,0,0,0,0,0
2024,6(b),13.5869,41.6994,Carbon dioxide (CO2),103883930.0,93.17920276997535,0,0,0,0,0,1,0,0
2021,9(c),12.3992,45.9307,Non-methane volatile organic compounds (NMVOC),210800.0,447.94960416655414,0,0,0,0,1,0,0,0
2021,5(c),7.7887,44.4765,Methane (CH4),619481.6,476.90334070765385,0,0,0,0,0,0,0,1
2024,2(b),10.3894,45.6392,Nitrogen oxides (NOX),116668.0,448.5499430851952,0,0,0,0,0,0,1,0
2024,9(c),9.3167,45.9167,Non-methane volatile organic compounds (NMVOC),180660.0,513.7905559199239,0,0,0,0,1,0,0,0
2022,7(a),10.8747,45.0375,Ammonia (NH3),11259.0,372.2982530102093,0,0,1,0,0,0,0,0
2021,7(a)(ii),7.9185,45.2776,Ammonia (NH3),10230.0,525.902779792002,0,0,1,0,0,0,0,0
2024,5(b),9.7325,45.0585,Carbon dioxide (CO2),124202880.0,415.70192378791603,0,0,0,0,0,0,0,1
2021,7(a),11.0075,44.9942,Ammonia (NH3),34456.0,364.1372799092765,0,0,1,0,0,0,0,0
2024,7(a),10.9701,44.9466,Ammonia (NH3),15988.0,360.18287048828904,0,0,1,0,0,0,0,0
2024,7(a),12.0931,44.0156,Ammonia (NH3),16742.0,237.21300189325453,0,0,1,0,0,0,0,0
2022,1(a),9.0113,39.0971,Nickel and compounds (as Ni),769.9323,429.0677199992063,0,1,0,0,0,0,0,0
2022,7(a),10.005,45.335278,Ammonia (NH3),11754.0,431.1026155304424,0,0,1,0,0,0,0,0
2024,3(c),15.6736,40.9497,Ammonia (NH3),11819.0,285.2888248631794,0,0,0,1,0,0,0,0
2022,3(c),15.180555,37.194444,Nitrous oxide (N2O),402600.0,571.8128643506107,0,0,0,1,0,0,0,0
2022,6(c),9.7744,45.5614,Ammonia (NH3),14512.0,461.80887571490143,0,0,0,0,0,1,0,0
2024,1(a),15.1825,37.1791,Nitrogen oxides (NOX),312949.5,573.451982183205,0,1,0,0,0,0,0,0
2024,1(c),10.2292,45.5635,Hydro-fluorocarbons (HFCS),819.0,445.9020632114172,0,1,0,0,0,0,0,0
2024,7(a),9.986449,45.457268,Ammonia (NH3),32076.0,443.73676407399853,0,0,1,0,0,0,0,0
2023,7(a),9.8425,45.4325,Ammonia (NH3),46280.0,446.71349842738647,0,0,1,0,0,0,0,0
2022,1(c),11.2511,45.0297,Benzene,1115.8,361.9154505330853,0,1,0,0,0,0,0,0
2024,9(c),7.6311,45.0303,Non-methane volatile organic compounds (NMVOC),119822.0,524.3293632103936,0,0,0,0,1,0,0,0
2024,3(a),16.0871,40.4101,Nitrous oxide (N2O),14000.0,343.3499001389804,0,0,0,1,0,0,0,0
2023,2(d),10.1126,45.516,Benzene,2389.64,445.0650349334965,0,0,0,0,0,0,1,0
2022,4(e),7.7701,45.1432,Non-methane volatile organic compounds (NMVOC),126600.0,524.2692658113206,1,0,0,0,0,0,0,0
2023,1(c),14.441111,37.5425,Carbon dioxide (CO2),124029800.0,512.5366645240119,0,1,0,0,0,0,0,0
2021,7(a),13.1672,43.5292,Ammonia (NH3),12160.0,188.9666875161974,0,0,1,0,0,0,0,0
2024,7(a),7.737222,44.703889,Ammonia (NH3),19678.0,495.15219283204493,0,0,1,0,0,0,0,0
2023,7(a)(i),12.0581,44.1611,Ammonia (NH3),13723.0,253.62481860543613,0,0,1,0,0,0,0,0
2021,7(a),8.7044,45.2328,Ammonia (NH3),33365.0,479.92703519196357,0,0,1,0,0,0,0,0
2021,4(b),10.4739,43.4089,Ammonia (NH3),150996.0,235.36059793219042,1,0,0,0,0,0,0,0
2024,7(a),11.3398,45.3061,Ammonia (NH3),13087.0,389.7077397348138,0,0,1,0,0,0,0,0
2021,3(c),14.0658,41.4456,Carbon dioxide (CO2),722992000.0,139.90801467376932,0,0,0,1,0,0,0,0
2024,9(c),,,Non-methane volatile organic compounds (NMVOC),289807.5,,0,0,0,0,1,0,0,0
2023,7(a),11.620094,45.200139,Ammonia (NH3),13000.0,373.3797384956236,0,0,1,0,0,0,0,0
2024,9(c),14.6975,40.7322,Non-methane volatile organic compounds (NMVOC),170936.0,225.2292308000999,0,0,0,0,1,0,0,0
2021,7(a),10.533056,45.2575,Ammonia (NH3),12010.0,405.13142390683004,0,0,1,0,0,0,0,0
2022,7(a),10.7386,45.0669,Ammonia (NH3),39664.0,379.31229570763725,0,0,1,0,0,0,0,0
2024,1(c),9.8308,44.0738,Methane (CH4),1111000.0,324.4389984142978,0,1,0,0,0,0,0,0
2024,7(a),10.370472,45.339833,Ammonia (NH3),21029.0,418.7033983883458,0,0,1,0,0,0,0,0
2021,7(a),10.84397,44.599722,Ammonia (NH3),30165.0,328.3718765360498,0,0,1,0,0,0,0,0
2021,7(a),9.9147,45.4722,Ammonia (NH3),13020.0,447.84559230945746,0,0,1,0,0,0,0,0
2023,9(d),12.52,42.5175,Benzene,1359.0,68.37915143730088,0,0,0,0,1,0,0,0
2022,1(c),14.2297,41.0088,Hydro-fluorocarbons (HFCS),408.0,175.34271516200758,0,1,0,0,0,0,0,0
2023,1(c),8.9733,45.0286,Carbon dioxide (CO2),878076800.0,448.95765443327025,0,1,0,0,0,0,0,0
2024,3(e),7.5908,44.3867,Carbon dioxide (CO2),116734000.0,484.3039076585716,0,0,0,1,0,0,0,0
2023,5(d),11.3889,44.1194,Methane (CH4),961857.9,262.40193067491055,0,0,0,0,0,0,0,1
2023,7(a),9.7522,45.4597,Methane (CH4),114480.0,452.8383352362398,0,0,1,0,0,0,0,0
2023,3(e),11.0928,45.1436,Chlorine and inorganic compounds (as HCl),10423.0,377.69529539990066,0,0,0,1,0,0,0,0
2024,7(a),10.753333,45.689722,Ammonia (NH3),11530.0,443.68737513558597,0,0,1,0,0,0,0,0
2022,7(a),7.65,44.55,Ammonia (NH3),12296.0,490.6012271219226,0,0,1,0,0,0,0,0
2023,7(a),7.649722,44.736111,Ammonia (NH3),35230.0,502.82500096117974,0,0,1,0,0,0,0,0
2024,7(a),9.8235,45.4676,Ammonia (NH3),20098.0,450.841024532994,0,0,1,0,0,0,0,0
2021,3(c),9.7192,40.5425,Carbon dioxide (CO2),141147600.0,277.1588315763164,0,0,0,1,0,0,0,0
2022,7(a),10.35,45.1225,Ammonia (NH3),10772.0,397.6214427892729,0,0,1,0,0,0,0,0
2023,7(a),9.8156,45.2261,Ammonia (NH3),36478.0,427.9690109246469,0,0,1,0,0,0,0,0
2022,1(c),8.2991,40.8516,Carbon dioxide (CO2),2943816000.0,369.15699948624194,0,1,0,0,0,0,0,0
2021,9(c),13.8667,41.2589,Non-methane volatile organic compounds (NMVOC),677000.0,134.596259387173,0,0,0,0,1,0,0,0
2022,7(a)(iii),10.1033,45.2806,Ammonia (NH3),19350.0,422.10538243560444,0,0,1,0,0,0,0,0
2024,7(a),11.7973,44.4104,Ammonia (NH3),97823.0,284.53713278512015,0,0,1,0,0,0,0,0
2024,9(c),8.4664,45.4648,Non-methane volatile organic compounds (NMVOC),103325.8,511.60971434625776,0,0,0,0,1,0,0,0
2022,5(b),9.5078,45.5936,Carbon dioxide (CO2),195371000.0,475.3683801737427,0,0,0,0,0,0,0,1
2023,7(a),12.293358,45.782458,Ammonia (NH3),29400.0,431.7050607940209,0,0,1,0,0,0,0,0
2021,7(a),9.32,45.3963,Ammonia (NH3),65480.0,464.89946088890144,0,0,1,0,0,0,0,0
2022,7(a),10.159167,45.468611,Ammonia (NH3),21449.0,438.73359337707166,0,0,1,0,0,0,0,0
2021,7(a),10.2202,45.3035,Ammonia (NH3),11178.0,420.1701278661166,0,0,1,0,0,0,0,0
2023,1(a),10.3365,43.5872,Nitrogen oxides (NOX),425205.0,257.2528399694245,0,1,0,0,0,0,0,0
2023,3(c),11.8367,43.6581,Nitrogen oxides (NOX),583200.0,202.46809270796382,0,0,0,1,0,0,0,0
2023,7(a),10.8836,44.9178,Methane (CH4),102000.0,359.65515938708734,0,0,1,0,0,0,0,0
2021,7(a),9.9561,45.2844,Ammonia (NH3),21868.0,428.0094573536063,0,0,1,0,0,0,0,0
2021,5(a),9.4092,45.5814,Hydrochlorofluorocarbons (HCFCs),106.0,478.26352720300173,0,0,0,0,0,0,0,1
2021,7(a),12.1566,45.5995,Ammonia (NH3),10887.0,411.9582255321011,0,0,1,0,0,0,0,0
2021,7(a),12.3957,43.1373,Methane (CH4),129260.0,137.51796750832895,0,0,1,0,0,0,0,0
2024,5(d),15.651806,41.448994,Methane (CH4),145000.0,266.86471905427936,0,0,0,0,0,0,0,1
2021,2(b),13.2534,46.0067,Nitrogen oxides (NOX),381820.0,460.33206608834774,0,0,0,0,0,0,1,0
2021,2(e),8.4079,39.2091,Cadmium and compounds (as Cd),23.5555,457.08909962129064,0,0,0,0,0,0,1,0
2024,7(a),10.6111,45.08,Ammonia (NH3),14841.0,384.6037378361844,0,0,1,0,0,0,0,0
2021,7(a),10.3217,45.0683,Ammonia (NH3),24600.0,393.2515715807625,0,0,1,0,0,0,0,0
2022,1(c),13.7483,37.9691,Nitrous oxide (N2O),23177.0,450.22665809519594,0,1,0,0,0,0,0,0
2022,7(a),10.7788,45.0106,Ammonia (NH3),14010.0,372.3197120768705,0,0,1,0,0,0,0,0
2021,1(c),10.8354,45.149,Carbon dioxide (CO2),1863082488.0,384.9776214382663,0,1,0,0,0,0,0,0
2022,6(b),13.0739,46.2325,Nitrogen oxides (NOX),422100.0,483.64256280003474,0,0,0,0,0,1,0,0
2024,7(a),12.0779,44.8416,Ammonia (NH3),128611.0,328.524369951749,0,0,1,0,0,0,0,0
2021,7(a),10.8836,44.9178,Methane (CH4),102000.0,359.65515938708734,0,0,1,0,0,0,0,0
2024,7(a),10.6411,45.3053,Ammonia (NH3),28020.0,406.7342125644568,0,0,1,0,0,0,0,0
2021,7(a),7.5536,44.4172,Ammonia (NH3),29551.0,488.6321463335936,0,0,1,0,0,0,0,0
2022,2(a),10.2269,45.5333,Carbon monoxide (CO),1229153.0,442.934350852115,0,0,0,0,0,0,1,0
2021,7(a),12.5734,43.3554,Ammonia (NH3),12100.0,161.64452468688194,0,0,1,0,0,0,0,0
2022,7(a),10.7583,44.9094,Ammonia (NH3),17474.0,362.5829481925619,0,0,1,0,0,0,0,0
2023,7(a),11.3294,44.9014,Ammonia (NH3),74810.0,346.4911663316083,0,0,1,0,0,0,0,0
2024,7(a),10.553056,45.185556,Ammonia (NH3),50891.0,397.1790789748979,0,0,1,0,0,0,0,0
2022,7(a),9.94983509789,44.9408876484,Ammonia (NH3),20065.0,395.450551392287,0,0,1,0,0,0,0,0
2022,3(c),13.2503,38.190833,Ammonia (NH3),43276.0,417.7054329667705,0,0,0,1,0,0,0,0
2021,2(b),10.2269,45.5333,Carbon monoxide (CO),792593.0,442.934350852115,0,0,0,0,0,0,1,0
2021,7(a),12.8283,46.1106,Ammonia (NH3),19519.0,468.6371041128512,0,0,1,0,0,0,0,0
2024,7(a),9.995,45.42,Ammonia (NH3),11858.0,439.7648859197368,0,0,1,0,0,0,0,0
2022,7(a),12.2103,44.0025,Ammonia (NH3),110728.0,234.63371488009653,0,0,1,0,0,0,0,0
2024,7(a),11.1679,45.3886,Ammonia (NH3),14949.0,402.05656759211234,0,0,1,0,0,0,0,0
2023,4(a),9.7,45.6667,Nitrogen oxides (NOX),434512.0,474.8529299188233,1,0,0,0,0,0,0,0
2024,7(a),11.062741,45.077522,Ammonia (NH3),26134.0,371.45822244192584,0,0,1,0,0,0,0,0
2023,7(a),11.7973,44.4104,Ammonia (NH3),102158.0,284.53713278512015,0,0,1,0,0,0,0,0
2023,4(e),13.0569,46.0372,Hydro-fluorocarbons (HFCS),562.3,461.9037981195701,1,0,0,0,0,0,0,0
2023,3(c),10.3444,45.5153,Mercury and compounds (as Hg),22.0,437.306929605887,0,0,0,1,0,0,0,0
2022,1(c),10.8354,45.149,Nitrogen oxides (NOX),551765.0,384.9776214382663,0,1,0,0,0,0,0,0
2022,7(a),10.039444,45.256667,Ammonia (NH3),12720.0,422.1414538171911,0,0,1,0,0,0,0,0
2022,7(a)(i),13.2869,45.9403,Ammonia (NH3),28470.0,453.3849634237648,0,0,1,0,0,0,0,0
2024,7(a),12.6181,42.8308,Ammonia (NH3),10440.0,103.67211424923143,0,0,1,0,0,0,0,0
2024,7(a),7.5476,44.5575,Ammonia (NH3),27081.0,497.7321896626864,0,0,1,0,0,0,0,0
2023,7(a),11.8899,44.6232,Ammonia (NH3),24245.0,306.4526368397821,0,0,1,0,0,0,0,0
2024,7(a),9.9147,45.4508,Ammonia (NH3),10580.0,445.75603623783854,0,0,1,0,0,0,0,0
2022,3(e),8.2942,44.3525,Nitrogen oxides (NOX),113979.0,436.35674602538546,0,0,0,1,0,0,0,0
2021,7(a),10.8453,44.9406,Ammonia (NH3),13864.0,363.1338025798689,0,0,1,0,0,0,0,0
2023,1(c),17.088769,39.094094,Nitrogen oxides (NOX),145827.0,498.1901165776871,0,1,0,0,0,0,0,0
2021,1(c),8.8666,45.1002,Carbon dioxide (CO2),1986652000.0,460.4565851575858,0,1,0,0,0,0,0,0
2022,7(a),10.1831,45.1781,Ammonia (NH3),29120.0,409.1082979543727,0,0,1,0,0,0,0,0
2023,7(a),13.9494,42.3745,Ammonia (NH3),17690.0,130.78117650488363,0,0,1,0,0,0,0,0
2021,4(c),11.365556,45.5025,Ammonia (NH3),37898.2,410.4487397514657,1,0,0,0,0,0,0,0
2023,7(a),10.9492,45.1239,Ammonia (NH3),11199.0,379.25815162556347,0,0,1,0,0,0,0,0
2023,7(a),11.9991,44.1631,Ammonia (NH3),10790.0,254.56186460182496,0,0,1,0,0,0,0,0
2021,1(c),14.2297,41.0088,Carbon dioxide (CO2),459498000.0,175.34271516200758,0,1,0,0,0,0,0,0
2023,5(d),10.576667,43.642222,Methane (CH4),109800.0,248.90726696131452,0,0,0,0,0,0,0,1
2024,4(b),10.3175,43.575,Nitrogen oxides (NOX),101799.0,257.34910074340945,1,0,0,0,0,0,0,0
2021,3(e),12.9114,45.7825,Nitrogen oxides (NOX),358684.0,432.68306868071477,0,0,0,1,0,0,0,0
2023,1(a),15.219444,37.135556,Benzene,1330.749,579.1857861069731,0,1,0,0,0,0,0,0
2022,1(c),9.9167,44.9833,Methane (CH4),170961.0,400.8304232185023,0,1,0,0,0,0,0,0
2021,1(c),17.2878,40.951,Nitrogen oxides (NOX),328949.0,413.19609429625575,0,1,0,0,0,0,0,0
2021,1(c),11.7586,42.1275,Zinc and compounds (as Zn),963.0392,65.87472663400173,0,1,0,0,0,0,0,0
2024,7(a),7.7783,44.7236,Ammonia (NH3),13264.0,493.91400956416254,0,0,1,0,0,0,0,0
2022,7(a)(ii),10.0325,45.373056,Ammonia (NH3),23360.0,433.78116096207646,0,0,1,0,0,0,0,0
2024,7(a),10.3761,45.4758,Ammonia (NH3),11130.0,432.2894431922402,0,0,1,0,0,0,0,0
2022,1(c),17.9919,40.6411,Nitrogen oxides (NOX),680349.0,480.12109605671674,0,1,0,0,0,0,0,0
2024,6(b),12.2345,44.9115,Nitrogen oxides (NOX),174920.0,335.21991004178903,0,0,0,0,0,1,0,0
2024,1(c),9.6491,45.2219,Carbon dioxide (CO2),703922304.6,434.4931203224939,0,1,0,0,0,0,0,0
2022,1(a),8.7858,45.4372,Non-methane volatile organic compounds (NMVOC),334642.4,493.3600021474541,0,1,0,0,0,0,0,0
2024,3(c),13.2503,38.190833,Nitrogen oxides (NOX),294699.9,417.7054329667705,0,0,0,1,0,0,0,0
2024,7(a),10.904722,45.291666,Ammonia (NH3),19741.0,398.00408464067954,0,0,1,0,0,0,0,0
2023,3(c),10.0333,45.7167,Mercury and compounds (as Hg),10.1,467.82069491437875,0,0,0,1,0,0,0,0
2024,1(c),9.9761,45.2864,Methane (CH4),165876.0,427.43697050176394,0,1,0,0,0,0,0,0
2024,7(a),9.9561,45.2844,Ammonia (NH3),13220.0,428.0094573536063,0,0,1,0,0,0,0,0
2023,7(a)(ii),9.9121,45.177,Ammonia (NH3),21082.0,419.3977889809527,0,0,1,0,0,0,0,0
2023,7(a),13.3361,46.0534,Ammonia (NH3),14378.0,466.38275916600566,0,0,1,0,0,0,0,0
2024,7(a),11.1764,44.9539,Ammonia (NH3),11536.0,355.6041188659677,0,0,1,0,0,0,0,0
2022,7(a),11.432194,45.728583,Ammonia (NH3),23410.0,433.8804540350825,0,0,1,0,0,0,0,0
2023,7(a),11.051,44.737,Ammonia (NH3),15923.0,336.1261331447292,0,0,1,0,0,0,0,0
2023,5(a),14.322,41.626,Chlorofluorocarbons (CFCs),3.2431,154.5071221193467,0,0,0,0,0,0,0,1
2021,7(a)(ii),8.9981,45.1747,Ammonia (NH3),13339.0,460.2036883825491,0,0,1,0,0,0,0,0
2022,7(a)(ii),9.009167,45.132778,Ammonia (NH3),19883.0,456.04014851717073,0,0,1,0,0,0,0,0
2021,5(b),14.1103,41.5136,Nitrogen oxides (NOX),132614.1,140.78649673602848,0,0,0,0,0,0,0,1
2024,6(b),13.0739,46.2325,Arsenic and compounds (as As),53.95,483.64256280003474,0,0,0,0,0,1,0,0
2022,7(a)(ii),9.7883,45.1765,Ammonia (NH3),13499.0,424.38934622761906,0,0,1,0,0,0,0,0
2022,3(e),12.8833,45.95,Arsenic and compounds (as As),21.068,451.0918687246403,0,0,0,1,0,0,0,0
2021,7(a),10.3828,45.4119,Ammonia (NH3),28580.0,425.5909066542994,0,0,1,0,0,0,0,0
2023,1(c),12.2458,45.4313,Sulphur oxides (SOX),444070.0,392.8681219243284,0,1,0,0,0,0,0,0
2021,3(c),12.7394,46.1778,Sulphur oxides (SOX),161009.0,475.75427963107893,0,0,0,1,0,0,0,0
2021,7(a),9.7061,45.1912,Ammonia (NH3),20589.0,429.20767398263763,0,0,1,0,0,0,0,0
2021,7(a),9.971667,45.023889,Ammonia (NH3),11188.0,402.3948130554078,0,0,1,0,0,0,0,0
2024,1(c),15.2808,38.2019,Carbon dioxide (CO2),427593338.0,474.81617636859517,0,1,0,0,0,0,0,0
2021,7(a),10.7114,45.2167,Ammonia (NH3),13850.0,395.5369059396822,0,0,1,0,0,0,0,0
2024,8(b),8.0236,44.6986,Hydro-fluorocarbons (HFCS),167.0,477.0019609773903,0,0,0,0,0,0,0,0
2022,7(a),7.8717,44.6757,Ammonia (NH3),12220.0,484.8166233348727,0,0,1,0,0,0,0,0
2024,1(c),15.2022,37.1291,Sulphur oxides (SOX),245100.0,579.2538732559473,0,1,0,0,0,0,0,0
2021,7(a),10.094081,45.566629,Ammonia (NH3),12730.0,450.75189153112603,0,0,1,0,0,0,0,0
2022,7(a),12.3957,43.1373,Ammonia (NH3),16300.0,137.51796750832895,0,0,1,0,0,0,0,0
2023,7(a)(ii),9.655278,45.548611,Ammonia (NH3),11042.0,465.1836993994771,0,0,1,0,0,0,0,0
2022,7(a),10.6253,44.9431,Ammonia (NH3),12900.0,370.27362716609315,0,0,1,0,0,0,0,0
2022,7(a),10.3031,44.6631,Ammonia (NH3),16237.0,354.54732732201853,0,0,1,0,0,0,0,0
2021,3(e),12.2592,45.4644,Carbon dioxide (CO2),115379000.0,396.4903506366455,0,0,0,1,0,0,0,0
2023,7(a)(i),9.880556,45.513889,Ammonia (NH3),10125.0,453.18943232523327,0,0,1,0,0,0,0,0
2021,7(a),10.2048,45.3073,Ammonia (NH3),12757.0,421.0890141770204,0,0,1,0,0,0,0,0
2021,1(c),9.4794,45.0899,Hydro-fluorocarbons (HFCS),195.2,429.82876504034436,0,1,0,0,0,0,0,0
2022,9(c),9.3333,45.5667,Sulphur hexafluoride (SF6),950.0,480.07797140875863,0,0,0,0,1,0,0,0
2024,8(b),11.201944,45.24368,Non-methane volatile organic compounds (NMVOC),207006.0,385.83280619241486,0,0,0,0,0,0,0,0
2021,7(a),10.147714,45.353517,Ammonia (NH3),20508.0,427.69145178525247,0,0,1,0,0,0,0,0
2023,7(a),10.8836,44.9178,Ammonia (NH3),30300.0,359.65515938708734,0,0,1,0,0,0,0,0
2022,4(e),9.7981,45.68,Dichloromethane (DCM),12601.42,472.48931598030384,1,0,0,0,0,0,0,0
2021,4(b),12.2333,44.4333,Sulphur oxides (SOX),859724.0,282.1861503637189,1,0,0,0,0,0,0,0
2024,1(a),9.0113,39.0971,Non-methane volatile organic compounds (NMVOC),452639.1,429.0677199992063,0,1,0,0,0,0,0,0
2023,7(a),7.4758,44.795,Ammonia (NH3),18620.0,517.738554941606,0,0,1,0,0,0,0,0
2023,7(a),9.2911,45.2658,Ammonia (NH3),12240.0,454.32445247041585,0,0,1,0,0,0,0,0
2021,5(d),12.0021,42.4525,Methane (CH4),238000.0,73.45168410482017,0,0,0,0,0,0,0,1
2022,1(c),12.236944,44.448611,Sulphur hexafluoride (SF6),50.0,283.861566092513,0,1,0,0,0,0,0,0
2024,1(c),8.9992,39.2282,Sulphur oxides (SOX),536787.0,419.1101676815729,0,1,0,0,0,0,0,0
2022,7(a),12.8869,46.0301,Ammonia (NH3),12736.0,459.9959655875469,0,0,1,0,0,0,0,0
2021,7(a),9.4614,45.2461,Ammonia (NH3),13684.0,444.87306743912654,0,0,1,0,0,0,0,0
2022,4(a),12.2363,45.4438,Benzene,1496.8,394.29587462725914,1,0,0,0,0,0,0,0
2021,7(a),10.9384,45.5306,Ammonia (NH3),53988.2,422.3554676415285,0,0,1,0,0,0,0,0
2021,5(d),8.2853,40.8156,Methane (CH4),111589.0,371.6230537273681,0,0,0,0,0,0,0,1
2022,7(a),12.8175,45.92,Ammonia (NH3),22549.0,447.43108587806955,0,0,1,0,0,0,0,0
2023,5(d),9.168889,39.420556,Methane (CH4),298000.0,393.5878025129596,0,0,0,0,0,0,0,1
2023,7(a),9.6467,45.1239,Ammonia (NH3),31574.0,425.4845983942671,0,0,1,0,0,0,0,0
2023,7(a),10.4559,45.1579,Ammonia (NH3),11930.0,397.5425475745938,0,0,1,0,0,0,0,0
2022,7(a),9.7517,45.3369,Ammonia (NH3),11849.0,441.1001232133612,0,0,1,0,0,0,0,0
2024,7(a),9.9181,45.2167,Ammonia (NH3),11260.0,422.96314899366496,0,0,1,0,0,0,0,0
2022,1(c),15.2022,37.1291,Copper and compounds (as Cu),120.5,579.2538732559473,0,1,0,0,0,0,0,0
2023,3(e),10.8997,43.7139,Sulphur oxides (SOX),185712.0,239.8251737876945,0,0,0,1,0,0,0,0
2024,7(a),15.0331,40.6108,Ammonia (NH3),17930.0,256.1135664474034,0,0,1,0,0,0,0,0
2023,1(c),8.4008,39.1962,Carbon dioxide (CO2),1239364909.5,458.5068450836283,0,1,0,0,0,0,0,0
2023,5(d),10.9386,44.3408,Methane (CH4),159007.7,299.1115060532361,0,0,0,0,0,0,0,1
2021,1(c),15.2808,38.2019,Sulphur oxides (SOX),382591.0,474.81617636859517,0,1,0,0,0,0,0,0
2023,7(a),10.6039,45.3069,Ammonia (NH3),19237.0,408.00680589698726,0,0,1,0,0,0,0,0
2021,2(f),12.2444,44.4681,Nitrogen oxides (NOX),234115.0,285.9786806487635,0,0,0,0,0,0,1,0
2021,7(a),12.364722,44.146667,Ammonia (NH3),15436.0,249.73602419494904,0,0,1,0,0,0,0,0
2021,3(e),12.4,45.783333,Nitrogen oxides (NOX),236888.0,431.5647360874732,0,0,0,1,0,0,0,0
2023,7(a),12.0192,44.165,Ammonia (NH3),21443.0,254.5164027114181,0,0,1,0,0,0,0,0
2022,9(c),11.3992,45.3093,Non-methane volatile organic compounds (NMVOC),358768.0,388.93979019538864,0,0,0,0,1,0,0,0
2022,4(a),15.1752,37.2191,Sulphur oxides (SOX),174500.0,569.10296764055,1,0,0,0,0,0,0,0
2023,7(a),10.725,45.2139,Ammonia (NH3),12710.0,394.85108476118614,0,0,1,0,0,0,0,0
2022,7(a),7.835137,44.862804,Ammonia (NH3),11057.0,500.0789327456044,0,0,1,0,0,0,0,0
2023,7(a),9.9278,45.4336,Ammonia (NH3),39840.0,443.58762798868474,0,0,1,0,0,0,0,0
2022,7(a),13.1547,46.1864,Ammonia (NH3),14980.0,479.2067240030533,0,0,1,0,0,0,0,0
2023,3(c),10.3444,45.5153,Carbon dioxide (CO2),808186000.0,437.306929605887,0,0,0,1,0,0,0,0
2021,1(c),11.1387,45.0593,Nitrogen oxides (NOX),659641.0,367.66839201636236,0,1,0,0,0,0,0,0
2022,7(a),10.147714,45.353517,Ammonia (NH3),20050.0,427.69145178525247,0,0,1,0,0,0,0,0
2022,1(c),9.6491,45.2219,Nitrogen oxides (NOX),312700.0,434.4931203224939,0,1,0,0,0,0,0,0
2024,2(a),15.034444,37.446111,Zinc and compounds (as Zn),784.4024,541.0071188998154,0,0,0,0,0,0,1,0
2024,4(e),7.7701,45.1432,Dichloromethane (DCM),3800.0,524.2692658113206,1,0,0,0,0,0,0,0
2022,7(a),10.8814,44.9161,Ammonia (NH3),19300.0,359.54403080220254,0,0,1,0,0,0,0,0
2022,5(d),11.1692,44.6864,Methane (CH4),307054.3,327.61704234977236,0,0,0,0,0,0,0,1
2023,1(c),18.0321,40.5638,Nitrogen oxides (NOX),1348411.1,486.1548254028064,0,1,0,0,0,0,0,0
2023,3(e),14.75,42.066667,Nitrogen oxides (NOX),216670.0,187.1520362527261,0,0,0,1,0,0,0,0
2024,4(a),,,Hydro-fluorocarbons (HFCS),4301.5126,,1,0,0,0,0,0,0,0
2023,7(a),10.9433,45.2161,Ammonia (NH3),35223.0,389.0756365743776,0,0,1,0,0,0,0,0
2021,4(a),12.2667,45.4594,Carbon dioxide (CO2),269839000.0,395.9064965826192,1,0,0,0,0,0,0,0
2021,7(a),7.7055,44.717694,Ammonia (NH3),17200.0,498.0765493632422,0,0,1,0,0,0,0,0
2023,7(a),7.8897,44.8978,Ammonia (NH3),28548.0,499.27418194668877,0,0,1,0,0,0,0,0
2021,1(a),15.2723,38.2027,Chlorine and inorganic compounds (as HCl),20700.0,474.37811556178303,0,1,0,0,0,0,0,0
2023,2(e),14.326944,41.030278,Nitrogen oxides (NOX),124600.0,180.7619232906541,0,0,0,0,0,0,1,0
2021,4(a),14.2772,37.0554,Carbon dioxide (CO2),202356000.0,560.2184704049324,1,0,0,0,0,0,0,0
2022,7(a),12.141361,45.173778,Ammonia (NH3),20210.0,364.8391963340695,0,0,1,0,0,0,0,0
2021,7(a),9.8208,45.4933,Ammonia (NH3),33580.0,453.43567267909197,0,0,1,0,0,0,0,0
2022,7(a)(i),13.058333,42.440833,Ammonia (NH3),14400.0,75.65507082288369,0,0,1,0,0,0,0,0
2022,6(b),13.5869,41.6994,Carbon dioxide (CO2),154382003.1,93.17920276997535,0,0,0,0,0,1,0,0
2024,6(b),13.0739,46.2325,Ammonia (NH3),168670.0,483.64256280003474,0,0,0,0,0,1,0,0
2021,7(a),11.9728,45.6225,Ammonia (NH3),12404.0,415.74081096686905,0,0,1,0,0,0,0,0
2022,4(a),15.1752,37.2191,Nitrogen oxides (NOX),151100.0,569.10296764055,1,0,0,0,0,0,0,0
2022,7(a),11.0885,44.9487,Ammonia (NH3),21679.0,357.24733520922206,0,0,1,0,0,0,0,0
2024,2(a),10.2269,45.5333,Mercury and compounds (as Hg),22.6661,442.934350852115,0,0,0,0,0,0,1,0
2023,7(a),13.6366,43.1903,Ammonia (NH3),13850.0,170.93558412114717,0,0,1,0,0,0,0,0
2023,3(c),14.0658,41.4456,Carbon monoxide (CO),727000.0,139.90801467376932,0,0,0,1,0,0,0,0
2024,4(a),,,Hydrochlorofluorocarbons (HCFCs),5277.8377,,1,0,0,0,0,0,0,0
2024,6(b),11.05,45.0667,Ammonia (NH3),25460.0,370.6401970890199,0,0,0,0,0,1,0,0
2021,2(b),9.5969,45.6425,Carbon monoxide (CO),707900.0,476.48876713324137,0,0,0,0,0,0,1,0
2022,7(a),13.6737,43.0631,Ammonia (NH3),12500.0,161.13761668232092,0,0,1,0,0,0,0,0
2024,4(e),10.0128,45.8022,Non-methane volatile organic compounds (NMVOC),179942.2,477.0774099939351,1,0,0,0,0,0,0,0
2023,1(a),8.8768,45.0997,Benzene,3355.14,459.8924322368035,0,1,0,0,0,0,0,0
2021,5(d),15.651806,41.448994,Methane (CH4),180000.0,266.86471905427936,0,0,0,0,0,0,0,1
2024,7(a),9.8353,45.4525,Methane (CH4),110660.0,448.92643101605097,0,0,1,0,0,0,0,0
2023,4(a),9.7667,45.7136,Benzene,1410.0,476.9347657260154,1,0,0,0,0,0,0,0
2023,9(c),12.0741,44.1418,Non-methane volatile organic compounds (NMVOC),124190.0,251.32012695849141,0,0,0,0,1,0,0,0
2021,1(c),13.7483,37.9691,Nitrogen oxides (NOX),396341.0,450.22665809519594,0,1,0,0,0,0,0,0
2022,7(a),8.7853,45.1753,Ammonia (NH3),19927.0,470.94572006708864,0,0,1,0,0,0,0,0
2021,7(a),7.4745,44.427,Ammonia (NH3),13519.0,494.49369759983017,0,0,1,0,0,0,0,0
2024,1(c),14.1132,41.3774,Carbon dioxide (CO2),1278417000.0,146.5044836253199,0,1,0,0,0,0,0,0
2022,7(a),10.6194,45.0653,Ammonia (NH3),13516.0,382.84532435350553,0,0,1,0,0,0,0,0
2021,1(c),7.9005,45.1854,Carbon dioxide (CO2),1059582000.0,519.876589257793,0,1,0,0,0,0,0,0
2022,3(e),8.2708,44.9044,Nitrogen oxides (NOX),128200.0,477.2936154197091,0,0,0,1,0,0,0,0
2022,4(e),7.7701,45.1432,Dichloromethane (DCM),12224.0,524.2692658113206,1,0,0,0,0,0,0,0
2024,7(a),7.3934,44.7342,Ammonia (NH3),11323.0,519.0117142803565,0,0,1,0,0,0,0,0
2022,5(d),10.8724,45.8891,Methane (CH4),324006.5,461.9336518217225,0,0,0,0,0,0,0,1
2022,7(a),9.525833,45.1869,Ammonia (NH3),20418.0,436.5906892448011,0,0,1,0,0,0,0,0
2022,3(c),8.6794,45.7794,Carbon dioxide (CO2),502374000.0,528.5578509656057,0,0,0,1,0,0,0,0
2023,7(a),10.3899,45.3379,Ammonia (NH3),13130.0,417.8721165336042,0,0,1,0,0,0,0,0
2021,1(c),11.7654,42.1231,Nitrogen oxides (NOX),156250.0,65.17174386427507,0,1,0,0,0,0,0,0
2022,7(a),12.6181,42.8308,Ammonia (NH3),10390.0,103.67211424923143,0,0,1,0,0,0,0,0
2021,7(a),9.9278,45.4336,Ammonia (NH3),35040.0,443.58762798868474,0,0,1,0,0,0,0,0
2023,7(a),11.7947,45.9997,Ammonia (NH3),28131.0,458.9991092701225,0,0,1,0,0,0,0,0
2024,2(b),11.5083,45.5194,Nitrogen oxides (NOX),131593.5,409.9050166276053,0,0,0,0,0,0,1,0
2024,6(b),13.0169,46.3939,Carbon dioxide (CO2),107120299.6,501.10795103302587,0,0,0,0,0,1,0,0
2021,7(a),10.9125,44.7194,Ammonia (NH3),17683.0,338.3779000862353,0,0,1,0,0,0,0,0
2023,2(b),10.2269,45.5333,Mercury and compounds (as Hg),17.3426,442.934350852115,0,0,0,0,0,0,1,0
2022,1(c),8.739,45.5212,Carbon dioxide (CO2),377837000.0,502.9487066098593,0,1,0,0,0,0,0,0
2024,7(a),10.6194,45.0653,Ammonia (NH3),10959.0,382.84532435350553,0,0,1,0,0,0,0,0
2023,7(a)(ii),9.5644,45.2328,Ammonia (NH3),10120.0,439.1400232655827,0,0,1,0,0,0,0,0
2024,2(e),13.0167,43.7917,Nitrogen oxides (NOX),164670.0,214.2750579431643,0,0,0,0,0,0,1,0
2022,7(a),9.6595,45.1125,Ammonia (NH3),35883.0,423.87283137486867,0,0,1,0,0,0,0,0
2021,7(a),15.0331,40.6108,Ammonia (NH3),16482.0,256.1135664474034,0,0,1,0,0,0,0,0
2022,7(a),11.7359,45.5142,Ammonia (NH3),51730.0,406.1895407298534,0,0,1,0,0,0,0,0
2023,1(c),14.1129,41.1774,Nitrogen oxides (NOX),137770.0,156.8614940772323,0,1,0,0,0,0,0,0
2023,7(a),11.7678,44.9256,Ammonia (NH3),12004.0,341.22881990238113,0,0,1,0,0,0,0,0
2022,7(a),10.4944,45.2442,Ammonia (NH3),16306.0,405.0058257875577,0,0,1,0,0,0,0,0
2023,7(a)(ii),9.338888,45.146944,Ammonia (NH3),12995.0,441.4335042980968,0,0,1,0,0,0,0,0
2023,5(b),13.7994,45.6111,Nitrogen oxides (NOX),215744.0,425.3992685321575,0,0,0,0,0,0,0,1
2022,2(b),12.6667,42.5667,Carbon dioxide (CO2),346477700.0,75.14187357873665,0,0,0,0,0,0,1,0
2023,2(e),10.3928,45.4767,Copper and compounds (as Cu),123.814,431.85393204495546,0,0,0,0,0,0,1,0
2023,7(a),10.219167,45.361667,Ammonia (NH3),11944.0,425.9964372254666,0,0,1,0,0,0,0,0
2023,3(e),11.1619,45.4211,Nitrogen oxides (NOX),300000.0,405.66099670163334,0,0,0,1,0,0,0,0
2024,7(a),9.7856,45.2793,Ammonia (NH3),12649.0,434.24587552129725,0,0,1,0,0,0,0,0
2023,7(a),11.972,45.886,Ammonia (NH3),12643.0,444.89738010761147,0,0,1,0,0,0,0,0
2024,7(a),11.0706,44.9297,Ammonia (NH3),11934.0,355.7159397819654,0,0,1,0,0,0,0,0
2024,2(b),13.0778,46.2306,Carbon dioxide (CO2),164404000.0,483.46211416770933,0,0,0,0,0,0,1,0
2022,1(c),18.0321,40.5638,Nickel and compounds (as Ni),144.8053,486.1548254028064,0,1,0,0,0,0,0,0
2024,1(c),11.4777,43.5643,Nitrogen oxides (NOX),180782.4,202.61650375491504,0,1,0,0,0,0,0,0
2024,1(a),15.1905,37.2216,Nickel and compounds (as Ni),263.8416,569.3767495576742,0,1,0,0,0,0,0,0
2021,4(b),11.5921,44.856,Nitrogen oxides (NOX),295273.0,336.40887356733657,1,0,0,0,0,0,0,0
2021,7(a),10.7386,45.0669,Ammonia (NH3),40801.0,379.31229570763725,0,0,1,0,0,0,0,0
2021,1(c),8.4008,39.1962,Carbon dioxide (CO2),1570620218.9,458.5068450836283,0,1,0,0,0,0,0,0
2023,1(c),18.0321,40.5638,Nickel and compounds (as Ni),146.1419,486.1548254028064,0,1,0,0,0,0,0,0
2022,3(c),7.5,44.2833,Nitrogen oxides (NOX),897141.0,484.2811228602819,0,0,0,1,0,0,0,0
2021,7(a),10.292355,45.344723,Ammonia (NH3),26811.0,421.7994357047309,0,0,1,0,0,0,0,0
2022,3(c),9.7186,45.0497,Carbon monoxide (CO),635543.0,415.4886311061949,0,0,0,1,0,0,0,0
2021,9(c),9.3333,45.5667,Perfluorocarbons (PFCs),6085.0,480.07797140875863,0,0,0,0,1,0,0,0
2023,4(e),9.7981,45.68,Dichloromethane (DCM),7450.13,472.48931598030384,1,0,0,0,0,0,0,0
2022,7(a),10.6521,44.8698,Ammonia (NH3),13930.0,361.9904384237353,0,0,1,0,0,0,0,0
2021,5(b),9.5078,45.5936,Carbon dioxide (CO2),223853000.0,475.3683801737427,0,0,0,0,0,0,0,1
2022,5(g),15.187222,37.173611,Mercury and compounds (as Hg),20.0,574.1768607819049,0,0,0,0,0,0,0,1
2022,3(c),,,Ammonia (NH3),48400.0,,0,0,0,1,0,0,0,0
2021,7(a),9.2911,45.2658,Ammonia (NH3),12393.0,454.32445247041585,0,0,1,0,0,0,0,0
2022,5(d),8.7483,44.7879,Methane (CH4),1596045.9,441.24059954585,0,0,0,0,0,0,0,1
2023,7(a),7.683,45.188,Ammonia (NH3),12580.0,532.6819879183805,0,0,1,0,0,0,0,0
2024,7(a),7.715556,44.391667,Ammonia (NH3),17104.0,476.3379166388307,0,0,1,0,0,0,0,0
2022,1(c),18.0321,40.5638,Cadmium and compounds (as Cd),57.4746,486.1548254028064,0,1,0,0,0,0,0,0
2023,7(a),11.0812,45.076,Ammonia (NH3),10698.0,370.8371695722947,0,0,1,0,0,0,0,0
2024,1(a),15.219444,37.135556,Benzene,2030.239,579.1857861069731,0,1,0,0,0,0,0,0
2024,7(a),10.2358,45.2931,Ammonia (NH3),18646.0,418.5897015482794,0,0,1,0,0,0,0,0
2022,1(c),7.6763,44.9925,Carbon dioxide (CO2),1137974000.0,518.9089994637612,0,1,0,0,0,0,0,0
2024,1(a),17.193,40.4892,Carbon dioxide (CO2),956297450.0,423.1599159692294,0,1,0,0,0,0,0,0
2023,6(b),13.0739,46.2325,Nitrogen oxides (NOX),415290.0,483.64256280003474,0,0,0,0,0,1,0,0
2021,7(a),11.051,44.737,Ammonia (NH3),22761.0,336.1261331447292,0,0,1,0,0,0,0,0
2021,5(d),11.039435,43.66516,Methane (CH4),137630.0,229.20603895439308,0,0,0,0,0,0,0,1
2021,7(a),10.9433,45.2161,Ammonia (NH3),35077.2,389.0756365743776,0,0,1,0,0,0,0,0
2021,7(a),11.7852,45.1545,Ammonia (NH3),12590.0,366.0859325677968,0,0,1,0,0,0,0,0
2022,7(a),10.9861,45.0939,Ammonia (NH3),28834.0,375.1439921961907,0,0,1,0,0,0,0,0
2022,7(a),10.6125,45.2039,Ammonia (NH3),36995.0,397.19130743601784,0,0,1,0,0,0,0,0
2021,9(c),11.526935,45.742362,Non-methane volatile organic compounds (NMVOC),814039.0,433.9563665048798,0,0,0,0,1,0,0,0
2021,2(e),8.7622,45.2842,Zinc and compounds (as Zn),764.4067,481.3472687010468,0,0,0,0,0,0,1,0
2023,7(a),9.8696,44.8672,Ammonia (NH3),16102.0,392.01223811349166,0,0,1,0,0,0,0,0
2023,5(b),14.3883,40.9667,Nitrogen oxides (NOX),259496.6,188.96086567559271,0,0,0,0,0,0,0,1
2023,7(a),12.1628,45.0089,Ammonia (NH3),13233.0,346.4296882449504,0,0,1,0,0,0,0,0
2022,7(a),10.6125,45.2039,Methane (CH4),123215.0,397.19130743601784,0,0,1,0,0,0,0,0
2023,7(a),8.0536,44.7963,Ammonia (NH3),18901.0,482.11985765221243,0,0,1,0,0,0,0,0
2024,7(a),10.43,45.1734,Ammonia (NH3),18527.0,399.96731707655846,0,0,1,0,0,0,0,0
2023,7(a),13.8921,42.6847,Ammonia (NH3),14210.0,144.00268511610722,0,0,1,0,0,0,0,0
2021,4(e),8.158594,45.403728,Dichloromethane (DCM),9390.0,522.6542291057688,1,0,0,0,0,0,0,0
2023,3(c),12.487222,42.539722,Nitrogen oxides (NOX),154820.0,70.82652735983251,0,0,0,1,0,0,0,0
2024,7(a),9.7533,45.1444,Ammonia (NH3),24340.0,422.8304259479364,0,0,1,0,0,0,0,0
2022,1(c),7.4847,44.5942,Carbon dioxide (CO2),200333000.0,504.15092337240816,0,1,0,0,0,0,0,0
2021,7(a)(ii),12.2078,43.1447,Ammonia (NH3),10600.0,140.10337968917906,0,0,1,0,0,0,0,0
2022,3(c),10.0333,45.7167,Ammonia (NH3),14434.0,467.82069491437875,0,0,0,1,0,0,0,0
2023,7(a),10.9764,43.4923,Ammonia (NH3),13263.0,216.01990371796236,0,0,1,0,0,0,0,0
2024,7(a),9.5862,45.4042,Ammonia (NH3),31540.0,454.2390005457822,0,0,1,0,0,0,0,0
2024,6(b),8.7167,45.2333,Non-methane volatile organic compounds (NMVOC),135300.0,479.3398056935004,0,0,0,0,0,1,0,0
2022,7(a),16.0768,40.9085,Methane (CH4),265499.0,318.38896765571116,0,0,1,0,0,0,0,0
2021,3(c),12.7167,42.0001,Carbon dioxide (CO2),655379000.0,21.188596822069414,0,0,0,1,0,0,0,0
2023,1(a),15.2723,38.2027,Non-methane volatile organic compounds (NMVOC),272900.0,474.37811556178303,0,1,0,0,0,0,0,0
2023,1(c),15.6048,38.274,Methane (CH4),237329.0,482.34767180911035,0,1,0,0,0,0,0,0
2022,7(a),10.3899,45.3379,Ammonia (NH3),45425.0,417.8721165336042,0,0,1,0,0,0,0,0
2024,7(a),12.141361,45.173778,Ammonia (NH3),22580.4,364.8391963340695,0,0,1,0,0,0,0,0
2023,7(a)(i),10.5186,45.25,Ammonia (NH3),11368.0,404.82404934707466,0,0,1,0,0,0,0,0
2022,7(a),9.8372,45.3428,Ammonia (NH3),38267.0,438.26482164012333,0,0,1,0,0,0,0,0
2022,7(a),7.649722,44.736111,Ammonia (NH3),42610.0,502.82500096117974,0,0,1,0,0,0,0,0
2021,1(c),8.4308,44.2766,Carbon dioxide (CO2),633240700.0,422.5973244927098,0,1,0,0,0,0,0,0
2021,7(a),9.7789,45.2344,Ammonia (NH3),18388.0,430.2535810993312,0,0,1,0,0,0,0,0
2022,1(c),17.2152,40.5108,Chromium and compounds (as Cr),667.374,423.94185302872364,0,1,0,0,0,0,0,0
2022,3(c),,,Nitrogen oxides (NOX),418500.0,,0,0,0,1,0,0,0,0
2024,2(e),9.8061,45.1922,Carbon monoxide (CO),782490.0,425.14004008084015,0,0,0,0,0,0,1,0
2023,4(a),,,Perfluorocarbons (PFCs),26100.0,,1,0,0,0,0,0,0,0
2021,7(a),9.8353,45.2461,Ammonia (NH3),14350.0,429.07789885821626,0,0,1,0,0,0,0,0
2022,7(a),12.1582,43.9644,Ammonia (NH3),13790.0,230.88634819748268,0,0,1,0,0,0,0,0
2022,1(c),13.2897,45.8169,Nitrogen oxides (NOX),632590.0,439.84416071720636,0,1,0,0,0,0,0,0
2022,7(a)(ii),10.3695,45.4663,Ammonia (NH3),12660.0,431.53413259815386,0,0,1,0,0,0,0,0
2024,7(a),13.3268,46.0815,Ammonia (NH3),14936.0,469.366932158377,0,0,1,0,0,0,0,0
2022,3(e),8.3269,44.3328,Nitrogen oxides (NOX),128274.2,432.96114215749304,0,0,0,1,0,0,0,0
2023,7(a),10.1006,45.4172,Ammonia (NH3),18121.0,435.6713593413412,0,0,1,0,0,0,0,0
2023,7(a),12.128867,44.190475,Ammonia (NH3),16294.0,256.1242817971926,0,0,1,0,0,0,0,0
2021,7(a),12.049167,44.788333,Ammonia (NH3),13520.0,322.88677316385844,0,0,1,0,0,0,0,0
2022,7(a),13.9045,42.5908,Ammonia (NH3),10800.0,138.87243955684986,0,0,1,0,0,0,0,0
2022,1(c),12.2458,45.4313,Mercury and compounds (as Hg),17.263,392.8681219243284,0,1,0,0,0,0,0,0
2022,7(a),9.9824,45.3821,Nitrous oxide (N2O),27189.0,436.5200865583169,0,0,1,0,0,0,0,0
2023,7(a),9.1164,45.1906,Ammonia (NH3),27550.0,455.82521836494766,0,0,1,0,0,0,0,0
2023,2(b),11.0,45.4333,Copper and compounds (as Cu),103.0,410.5887775813313,0,0,0,0,0,0,1,0
2023,7(a),12.1595,44.9857,Ammonia (NH3),31418.0,343.8791914246525,0,0,1,0,0,0,0,0
2022,3(c),11.8367,43.6581,Carbon dioxide (CO2),397954000.0,202.46809270796382,0,0,0,1,0,0,0,0
2021,2(b),9.9469,45.1494,Carbon dioxide (CO2),437890000.0,415.3672054730542,0,0,0,0,0,0,1,0
2022,2(b),11.95,45.3833,Sulphur oxides (SOX),195990.5,389.5005263497925,0,0,0,0,0,0,1,0
2024,7(a),7.5422,44.8428,Ammonia (NH3),11500.0,516.7639695797164,0,0,1,0,0,0,0,0
2024,7(a),10.019167,45.261667,Methane (CH4),170150.0,423.3950397088629,0,0,1,0,0,0,0,0
2022,3(e),14.75,42.066667,Carbon dioxide (CO2),100095000.0,187.1520362527261,0,0,0,1,0,0,0,0
2021,1(c),7.9005,45.1854,Cadmium and compounds (as Cd),56.461,519.876589257793,0,1,0,0,0,0,0,0
2022,9(c),11.526935,45.742362,Non-methane volatile organic compounds (NMVOC),1070500.0,433.9563665048798,0,0,0,0,1,0,0,0
2022,7(a)(ii),9.6033,45.1792,Ammonia (NH3),28761.0,432.48917640556687,0,0,1,0,0,0,0,0
2024,9(c),15.064444,37.437222,Hydro-fluorocarbons (HFCS),251.0,542.9506296951986,0,0,0,0,1,0,0,0
2021,1(c),15.9735,38.4408,Carbon dioxide (CO2),951542000.0,485.15807676212285,0,1,0,0,0,0,0,0
2021,4(e),9.0397,45.6164,Non-methane volatile organic compounds (NMVOC),243970.0,497.46179291525067,1,0,0,0,0,0,0,0
2023,3(c),8.6794,45.7794,Ammonia (NH3),16660.0,528.5578509656057,0,0,0,1,0,0,0,0
2024,3(e),11.240556,45.058889,Nitrogen oxides (NOX),165046.0,365.26263593197933,0,0,0,1,0,0,0,0
2021,7(a),9.8696,44.8672,Ammonia (NH3),16437.0,392.01223811349166,0,0,1,0,0,0,0,0
2023,1(a),8.7858,45.4372,Benzene,3467.8374,493.3600021474541,0,1,0,0,0,0,0,0
2022,1(c),15.4237,41.6578,Nitrogen oxides (NOX),149234.8,244.23944851357126,0,1,0,0,0,0,0,0
2024,4(e),7.7701,45.1432,Non-methane volatile organic compounds (NMVOC),125900.0,524.2692658113206,1,0,0,0,0,0,0,0
2022,7(a)(ii),7.5939,44.4889,Ammonia (NH3),10917.0,490.39252268296667,0,0,1,0,0,0,0,0
2022,7(a),10.4619,45.0448,Ammonia (NH3),11500.0,385.98953349147246,0,0,1,0,0,0,0,0
2023,5(b),10.9439,44.6714,Carbon dioxide (CO2),221172830.4,332.4959009741118,0,0,0,0,0,0,0,1
2024,3(e),,,Nitrogen oxides (NOX),100100.0,,0,0,0,1,0,0,0,0
2023,7(a),10.7114,45.2167,Ammonia (NH3),10676.0,395.5369059396822,0,0,1,0,0,0,0,0
2024,1(b),10.55925,42.93918,Methane (CH4),1057209.0,196.37027257949995,0,1,0,0,0,0,0,0
2024,4(e),8.158594,45.403728,Dichloromethane (DCM),9057.0,522.6542291057688,1,0,0,0,0,0,0,0
2022,7(a),10.1097,45.3486,Ammonia (NH3),25040.0,428.5656253812077,0,0,1,0,0,0,0,0
2023,5(b),12.0883,44.2331,Carbon dioxide (CO2),148614000.0,261.22852833788755,0,0,0,0,0,0,0,1
2023,7(a),9.9692,45.3808,Ammonia (NH3),12490.0,436.8857967971654,0,0,1,0,0,0,0,0
2021,7(a),10.3986,45.36,Ammonia (NH3),18937.0,419.82474108545364,0,0,1,0,0,0,0,0
2023,1(c),9.9761,45.2864,Methane (CH4),198352.0,427.43697050176394,0,1,0,0,0,0,0,0
2023,3(c),9.7186,45.0497,Ammonia (NH3),20625.0,415.4886311061949,0,0,0,1,0,0,0,0
2022,7(a),10.7039,45.1147,Ammonia (NH3),20048.0,385.26617799205485,0,0,1,0,0,0,0,0
2022,3(e),10.0725,44.8642,Arsenic and compounds (as As),45.7,383.10561906268515,0,0,0,1,0,0,0,0
2022,1(c),12.2458,45.4313,Nitrous oxide (N2O),43234.0,392.8681219243284,0,1,0,0,0,0,0,0
2024,7(a),9.7744,45.5614,Ammonia (NH3),13702.0,461.80887571490143,0,0,1,0,0,0,0,0
2022,1(c),11.7586,42.1275,Nitrous oxide (N2O),25608.6,65.87472663400173,0,1,0,0,0,0,0,0
2024,3(e),13.6954,42.5921,Nitrogen oxides (NOX),117809.0,124.95691064289989,0,0,0,1,0,0,0,0
2021,7(a),11.1081,45.1161,Ammonia (NH3),27331.0,374.4165444606965,0,0,1,0,0,0,0,0
2022,7(a),10.8383,45.0036,Ammonia (NH3),17065.0,369.8370761079601,0,0,1,0,0,0,0,0
2022,3(e),9.093056,45.429722,Sulphur oxides (SOX),150510.0,478.16514829891844,0,0,0,1,0,0,0,0
2021,7(a),12.121994,45.666217,Ammonia (NH3),14146.0,419.5494001415701,0,0,1,0,0,0,0,0
2021,7(a),9.7744,45.5614,Ammonia (NH3),11706.0,461.80887571490143,0,0,1,0,0,0,0,0
2024,9(c),13.4258,41.9964,Perfluorocarbons (PFCs),3065.0,77.56184590909317,0,0,0,0,1,0,0,0
2024,1(c),15.2022,37.1291,Nitrous oxide (N2O),13200.0,579.2538732559473,0,1,0,0,0,0,0,0
2023,7(a),9.7517,45.3369,Ammonia (NH3),15499.0,441.1001232133612,0,0,1,0,0,0,0,0
2024,1(a),15.1825,37.1791,Benzene,1754.019,573.451982183205,0,1,0,0,0,0,0,0
2024,4(e),9.294444,45.486111,Non-methane volatile organic compounds (NMVOC),139953.0,474.27880555018885,1,0,0,0,0,0,0,0
2023,5(b),9.3583,45.8378,Carbon dioxide (CO2),137712688.0,504.6090359802653,0,0,0,0,0,0,0,1
2022,7(a),10.3828,45.4119,Ammonia (NH3),13137.0,425.5909066542994,0,0,1,0,0,0,0,0
2023,1(c),11.2511,45.0297,Carbon dioxide (CO2),546274500.0,361.9154505330853,0,1,0,0,0,0,0,0
2023,7(a),10.5604,45.2548,Ammonia (NH3),29253.0,404.00208817022326,0,0,1,0,0,0,0,0
2022,1(c),11.7654,42.1231,Nitrogen oxides (NOX),167060.0,65.17174386427507,0,1,0,0,0,0,0,0
2022,1(c),8.9733,45.0286,Nitrous oxide (N2O),16907.5,448.95765443327025,0,1,0,0,0,0,0,0
2024,7(a),9.9612,45.3253,Ammonia (NH3),15350.0,431.7821411707818,0,0,1,0,0,0,0,0
2022,7(a),10.885,44.5614,Ammonia (NH3),36931.0,323.14673751838654,0,0,1,0,0,0,0,0
2023,7(a),10.4817,45.3719,Ammonia (NH3),27841.0,418.3964555799259,0,0,1,0,0,0,0,0
2023,7(a),9.7533,45.1444,Ammonia (NH3),33430.0,422.8304259479364,0,0,1,0,0,0,0,0
2024,5(c),10.905,44.8464,Methane (CH4),131200.0,351.6598423326714,0,0,0,0,0,0,0,1
2023,7(a),9.2515,45.3095,Ammonia (NH3),17788.0,460.0781479911421,0,0,1,0,0,0,0,0
2023,7(a)(ii),9.4333,45.2833,Ammonia (NH3),15590.0,449.5288916589117,0,0,1,0,0,0,0,0
2023,7(a),11.8774,45.0163,Ammonia (NH3),32634.0,349.78846933998545,0,0,1,0,0,0,0,0
2021,3(c),9.4667,45.6847,Carbon dioxide (CO2),790120000.0,485.68689503915584,0,0,0,1,0,0,0,0
2023,1(c),17.0326,39.1022,Carbon dioxide (CO2),486892000.0,493.91500700012966,0,1,0,0,0,0,0,0
2021,3(c),16.4489,38.9141,Carbon dioxide (CO2),147070300.0,471.52423078778224,0,0,0,1,0,0,0,0
2023,7(a),10.3244,45.215,Ammonia (NH3),11423.0,407.7286776374627,0,0,1,0,0,0,0,0
2023,6(b),11.05,45.0667,Ammonia (NH3),28520.0,370.6401970890199,0,0,0,0,0,1,0,0
2023,3(a),15.8972,40.3136,Nitrous oxide (N2O),11800.0,335.23428566249964,0,0,0,1,0,0,0,0
2023,1(c),12.2458,45.4313,Zinc and compounds (as Zn),992.3637,392.8681219243284,0,1,0,0,0,0,0,0
2021,5(b),13.8971,41.4375,Carbon dioxide (CO2),409267440.0,127.32699413298349,0,0,0,0,0,0,0,1
2024,7(a),12.614639,45.658361,Ammonia (NH3),10915.0,417.7070580616357,0,0,1,0,0,0,0,0
2022,1(c),14.9543,38.474,Nitrogen oxides (NOX),176685.0,434.63889175383196,0,1,0,0,0,0,0,0
2022,8(b),11.1549,45.1746,Hydro-fluorocarbons (HFCS),221.8,379.52167653307635,0,0,0,0,0,0,0,0
2024,7(a),11.1982,44.83,Ammonia (NH3),10055.0,341.97559063328293,0,0,1,0,0,0,0,0
2021,7(a),7.6492,44.4492,Ammonia (NH3),18224.0,484.28310295149066,0,0,1,0,0,0,0,0
2024,8(b),,,Carbon dioxide (CO2),202856000.0,,0,0,0,0,0,0,0,0
2024,3(c),8.6794,45.7794,Carbon dioxide (CO2),495332000.0,528.5578509656057,0,0,0,1,0,0,0,0
2022,3(c),9.7192,40.5425,Carbon dioxide (CO2),145467000.0,277.1588315763164,0,0,0,1,0,0,0,0
2021,7(a),9.4147,45.1303,Ammonia (NH3),24380.0,436.43837193430693,0,0,1,0,0,0,0,0
2022,2(b),12.6667,42.5667,Chromium and compounds (as Cr),208.0,75.14187357873665,0,0,0,0,0,0,1,0
2024,7(a),7.583889,44.564444,Ammonia (NH3),11075.0,495.81162041109815,0,0,1,0,0,0,0,0
2024,9(c),14.3427,41.0396,Non-methane volatile organic compounds (NMVOC),138140.0,181.31077164231885,0,0,0,0,1,0,0,0
2022,4(a),12.2363,45.4438,Nitrogen oxides (NOX),160460.0,394.29587462725914,1,0,0,0,0,0,0,0
2024,9(c),13.4258,41.9964,Hydro-fluorocarbons (HFCS),136.3,77.56184590909317,0,0,0,0,1,0,0,0
2022,7(a),12.0903,44.1594,Ammonia (NH3),29424.0,253.08325699390863,0,0,1,0,0,0,0,0
2022,7(a),10.8453,44.9406,Ammonia (NH3),13864.0,363.1338025798689,0,0,1,0,0,0,0,0
2021,7(a),7.6667,44.7775,Ammonia (NH3),27500.0,504.5521364688613,0,0,1,0,0,0,0,0
2021,7(a),7.7338,45.2724,Ammonia (NH3),10350.0,536.0274493436497,0,0,1,0,0,0,0,0
2021,3(c),9.7186,45.0497,Carbon dioxide (CO2),405887000.0,415.4886311061949,0,0,0,1,0,0,0,0
2024,1(c),14.7,42.0167,Methane (CH4),490639.0,182.64180132580148,0,1,0,0,0,0,0,0
2023,7(a),10.0399,45.3625,Ammonia (NH3),11239.0,432.47342197714244,0,0,1,0,0,0,0,0
2021,8(b),11.3028,45.0292,Carbon dioxide (CO2),176968000.0,360.72672194530134,0,0,0,0,0,0,0,0
2021,7(a),7.5761,44.6911,Ammonia (NH3),19649.0,504.505038952982,0,0,1,0,0,0,0,0
2024,7(a),10.8428,45.5395,Ammonia (NH3),16840.0,425.63047931802157,0,0,1,0,0,0,0,0
2024,1(c),7.6105,45.103,Nitrous oxide (N2O),11500.0,530.7746030181577,0,1,0,0,0,0,0,0
2023,7(a),10.8806,44.5664,Ammonia (NH3),13403.0,323.79704089538416,0,0,1,0,0,0,0,0
2022,2(d),10.1126,45.516,Benzene,2451.18,445.0650349334965,0,0,0,0,0,0,1,0
2021,6(b),12.0331,46.0708,Di-(2-ethyl hexyl) phthalate (DEHP),38.1,464.9378360835196,0,0,0,0,0,1,0,0
2022,2(e),8.4079,39.2091,Nitrogen oxides (NOX),110653.2,457.08909962129064,0,0,0,0,0,0,1,0
2024,2(b),12.6667,42.5667,PCDD + PCDF (dioxins + furans) (as Teq),0.000198,75.14187357873665,0,0,0,0,0,0,1,0
2021,,10.3482,45.3605,Ammonia (NH3),32822.0,421.5207407654931,0,0,0,0,0,0,0,0
2023,7(a)(i),9.8583,45.5634,Ammonia (NH3),10995.0,458.8549571323348,0,0,1,0,0,0,0,0
2021,2(b),10.459167,45.4625,Carbon dioxide (CO2),101890000.0,428.34294478117357,0,0,0,0,0,0,1,0
2023,7(a),9.9824,45.3821,Ammonia (NH3),22421.0,436.5200865583169,0,0,1,0,0,0,0,0
2022,7(a),10.4882,45.3531,Ammonia (NH3),18566.0,416.27701212763094,0,0,1,0,0,0,0,0
2024,3(e),14.7333,42.0667,Nitrogen oxides (NOX),442750.0,185.7787565112474,0,0,0,1,0,0,0,0
2024,7(a),9.8861,44.8783,Ammonia (NH3),14777.0,392.32209579313763,0,0,1,0,0,0,0,0
2023,1(a),9.0113,39.0971,Nickel and compounds (as Ni),233.2662,429.0677199992063,0,1,0,0,0,0,0,0
2024,7(a),11.579889,45.284389,Ammonia (NH3),10762.0,383.1834384621716,0,0,1,0,0,0,0,0
2021,1(a),8.8768,45.0997,Nitrogen oxides (NOX),1831200.0,459.8924322368035,0,1,0,0,0,0,0,0
2022,5(b),11.4311,44.5239,Carbon dioxide (CO2),196809200.0,303.9624931186366,0,0,0,0,0,0,0,1
2023,1(c),8.1927,45.2377,Carbon monoxide (CO),520230.0,507.5180888612842,0,1,0,0,0,0,0,0
2021,7(a),11.0739,44.599,Ammonia (NH3),22864.0,321.1634400111711,0,0,1,0,0,0,0,0
2024,4(c),12.238056,44.445833,Nitrous oxide (N2O),56850.0,283.54688050614993,1,0,0,0,0,0,0,0
2022,6(b),8.7167,45.2333,Non-methane volatile organic compounds (NMVOC),125200.0,479.3398056935004,0,0,0,0,0,1,0,0
2023,3(c),9.6261,45.7886,Carbon dioxide (CO2),231572000.0,489.48589579402653,0,0,0,1,0,0,0,0
2022,3(e),7.5908,44.3867,Carbon dioxide (CO2),108998000.0,484.3039076585716,0,0,0,1,0,0,0,0
2021,1(a),15.1905,37.2216,Chromium and compounds (as Cr),100.5897,569.3767495576742,0,1,0,0,0,0,0,0
2023,7(a),10.4619,45.0448,Ammonia (NH3),11500.0,385.98953349147246,0,0,1,0,0,0,0,0
2024,3(c),12.7394,46.1778,Carbon dioxide (CO2),363733282.7,475.75427963107893,0,0,0,1,0,0,0,0
2022,3(c),9.7186,45.0497,Nitrogen oxides (NOX),562546.0,415.4886311061949,0,0,0,1,0,0,0,0
2024,5(a),9.342778,45.513056,Hydro-fluorocarbons (HFCS),1040.0,474.6832325961527,0,0,0,0,0,0,0,1
2021,1(c),9.8308,44.0738,Methane (CH4),1248000.0,324.4389984142978,0,1,0,0,0,0,0,0
2024,1(c),11.2511,45.0297,Nitrogen oxides (NOX),159947.0,361.9154505330853,0,1,0,0,0,0,0,0
2024,2(e),10.3375,45.6972,Nitrogen oxides (NOX),225613.0,456.0620290721447,0,0,0,0,0,0,1,0
2022,2(f),13.2878,45.9823,Nitrogen oxides (NOX),176685.0,458.01663737333547,0,0,0,0,0,0,1,0
2023,1(c),9.2828,45.4172,Carbon dioxide (CO2),118706000.0,468.4601167335642,0,1,0,0,0,0,0,0
2021,7(a),12.7467,46.0939,Ammonia (NH3),24300.0,466.45820250475316,0,0,1,0,0,0,0,0
2021,7(a),12.2214,43.2443,Ammonia (NH3),19680.0,150.8578317039756,0,0,1,0,0,0,0,0
2023,1(c),15.2022,37.1291,Copper and compounds (as Cu),114.7,579.2538732559473,0,1,0,0,0,0,0,0
2024,2(b),10.3894,45.6392,Mercury and compounds (as Hg),30.924,448.5499430851952,0,0,0,0,0,0,1,0
2023,7(a),9.881667,45.535833,Ammonia (NH3),12390.0,455.2931065018369,0,0,1,0,0,0,0,0
2024,7(a),11.8605,44.6645,Ammonia (NH3),15606.0,311.36811929508775,0,0,1,0,0,0,0,0
2021,7(a),9.9094,45.4039,Ammonia (NH3),17640.0,441.38748437807544,0,0,1,0,0,0,0,0
2022,7(a),12.3228,45.9511,Ammonia (NH3),18535.0,450.36472544874243,0,0,1,0,0,0,0,0
2023,4(b),12.2333,44.4333,Nitrogen oxides (NOX),725171.7,282.1861503637189,1,0,0,0,0,0,0,0
2021,9(c),8.9251,45.7948,Non-methane volatile organic compounds (NMVOC),108999.0,518.8205845582373,0,0,0,0,1,0,0,0
2022,7(a),10.8214,45.2358,Ammonia (NH3),25262.0,394.39160150447384,0,0,1,0,0,0,0,0
2022,1(c),13.7483,37.9691,Nitrogen oxides (NOX),433961.0,450.22665809519594,0,1,0,0,0,0,0,0
2023,7(a),10.7788,45.0106,Ammonia (NH3),10208.0,372.3197120768705,0,0,1,0,0,0,0,0
2024,3(c),12.7394,46.1778,Nitrogen oxides (NOX),540640.0,475.75427963107893,0,0,0,1,0,0,0,0
2024,7(a),9.9859,45.4303,Ammonia (NH3),20020.0,441.10970206560324,0,0,1,0,0,0,0,0
2024,7(a),10.0506,45.0964,Ammonia (NH3),21360.0,406.17945503669534,0,0,1,0,0,0,0,0
2021,5(d),12.2633,43.4028,Methane (CH4),1069070.0,167.87802139193857,0,0,0,0,0,0,0,1
2023,1(a),17.193,40.4892,Non-methane volatile organic compounds (NMVOC),364950.0,423.1599159692294,0,1,0,0,0,0,0,0
2021,5(d),7.7302,45.4185,Methane (CH4),177996.0,547.3695713291485,0,0,0,0,0,0,0,1
2023,7(a),9.3649,45.2269,Ammonia (NH3),29917.0,447.4451209556297,0,0,1,0,0,0,0,0
2023,9(c),13.6786,43.2933,Non-methane volatile organic compounds (NMVOC),114575.9,182.39582302782517,0,0,0,0,1,0,0,0
2024,7(a),13.3339,45.8806,Ammonia (NH3),15000.0,447.3658704005546,0,0,1,0,0,0,0,0
2022,5(b),9.7325,45.0585,Carbon dioxide (CO2),103008000.0,415.70192378791603,0,0,0,0,0,0,0,1
2021,7(a),9.818333,45.382778,Methane (CH4),107398.0,442.8499407258963,0,0,1,0,0,0,0,0
2023,4(a),,,Hydro-fluorocarbons (HFCS),3995.4626,,1,0,0,0,0,0,0,0
2022,7(a),11.9262,44.7146,Ammonia (NH3),12116.0,316.04109362281775,0,0,1,0,0,0,0,0
2024,1(c),15.0005,41.9372,Carbon dioxide (CO2),407687737.5,207.21151513826103,0,1,0,0,0,0,0,0
2022,7(a),12.832944,46.001725,Ammonia (NH3),14413.0,456.5739084851514,0,0,1,0,0,0,0,0
2024,1(c),13.2464,45.9278,Nitrogen oxides (NOX),153925.0,451.56731242237703,0,1,0,0,0,0,0,0
2021,7(a),7.6736,44.5919,Ammonia (NH3),13154.0,491.78221684244124,0,0,1,0,0,0,0,0
2024,7(a),9.9702,45.4521,Ammonia (NH3),20030.0,443.8249444507975,0,0,1,0,0,0,0,0
2024,3(c),13.0042,41.7367,Carbon monoxide (CO),609987.7,45.95489691933602,0,0,0,1,0,0,0,0
2022,7(a),12.795556,41.534167,Ammonia (NH3),19551.7,47.92375471726873,0,0,1,0,0,0,0,0
2023,7(a)(ii),9.9655,45.3508,Ammonia (NH3),10392.0,434.0998810835424,0,0,1,0,0,0,0,0
2021,1(c),16.2508,39.5906,Methane (CH4),283193.0,407.5226526375484,0,1,0,0,0,0,0,0
2024,7(a),9.3197,45.3129,Ammonia (NH3),13048.0,457.29560943944966,0,0,1,0,0,0,0,0
2023,4(e),11.9231,45.4111,Non-methane volatile organic compounds (NMVOC),141577.0,392.81888747337086,1,0,0,0,0,0,0,0
2024,5(b),11.4311,44.5239,Carbon dioxide (CO2),212494226.0,303.9624931186366,0,0,0,0,0,0,0,1
2022,2(b),13.2534,46.0067,Nitrogen oxides (NOX),394958.0,460.33206608834774,0,0,0,0,0,0,1,0
2024,7(a),9.4644,45.0793,Ammonia (NH3),34434.0,429.55709820131216,0,0,1,0,0,0,0,0
2021,9(c),10.7594,44.9961,Non-methane volatile organic compounds (NMVOC),203049.0,371.41796783549,0,0,0,0,1,0,0,0
2022,7(a),10.8261,44.9379,Ammonia (NH3),12420.0,363.4278836272409,0,0,1,0,0,0,0,0
2021,7(a),12.380556,44.085278,Ammonia (NH3),14319.0,242.8632230917925,0,0,1,0,0,0,0,0
2023,4(e),9.3585,45.5945,Non-methane volatile organic compounds (NMVOC),541749.0,481.61083842064687,1,0,0,0,0,0,0,0
2021,3(c),13.0042,41.7367,Carbon dioxide (CO2),327198000.0,45.95489691933602,0,0,0,1,0,0,0,0
2021,1(a),8.8768,45.0997,Nickel and compounds (as Ni),55.07,459.8924322368035,0,1,0,0,0,0,0,0
2022,5(a),11.2397,45.2278,Chlorofluorocarbons (CFCs),8.83,383.32298534907477,0,0,0,0,0,0,0,1
2023,2(b),13.2306,45.7883,Zinc and compounds (as Zn),427.24,436.03565456126165,0,0,0,0,0,0,1,0
2021,1(c),12.2458,45.4313,Nickel and compounds (as Ni),73.0,392.8681219243284,0,1,0,0,0,0,0,0
2023,1(c),15.1825,37.1791,Nitrous oxide (N2O),24859.0,573.451982183205,0,1,0,0,0,0,0,0
2021,3(e),15.938142,41.6503009,Sulphur oxides (SOX),188927.0,286.75917685947906,0,0,0,1,0,0,0,0
2021,3(c),15.180555,37.194444,Ammonia (NH3),14128.0,571.8128643506107,0,0,0,1,0,0,0,0
2024,7(a),10.3899,45.3379,Ammonia (NH3),14190.0,417.8721165336042,0,0,1,0,0,0,0,0
2022,1(a),17.193,40.4892,Carbon dioxide (CO2),982942460.0,423.1599159692294,0,1,0,0,0,0,0,0
2022,4(e),10.0128,45.8022,Dichloromethane (DCM),57434.5,477.0774099939351,1,0,0,0,0,0,0,0
2024,4(b),12.25,44.45,Nitrogen oxides (NOX),808000.0,283.93915705228454,1,0,0,0,0,0,0,0
2022,2(f),8.7647,44.7764,Nitrogen oxides (NOX),112150.0,439.4212293439145,0,0,0,0,0,0,1,0
2022,3(c),10.0333,45.7167,Carbon dioxide (CO2),240347000.0,467.82069491437875,0,0,0,1,0,0,0,0
2021,7(a)(ii),9.9788,45.3686,Ammonia (NH3),14380.0,435.3357886362723,0,0,1,0,0,0,0,0
2022,1(c),16.6566,38.875,Nitrogen oxides (NOX),512200.0,487.2165784775803,0,1,0,0,0,0,0,0
2023,1(c),17.0326,39.1022,Nitrogen oxides (NOX),133600.0,493.91500700012966,0,1,0,0,0,0,0,0
2022,7(a)(ii),9.859722,45.1375,Ammonia (NH3),11256.0,417.7570633172143,0,0,1,0,0,0,0,0
2023,5(b),9.0725,45.7733,Carbon dioxide (CO2),107999880.0,510.4123845793232,0,0,0,0,0,0,0,1
2023,7(a),7.6597,44.4478,Ammonia (NH3),13035.0,483.5057296740481,0,0,1,0,0,0,0,0
2024,7(a),10.7517,45.2928,Ammonia (NH3),18690.0,402.25466670961305,0,0,1,0,0,0,0,0
2021,7(a),10.4043,44.9224,Ammonia (NH3),18365.0,375.85751841911633,0,0,1,0,0,0,0,0
2022,2(b),10.3894,45.6392,Zinc and compounds (as Zn),1571.322,448.5499430851952,0,0,0,0,0,0,1,0
2023,9(c),12.8336,43.8881,Non-methane volatile organic compounds (NMVOC),439581.0,222.45708121005148,0,0,0,0,1,0,0,0
2023,7(a),7.763055,44.697222,Ammonia (NH3),11200.0,493.07946585751637,0,0,1,0,0,0,0,0
2023,7(a),11.0651,45.3634,Ammonia (NH3),14191.0,401.65347833902695,0,0,1,0,0,0,0,0
2021,7(a),9.9425,45.3786,Ammonia (NH3),16148.0,437.674495471502,0,0,1,0,0,0,0,0
2023,1(c),10.8354,45.149,Nitrogen oxides (NOX),580516.0,384.9776214382663,0,1,0,0,0,0,0,0
2023,1(a),9.0113,39.0971,Chromium and compounds (as Cr),115.8205,429.0677199992063,0,1,0,0,0,0,0,0
2023,4(b),11.5921,44.856,Nitrogen oxides (NOX),218270.0,336.40887356733657,1,0,0,0,0,0,0,0
2021,6(b),13.5869,41.6994,Carbon dioxide (CO2),169184380.0,93.17920276997535,0,0,0,0,0,1,0,0
2023,4(a),,,Hydrochlorofluorocarbons (HCFCs),7368.2672,,1,0,0,0,0,0,0,0
2021,7(a),10.3876,45.3669,Ammonia (NH3),13181.0,420.8790923921718,0,0,1,0,0,0,0,0
2022,2(e),13.0167,43.7917,Nitrogen oxides (NOX),186697.0,214.2750579431643,0,0,0,0,0,0,1,0
2021,5(a),7.5856,45.0381,Zinc and compounds (as Zn),546.572,527.6333775226544,0,0,0,0,0,0,0,1
2023,3(e),8.3269,44.3328,Sulphur oxides (SOX),236523.0,432.96114215749304,0,0,0,1,0,0,0,0
2023,7(a),9.986449,45.457268,Ammonia (NH3),32076.0,443.73676407399853,0,0,1,0,0,0,0,0
2021,2(b),13.0778,46.2306,Carbon dioxide (CO2),200326000.0,483.46211416770933,0,0,0,0,0,0,1,0
2021,7(a),8.9311,45.4658,Ammonia (NH3),84318.0,488.9216189799064,0,0,1,0,0,0,0,0
2022,9(c),14.3427,41.0396,Non-methane volatile organic compounds (NMVOC),154220.0,181.31077164231885,0,0,0,0,1,0,0,0
2023,7(a),9.818333,45.382778,Ammonia (NH3),22153.0,442.8499407258963,0,0,1,0,0,0,0,0
2023,7(a),12.0955,44.577,Ammonia (NH3),16447.0,299.12434508455885,0,0,1,0,0,0,0,0
2024,7(a),11.9028,44.9869,Ammonia (NH3),10280.0,346.2654684343772,0,0,1,0,0,0,0,0
2024,7(a),9.9094,45.4039,Ammonia (NH3),16600.0,441.38748437807544,0,0,1,0,0,0,0,0
2024,1(c),9.5102,45.5119,Carbon dioxide (CO2),275720364.0,467.53659705314686,0,1,0,0,0,0,0,0
2024,1(c),15.4237,41.6578,Carbon dioxide (CO2),776641104.3,244.23944851357126,0,1,0,0,0,0,0,0
2023,7(a),10.4882,45.3531,Ammonia (NH3),18566.0,416.27701212763094,0,0,1,0,0,0,0,0
2022,5(d),12.7676,41.4838,Methane (CH4),202000.0,51.7469211767934,0,0,0,0,0,0,0,1
2024,7(a),12.7097,46.0478,Methane (CH4),107178.0,461.21837966978154,0,0,1,0,0,0,0,0
2021,3(e),11.0928,45.1436,Carbon dioxide (CO2),101439000.0,377.69529539990066,0,0,0,1,0,0,0,0
2024,7(a),10.4363,45.3501,Ammonia (NH3),10720.0,417.6101903760414,0,0,1,0,0,0,0,0
2023,7(a)(ii),9.974444,45.412222,Ammonia (NH3),10822.0,439.7615924548283,0,0,1,0,0,0,0,0
2021,1(c),11.7586,42.1275,Copper and compounds (as Cu),259.1417,65.87472663400173,0,1,0,0,0,0,0,0
2022,5(b),12.6345,43.9793,Carbon dioxide (CO2),133582618.7,231.1696469892817,0,0,0,0,0,0,0,1
2022,7(a),10.9606,44.793,Ammonia (NH3),25798.0,344.51705480905605,0,0,1,0,0,0,0,0
2021,1(a),8.8768,45.0997,Non-methane volatile organic compounds (NMVOC),224020.0,459.8924322368035,0,1,0,0,0,0,0,0
2023,3(c),9.4667,45.6847,Nitrogen oxides (NOX),790790.6,485.68689503915584,0,0,0,1,0,0,0,0
2021,1(c),10.4494,43.3816,Nitrous oxide (N2O),13896.0,234.66174872826318,0,1,0,0,0,0,0,0
2024,7(a),9.2911,45.2658,Ammonia (NH3),11639.0,454.32445247041585,0,0,1,0,0,0,0,0
2022,7(a),10.7064,44.7672,Ammonia (NH3),23900.0,349.84076680299376,0,0,1,0,0,0,0,0
2022,7(a),10.3986,45.36,Ammonia (NH3),19761.0,419.82474108545364,0,0,1,0,0,0,0,0
2021,7(a),7.5422,44.8428,Ammonia (NH3),19116.0,516.7639695797164,0,0,1,0,0,0,0,0
2022,1(c),9.7104,45.0545,Carbon monoxide (CO),575100.0,416.28976618018316,0,1,0,0,0,0,0,0
2022,7(a)(ii),13.245608,43.205425,Ammonia (NH3),23770.0,157.30732480033177,0,0,1,0,0,0,0,0
2024,1(a),10.3365,43.5872,Nitrogen oxides (NOX),284070.0,257.2528399694245,0,1,0,0,0,0,0,0
2021,7(a),13.6386,42.8036,Ammonia (NH3),14500.0,137.26475845693625,0,0,1,0,0,0,0,0
2021,7(a),10.8278,45.2758,Ammonia (NH3),21430.0,398.3844008497487,0,0,1,0,0,0,0,0
2021,1(c),11.7586,42.1275,Chromium and compounds (as Cr),146.9783,65.87472663400173,0,1,0,0,0,0,0,0
2023,3(c),7.5,44.2833,Nitrogen oxides (NOX),791202.0,484.2811228602819,0,0,0,1,0,0,0,0
2021,4(a),14.2772,37.0554,Non-methane volatile organic compounds (NMVOC),116200.0,560.2184704049324,1,0,0,0,0,0,0,0
2022,4(a),18.0022,40.6395,Benzene,2715.06,481.00117134663145,1,0,0,0,0,0,0,0
2021,3(g),12.4124,42.7773,Nitrogen oxides (NOX),113000.0,97.48473182952472,0,0,0,1,0,0,0,0
2022,3(c),9.81,44.7667,Carbon monoxide (CO),1064002.0,385.45810832592576,0,0,0,1,0,0,0,0
2021,7(a),10.3244,45.215,Ammonia (NH3),13270.0,407.7286776374627,0,0,1,0,0,0,0,0
2024,2(a),10.2269,45.5333,Lead and compounds (as Pb),625.1503,442.934350852115,0,0,0,0,0,0,1,0
2021,1(c),8.1927,45.2377,Nitrogen oxides (NOX),399770.0,507.5180888612842,0,1,0,0,0,0,0,0
2024,7(a),9.3194,45.3119,Ammonia (NH3),34401.0,457.2181426786513,0,0,1,0,0,0,0,0
2024,2(b),11.5006,45.5236,Nickel and compounds (as Ni),92.71,410.48270996553,0,0,0,0,0,0,1,0
2023,3(c),13.0042,41.7367,Ammonia (NH3),28418.0,45.95489691933602,0,0,0,1,0,0,0,0
2024,7(a),12.2103,44.0025,Ammonia (NH3),66214.0,234.63371488009653,0,0,1,0,0,0,0,0
2021,7(a),9.6831,45.3286,Ammonia (NH3),19572.0,443.1028237477304,0,0,1,0,0,0,0,0
2023,7(a),9.6511,45.46,Ammonia (NH3),41390.0,456.87841280982144,0,0,1,0,0,0,0,0
2021,7(a)(ii),9.7883,45.1765,Ammonia (NH3),13236.0,424.38934622761906,0,0,1,0,0,0,0,0
2022,7(a),14.0737,42.5496,Ammonia (NH3),36906.9,148.45474117049594,0,0,1,0,0,0,0,0
2021,7(a),10.159167,45.468611,Ammonia (NH3),22612.0,438.73359337707166,0,0,1,0,0,0,0,0
2023,2(e),9.920278,45.540278,Zinc and compounds (as Zn),284.43,454.307705987385,0,0,0,0,0,0,1,0
2024,5(b),9.0725,45.7733,Carbon dioxide (CO2),107461000.0,510.4123845793232,0,0,0,0,0,0,0,1
2021,7(a),11.750556,45.713333,Ammonia (NH3),14315.0,427.9122448716096,0,0,1,0,0,0,0,0
2024,7(a),10.931,45.0352,Ammonia (NH3),20237.0,370.48757976398787,0,0,1,0,0,0,0,0
2022,1(a),15.219444,37.135556,Nitrous oxide (N2O),13621.0,579.1857861069731,0,1,0,0,0,0,0,0
2021,7(a)(ii),8.5957,45.507,Ammonia (NH3),13229.0,508.71552078254393,0,0,1,0,0,0,0,0
2022,7(a),12.1628,45.0089,Ammonia (NH3),16469.2,346.4296882449504,0,0,1,0,0,0,0,0
2022,7(a),10.5108,45.235,Ammonia (NH3),29340.0,403.5476644593004,0,0,1,0,0,0,0,0
2023,7(a),7.8339,44.6463,Ammonia (NH3),26872.0,485.19056143864753,0,0,1,0,0,0,0,0
2021,3(c),15.180555,37.194444,Hydrogen cyanide (HCN),1480.0,571.8128643506107,0,0,0,1,0,0,0,0
2022,7(a)(i),14.0111,42.5181,Ammonia (NH3),11700.0,142.2775318107036,0,0,1,0,0,0,0,0
2021,7(a),9.511236,45.497375,Ammonia (NH3),21460.0,466.1237725135383,0,0,1,0,0,0,0,0
2021,7(a),10.2883,45.3342,Ammonia (NH3),16812.0,420.8824085056446,0,0,1,0,0,0,0,0
2021,3(c),12.487222,42.539722,Nitrogen oxides (NOX),250240.0,70.82652735983251,0,0,0,1,0,0,0,0
2022,5(b),13.8971,41.4375,Carbon dioxide (CO2),389136819.0,127.32699413298349,0,0,0,0,0,0,0,1
2021,4(b),10.7951,42.9236,Sulphur oxides (SOX),471612.0,179.9690791802994,1,0,0,0,0,0,0,0
2022,7(a)(i),12.9864,45.9597,Ammonia (NH3),15440.0,452.8073666191868,0,0,1,0,0,0,0,0
2022,7(a),12.47,45.87,Ammonia (NH3),12870.0,441.13757878827687,0,0,1,0,0,0,0,0
2022,2(b),15.8136,40.635,Benzene,1396.0,310.9916304131043,0,0,0,0,0,0,1,0
2022,7(a),10.5104,45.187606,Ammonia (NH3),32270.0,398.7535616393953,0,0,1,0,0,0,0,0
2023,8(b),11.90642982,44.31728126,Non-methane volatile organic compounds (NMVOC),104840.0,272.7139102784844,0,0,0,0,0,0,0,0
2024,7(a),10.0742,45.3875,Ammonia (NH3),10260.0,433.68294077376356,0,0,1,0,0,0,0,0
2023,1(c),11.313167,45.019778,Carbon dioxide (CO2),138287000.0,359.4962804968079,0,1,0,0,0,0,0,0
2023,9(c),11.8992,45.1822,Non-methane volatile organic compounds (NMVOC),111658.0,367.81268560986774,0,0,0,0,1,0,0,0
2023,5(b),11.4311,44.5239,Nitrogen oxides (NOX),107700.0,303.9624931186366,0,0,0,0,0,0,0,1
2023,1(a),15.1905,37.2216,Carbon dioxide (CO2),2034384488.5,569.3767495576742,0,1,0,0,0,0,0,0
2022,4(b),8.7952,45.4334,Carbon dioxide (CO2),147950440.0,492.57280171328154,1,0,0,0,0,0,0,0
2022,4(e),8.158594,45.403728,Dichloromethane (DCM),8858.0,522.6542291057688,1,0,0,0,0,0,0,0
2023,7(a),12.3989,45.5761,Ammonia (NH3),19156.0,408.52732644771555,0,0,1,0,0,0,0,0
2022,7(a)(ii),9.5361,45.175,Ammonia (NH3),13372.0,435.04408569248625,0,0,1,0,0,0,0,0
2021,7(a),10.348611,45.475,Ammonia (NH3),37320.0,433.08359000251033,0,0,1,0,0,0,0,0
2023,1(c),11.7586,42.1275,Nitrogen oxides (NOX),1021380.0,65.87472663400173,0,1,0,0,0,0,0,0
2022,7(a),12.1499,44.242,Ammonia (NH3),17507.0,261.6247118508109,0,0,1,0,0,0,0,0
2024,7(a),9.978333,44.953611,Ammonia (NH3),12614.0,395.46121297512906,0,0,1,0,0,0,0,0
2021,7(a),7.813888,45.358888,Ammonia (NH3),10300.0,538.0642652376542,0,0,1,0,0,0,0,0
2021,3(c),13.2503,38.190833,Sulphur oxides (SOX),173630.0,417.7054329667705,0,0,0,1,0,0,0,0
2024,4(a),10.8376,45.1457,Carbon dioxide (CO2),137142140.0,384.57325764280205,1,0,0,0,0,0,0,0
2023,5(d),9.5624,40.87583,Methane (CH4),297670.0,270.0686419031123,0,0,0,0,0,0,0,1
2021,7(a),9.94983509789,44.9408876484,Ammonia (NH3),21084.0,395.450551392287,0,0,1,0,0,0,0,0
2024,2(b),11.0,45.4333,Copper and compounds (as Cu),222.7,410.5887775813313,0,0,0,0,0,0,1,0
2024,3(e),12.8833,45.95,Nitrogen oxides (NOX),154563.0,451.0918687246403,0,0,0,1,0,0,0,0
2022,1(c),9.5102,45.5119,Carbon dioxide (CO2),937515000.0,467.53659705314686,0,1,0,0,0,0,0,0
2023,7(a),11.701692,45.613953,Ammonia (NH3),18454.0,417.5615154861689,0,0,1,0,0,0,0,0
2021,1(c),7.6763,44.9925,Carbon dioxide (CO2),1269069000.0,518.9089994637612,0,1,0,0,0,0,0,0
2021,7(a)(ii),7.3756,44.7411,Ammonia (NH3),11900.0,520.601724260065,0,0,1,0,0,0,0,0
2024,5(d),9.168889,39.420556,Methane (CH4),259000.0,393.5878025129596,0,0,0,0,0,0,0,1
2023,3(c),16.2892,41.3167,Carbon dioxide (CO2),326744860.0,321.96370092329715,0,0,0,1,0,0,0,0
2021,7(a),12.260278,44.185,Ammonia (NH3),12065.0,254.4931321007524,0,0,1,0,0,0,0,0
2024,3(c),12.7167,42.0001,Nitrous oxide (N2O),12524.2,21.188596822069414,0,0,0,1,0,0,0,0
2023,7(a),11.0706,44.9297,Ammonia (NH3),12417.0,355.7159397819654,0,0,1,0,0,0,0,0
2022,7(a),12.2745,44.4085,Ammonia (NH3),35700.0,279.201604360172,0,0,1,0,0,0,0,0
2021,7(a),10.0489,45.3153,Ammonia (NH3),21658.0,427.51473476111425,0,0,1,0,0,0,0,0
2023,3(c),11.966666,45.877777,Carbon dioxide (CO2),332973000.0,444.0279993253838,0,0,0,1,0,0,0,0
2021,9(c),13.4258,41.9964,Sulphur hexafluoride (SF6),253.0,77.56184590909317,0,0,0,0,1,0,0,0
2023,8(b),8.3578,45.605,Nitrogen oxides (NOX),118152.0,528.9555710356506,0,0,0,0,0,0,0,0
2023,7(a),8.7044,45.2328,Ammonia (NH3),27777.0,479.92703519196357,0,0,1,0,0,0,0,0
2022,4(b),8.7952,45.4334,Sulphur oxides (SOX),1014030.0,492.57280171328154,1,0,0,0,0,0,0,0
2022,3(c),7.5,44.2833,Ammonia (NH3),12296.0,484.2811228602819,0,0,0,1,0,0,0,0
2024,5(d),11.5881,45.1389,Methane (CH4),150913.6,367.20775494242633,0,0,0,0,0,0,0,1
2021,3(e),7.5908,44.3867,Carbon dioxide (CO2),118682000.0,484.3039076585716,0,0,0,1,0,0,0,0
2022,4(c),12.238056,44.445833,Ammonia (NH3),26076.5,283.54688050614993,1,0,0,0,0,0,0,0
2022,7(a),7.607536,44.356389,Ammonia (NH3),25582.0,481.35465193660883,0,0,1,0,0,0,0,0
2022,4(a),12.235556,44.4455,Hydro-fluorocarbons (HFCS),622.0,283.52500163154707,1,0,0,0,0,0,0,0
2021,3(e),10.8997,43.7139,Nitrogen oxides (NOX),231836.7,239.8251737876945,0,0,0,1,0,0,0,0
2021,3(e),8.3089,44.4447,Cadmium and compounds (as Cd),12.0,441.7092860060149,0,0,0,1,0,0,0,0
2022,7(a),11.876917,45.762833,Ammonia (NH3),18874.0,432.07871033366393,0,0,1,0,0,0,0,0
2023,1(c),7.7516,45.1622,Carbon dioxide (CO2),870829589.0,526.7586534673983,0,1,0,0,0,0,0,0
2021,9(c),11.3561,45.5075,Non-methane volatile organic compounds (NMVOC),135886.0,411.15864110268586,0,0,0,0,1,0,0,0
2024,8(b),11.0996,45.4208,Hydro-fluorocarbons (HFCS),142.4,406.9822354600954,0,0,0,0,0,0,0,0
2021,2(e),14.326944,41.030278,Nitrogen oxides (NOX),122300.0,180.7619232906541,0,0,0,0,0,0,1,0
2023,3(e),12.2592,45.4644,Sulphur oxides (SOX),175050.0,396.4903506366455,0,0,0,1,0,0,0,0
2024,7(a),10.0538,45.488,Ammonia (NH3),19341.0,444.34274870361514,0,0,1,0,0,0,0,0
2022,7(a),10.8086,45.2619,Ammonia (NH3),13455.0,397.46079970214606,0,0,1,0,0,0,0,0
2021,7(a),9.7011,45.0869,Methane (CH4),134000.0,419.6958274575044,0,0,1,0,0,0,0,0
2021,1(c),17.2152,40.5108,Carbon dioxide (CO2),4405242231.0,423.94185302872364,0,1,0,0,0,0,0,0
2023,7(a),10.348611,45.475,Ammonia (NH3),16502.0,433.08359000251033,0,0,1,0,0,0,0,0
2024,1(c),17.2152,40.5108,Sulphur oxides (SOX),384100.0,423.94185302872364,0,1,0,0,0,0,0,0
2023,6(b),11.05,45.0667,Nitrogen oxides (NOX),180140.0,370.6401970890199,0,0,0,0,0,1,0,0
2021,2(e),9.15395,45.553903,Sulphur oxides (SOX),183000.0,486.67604362036775,0,0,0,0,0,0,1,0
2022,7(a),11.7947,45.9997,Ammonia (NH3),22181.0,458.9991092701225,0,0,1,0,0,0,0,0
2023,9(c),14.3029,41.0112,Non-methane volatile organic compounds (NMVOC),111680.0,180.25136698455464,0,0,0,0,1,0,0,0
2022,1(a),8.7858,45.4372,Benzene,3790.0714,493.3600021474541,0,1,0,0,0,0,0,0
2021,5(d),12.5756,43.6901,Methane (CH4),567000.0,198.84369245266902,0,0,0,0,0,0,0,1
2023,7(a),12.0842,44.1364,Ammonia (NH3),18003.0,250.61446430559553,0,0,1,0,0,0,0,0
2023,7(a),7.465278,44.704444,Ammonia (NH3),12805.0,512.4680977362208,0,0,1,0,0,0,0,0
2021,5(b),8.7776,45.2804,Nitrogen oxides (NOX),193262.0,480.25011833890966,0,0,0,0,0,0,0,1
2024,7(a),10.3824,45.1673,Ammonia (NH3),26110.0,400.9681899188609,0,0,1,0,0,0,0,0
2021,7(a),10.8392,45.3097,Ammonia (NH3),12274.0,401.61655007337293,0,0,1,0,0,0,0,0
2021,7(a),10.3124,45.0493,Ammonia (NH3),34190.0,391.71118621286234,0,0,1,0,0,0,0,0
2022,4(a),,,Hydrochlorofluorocarbons (HCFCs),15092.386,,1,0,0,0,0,0,0,0
2024,7(a),10.6758,44.8297,Ammonia (NH3),19483.0,357.15954829832845,0,0,1,0,0,0,0,0
2023,3(c),12.7394,46.1778,Ammonia (NH3),36457.0,475.75427963107893,0,0,0,1,0,0,0,0
2021,1(a),15.1825,37.1791,Carbon dioxide (CO2),455339000.0,573.451982183205,0,1,0,0,0,0,0,0
2021,7(a),12.07,44.62,Ammonia (NH3),20400.0,304.1040312988552,0,0,1,0,0,0,0,0
2024,7(a),12.1125,44.163,Ammonia (NH3),18137.0,253.25148013952972,0,0,1,0,0,0,0,0
2024,7(a),10.3255,45.4195,Ammonia (NH3),13992.0,428.21795260241066,0,0,1,0,0,0,0,0
2023,3(e),10.3858,43.7061,Nitrogen oxides (NOX),272720.0,264.2817592979229,0,0,0,1,0,0,0,0
2024,3(e),10.3858,43.7061,Sulphur oxides (SOX),178790.0,264.2817592979229,0,0,0,1,0,0,0,0
2024,1(a),17.193,40.4892,Polychlorinated biphenyls (PCBs),16.502,423.1599159692294,0,1,0,0,0,0,0,0
2023,1(c),11.7586,42.1275,Sulphur oxides (SOX),956360.0,65.87472663400173,0,1,0,0,0,0,0,0
2021,7(a),10.7583,44.9094,Ammonia (NH3),17474.0,362.5829481925619,0,0,1,0,0,0,0,0
2023,1(c),14.1132,41.3774,Carbon dioxide (CO2),301093000.0,146.5044836253199,0,1,0,0,0,0,0,0
2024,2(b),13.2534,46.0067,Arsenic and compounds (as As),28.658,460.33206608834774,0,0,0,0,0,0,1,0
2021,1(c),11.85667,44.53583,Nitrogen oxides (NOX),118183.0,297.3304209242588,0,1,0,0,0,0,0,0
2022,1(d),8.2897,44.3808,Nickel and compounds (as Ni),52.12,438.54873299619953,0,1,0,0,0,0,0,0
2022,1(c),8.4008,39.1962,Nitrogen oxides (NOX),687245.0,458.5068450836283,0,1,0,0,0,0,0,0
2022,7(a),10.7078,44.7088,Ammonia (NH3),13133.0,343.92170171722415,0,0,1,0,0,0,0,0
2024,7(a),9.3158,45.1786,Ammonia (NH3),10852.0,445.3422523845748,0,0,1,0,0,0,0,0
2023,7(a),9.7739,45.2661,Ammonia (NH3),17741.0,433.46538418445164,0,0,1,0,0,0,0,0
2023,7(a)(ii),7.5558,44.9264,Ammonia (NH3),10800.0,521.6358995056487,0,0,1,0,0,0,0,0
2023,7(a),12.1514,42.5894,Ammonia (NH3),12800.0,81.45674220288484,0,0,1,0,0,0,0,0
2021,7(a),10.154722,45.193333,Ammonia (NH3),21078.0,411.64811356782957,0,0,1,0,0,0,0,0
2022,1(c),9.5102,45.5119,Nitrogen oxides (NOX),252515.7,467.53659705314686,0,1,0,0,0,0,0,0
2021,2(b),13.2534,46.0067,Cadmium and compounds (as Cd),155.15,460.33206608834774,0,0,0,0,0,0,1,0
2023,7(a),10.7131,44.9178,Ammonia (NH3),15459.0,364.8651559970455,0,0,1,0,0,0,0,0
2021,1(c),15.2164,37.1399,Carbon dioxide (CO2),500957939.0,578.6358064271149,0,1,0,0,0,0,0,0
2021,1(c),9.4794,45.0899,Carbon dioxide (CO2),1844304902.0,429.82876504034436,0,1,0,0,0,0,0,0
2024,7(a),9.422,45.3353,Ammonia (NH3),41199.0,454.80849440571166,0,0,1,0,0,0,0,0
2023,2(f),12.2444,44.4681,Nitrogen oxides (NOX),187054.7,285.9786806487635,0,0,0,0,0,0,1,0
2024,7(a),10.422222,45.543611,Ammonia (NH3),38022.0,437.76784729322213,0,0,1,0,0,0,0,0
2022,7(a),11.106667,45.123611,Ammonia (NH3),22836.0,375.24594232047895,0,0,1,0,0,0,0,0
2023,3(g),12.4124,42.7773,Lead and compounds (as Pb),524.0,97.48473182952472,0,0,0,1,0,0,0,0
2022,7(a),10.8008,44.9797,Ammonia (NH3),13673.0,368.48369206998126,0,0,1,0,0,0,0,0
2023,7(a),10.5831,44.9842,Ammonia (NH3),18326.0,375.8155074188588,0,0,1,0,0,0,0,0
2023,7(a),12.4894,42.6533,Methane (CH4),106300.0,83.4537794865594,0,0,1,0,0,0,0,0
2021,1(a),15.219444,37.135556,Sulphur oxides (SOX),2901733.0,579.1857861069731,0,1,0,0,0,0,0,0
2024,7(a),11.8899,44.6232,Ammonia (NH3),15100.0,306.4526368397821,0,0,1,0,0,0,0,0
2021,7(a),11.556667,45.227222,Ammonia (NH3),46210.0,377.3253772963938,0,0,1,0,0,0,0,0
2023,1(a),10.3365,43.5872,Nitrous oxide (N2O),60010.0,257.2528399694245,0,1,0,0,0,0,0,0
2023,7(a),12.612778,46.053889,Ammonia (NH3),22268.0,461.67380473819304,0,0,1,0,0,0,0,0
2023,7(a)(ii),9.65,45.2335,Ammonia (NH3),25744.0,435.5390706361366,0,0,1,0,0,0,0,0
2021,1(c),17.0326,39.1022,Carbon dioxide (CO2),815770000.0,493.91500700012966,0,1,0,0,0,0,0,0
2021,9(c),11.8992,45.1822,Non-methane volatile organic compounds (NMVOC),129171.0,367.81268560986774,0,0,0,0,1,0,0,0
2024,2(d),12.1489,45.5169,Copper and compounds (as Cu),325.53,402.8378534703248,0,0,0,0,0,0,1,0
2022,7(a),7.7055,44.717694,Ammonia (NH3),16900.0,498.0765493632422,0,0,1,0,0,0,0,0
2024,7(a),7.5761,44.6911,Ammonia (NH3),15082.0,504.505038952982,0,0,1,0,0,0,0,0
2021,3(e),16.8178,41.1025,Nitrogen oxides (NOX),274958.5,370.66533294984737,0,0,0,1,0,0,0,0
2022,8(b),8.5825,45.425,Ammonia (NH3),15800.0,502.367040546723,0,0,0,0,0,0,0,0
2023,7(a),11.0713,44.9401,Ammonia (NH3),20159.0,356.788811869361,0,0,1,0,0,0,0,0
2023,7(a),12.07,44.62,Ammonia (NH3),19085.0,304.1040312988552,0,0,1,0,0,0,0,0
2022,7(a),7.704722,44.716944,Ammonia (NH3),11590.0,498.0750023739139,0,0,1,0,0,0,0,0
2024,3(c),10.3444,45.5153,Benzene,4767.5,437.306929605887,0,0,0,1,0,0,0,0
2024,3(c),9.81,44.7667,Carbon monoxide (CO),1319227.3,385.45810832592576,0,0,0,1,0,0,0,0
2022,1(c),13.7483,37.9691,Carbon monoxide (CO),983767.7,450.22665809519594,0,1,0,0,0,0,0,0
2021,3(c),16.2892,41.3167,Nitrogen oxides (NOX),374099.0,321.96370092329715,0,0,0,1,0,0,0,0
2024,7(a),7.8953,44.5608,Ammonia (NH3),11997.0,475.58090944041834,0,0,1,0,0,0,0,0
2023,7(a),9.974,45.1606,Ammonia (NH3),13200.0,415.3676424977023,0,0,1,0,0,0,0,0
2023,7(a)(ii),9.3981,45.1722,Ammonia (NH3),11708.0,440.98246804785873,0,0,1,0,0,0,0,0
2024,2(b),12.6667,42.5667,Nitrogen oxides (NOX),512200.0,75.14187357873665,0,0,0,0,0,0,1,0
2023,7(a),12.705,46.141667,Ammonia (NH3),10319.0,471.6350058771939,0,0,1,0,0,0,0,0
2023,7(a),9.9644,45.2507,Ammonia (NH3),20790.0,424.4284967350915,0,0,1,0,0,0,0,0
2023,2(b),17.1999,40.5167,Zinc and compounds (as Zn),1772.98,422.49503361756746,0,0,0,0,0,0,1,0
2021,7(a),11.9987,45.715,Ammonia (NH3),29141.0,425.7718942612748,0,0,1,0,0,0,0,0
2022,5(b),9.0706,45.5042,Carbon dioxide (CO2),355931782.0,485.8999911744329,0,0,0,0,0,0,0,1
2021,3(e),11.240556,45.058889,Nitrogen oxides (NOX),148461.0,365.26263593197933,0,0,0,1,0,0,0,0
2022,2(a),10.2269,45.5333,Lead and compounds (as Pb),323.37,442.934350852115,0,0,0,0,0,0,1,0
2023,1(c),15.1825,37.1791,Carbon dioxide (CO2),882512308.8,573.451982183205,0,1,0,0,0,0,0,0
2021,7(a),11.8896,43.9423,Ammonia (NH3),18047.0,232.09997055053094,0,0,1,0,0,0,0,0
2023,5(d),10.830555,43.855774,Methane (CH4),288390.0,256.07882659210674,0,0,0,0,0,0,0,1
2024,3(c),13.2503,38.190833,Ammonia (NH3),27209.4,417.7054329667705,0,0,0,1,0,0,0,0
2023,7(a),9.6831,45.3286,Ammonia (NH3),18663.0,443.1028237477304,0,0,1,0,0,0,0,0
2021,4(a),9.7,45.6667,Nitrogen oxides (NOX),385000.0,474.8529299188233,1,0,0,0,0,0,0,0
2024,2(b),7.9431,44.3878,Cadmium and compounds (as Cd),10.0,461.19956903962077,0,0,0,0,0,0,1,0
2024,3(c),9.7192,40.5425,Carbon dioxide (CO2),143478262.5,277.1588315763164,0,0,0,1,0,0,0,0
2023,1(c),16.7564,41.1024,Carbon dioxide (CO2),191008606.8,365.7083823283547,0,1,0,0,0,0,0,0
2024,8(b),8.5825,45.425,Ammonia (NH3),15200.0,502.367040546723,0,0,0,0,0,0,0,0
2021,1(c),12.236944,44.448611,Carbon dioxide (CO2),1922386000.0,283.861566092513,0,1,0,0,0,0,0,0
2022,3(c),10.3316,45.4594,Carbon dioxide (CO2),216088000.0,432.0511865711123,0,0,0,1,0,0,0,0
2023,1(c),9.4794,45.0899,Nitrous oxide (N2O),18450.0,429.82876504034436,0,1,0,0,0,0,0,0
2022,1(c),15.1825,37.1791,Cadmium and compounds (as Cd),30.561,573.451982183205,0,1,0,0,0,0,0,0
2024,7(a),9.6467,45.1239,Ammonia (NH3),23201.0,425.4845983942671,0,0,1,0,0,0,0,0
2022,7(a),9.7647,45.1636,Ammonia (NH3),17217.0,424.1555620608576,0,0,1,0,0,0,0,0
2024,5(d),9.5624,40.87583,Methane (CH4),297670.0,270.0686419031123,0,0,0,0,0,0,0,1
2023,5(d),11.9528,44.5133,Methane (CH4),194868.6,293.59665977949845,0,0,0,0,0,0,0,1
2021,1(c),15.2022,37.1291,Nitrogen oxides (NOX),129327.6,579.2538732559473,0,1,0,0,0,0,0,0
2024,7(a),9.8372,45.3428,Ammonia (NH3),35030.0,438.26482164012333,0,0,1,0,0,0,0,0
2021,7(a),11.785,45.156,Ammonia (NH3),12559.0,366.2530756963119,0,0,1,0,0,0,0,0
2024,1(c),15.1825,37.1791,Cadmium and compounds (as Cd),29.2979,573.451982183205,0,1,0,0,0,0,0,0
2021,7(a),11.0706,44.9297,Ammonia (NH3),11626.0,355.7159397819654,0,0,1,0,0,0,0,0
2021,4(b),9.4408,45.6086,Zinc and compounds (as Zn),880.54,479.5206853449554,1,0,0,0,0,0,0,0
2022,3(c),15.180555,37.194444,Nitrogen oxides (NOX),441800.0,571.8128643506107,0,0,0,1,0,0,0,0
2022,8(b),11.3028,45.0292,Nitrogen oxides (NOX),518822.0,360.72672194530134,0,0,0,0,0,0,0,0
2021,3(c),7.4175,44.3911,Carbon dioxide (CO2),139988000.0,496.16964148283375,0,0,0,1,0,0,0,0
2024,7(a),9.558694,45.246222,Ammonia (NH3),12060.0,440.6309193637934,0,0,1,0,0,0,0,0
2023,9(c),13.4701,45.9567,Non-methane volatile organic compounds (NMVOC),100352.0,457.45698889275104,0,0,0,0,1,0,0,0
2022,4(a),18.0022,40.6395,Nitrogen oxides (NOX),273300.0,481.00117134663145,1,0,0,0,0,0,0,0
2023,7(a),9.5927,45.2422,Ammonia (NH3),50690.0,438.79331530959837,0,0,1,0,0,0,0,0
2021,3(c),10.8333,45.5792,Carbon dioxide (CO2),126945000.0,430.048733792792,0,0,0,1,0,0,0,0
2024,5(d),8.978056,40.571111,Methane (CH4),271700.0,329.3217479871604,0,0,0,0,0,0,0,1
2023,7(a),10.7842,45.3131,Ammonia (NH3),30229.0,403.4616422647851,0,0,1,0,0,0,0,0
2021,4(e),9.0061,45.5819,Non-methane volatile organic compounds (NMVOC),119700.0,495.8478225935101,1,0,0,0,0,0,0,0
2021,7(a)(i),12.9864,45.9597,Ammonia (NH3),15120.0,452.8073666191868,0,0,1,0,0,0,0,0
2023,3(c),14.0658,41.4456,Ammonia (NH3),57400.0,139.90801467376932,0,0,0,1,0,0,0,0
2021,1(c),15.0005,41.9372,Carbon dioxide (CO2),517331009.2,207.21151513826103,0,1,0,0,0,0,0,0
2023,7(a),10.9125,44.7194,Ammonia (NH3),18438.0,338.3779000862353,0,0,1,0,0,0,0,0
2024,1(c),15.423906,41.197708,Carbon dioxide (CO2),192984000.0,255.9030818592855,0,1,0,0,0,0,0,0
2023,2(b),13.2534,46.0067,Nitrogen oxides (NOX),416350.0,460.33206608834774,0,0,0,0,0,0,1,0
2024,7(a),7.5633,44.6922,Ammonia (NH3),13103.0,505.3940875422444,0,0,1,0,0,0,0,0
2022,3(c),18.1997,40.1678,Carbon dioxide (CO2),268253000.0,515.6671288858599,0,0,0,1,0,0,0,0
2021,3(e),11.0928,45.1436,Arsenic and compounds (as As),27.8,377.69529539990066,0,0,0,1,0,0,0,0
2021,1(a),15.1825,37.1791,Sulphur oxides (SOX),253215.0,573.451982183205,0,1,0,0,0,0,0,0
2024,3(c),13.258717,42.463755,Benzene,2297.8,88.52024109973759,0,0,0,1,0,0,0,0
2023,3(e),14.4844,40.8506,Nitrogen oxides (NOX),102054.0,202.97728763292062,0,0,0,1,0,0,0,0
2024,5(b),11.5535,44.8605,Carbon dioxide (CO2),146067700.0,337.58657673341173,0,0,0,0,0,0,0,1
2024,7(a),13.6636,42.8131,Ammonia (NH3),19818.0,139.437295625738,0,0,1,0,0,0,0,0
2023,3(c),12.6178,43.2844,Nitrogen oxides (NOX),541900.0,153.94793754868223,0,0,0,1,0,0,0,0
2024,3(e),13.2324,45.7701,Sulphur oxides (SOX),172377.0,434.0513576127998,0,0,0,1,0,0,0,0
2022,1(c),7.7516,45.1622,Nitrogen oxides (NOX),209085.0,526.7586534673983,0,1,0,0,0,0,0,0
2021,7(a),12.1105,44.9708,Ammonia (NH3),13756.0,342.5647519889235,0,0,1,0,0,0,0,0
2022,7(a),11.9097,43.9454,Ammonia (NH3),26150.0,232.09427765558974,0,0,1,0,0,0,0,0
2022,8(b),12.5703,41.7057,Hydro-fluorocarbons (HFCS),404.5,22.756410444704144,0,0,0,0,0,0,0,0
2024,7(a),10.527,45.2206,Ammonia (NH3),14620.0,401.56887284311426,0,0,1,0,0,0,0,0
2024,7(a),9.9267,45.1836,Ammonia (NH3),34302.0,419.4475220738715,0,0,1,0,0,0,0,0
2021,7(a),10.2725,45.1006,Ammonia (NH3),17027.0,398.2177048134624,0,0,1,0,0,0,0,0
2022,1(c),15.2022,37.1291,Hydro-fluorocarbons (HFCS),120.0,579.2538732559473,0,1,0,0,0,0,0,0
2024,7(a),8.4182,45.4095,Ammonia (NH3),12887.0,509.44821525207004,0,0,1,0,0,0,0,0
2021,5(d),8.7483,44.7879,Methane (CH4),1642947.5,441.24059954585,0,0,0,0,0,0,0,1
2024,3(e),7.5908,44.3867,Nitrogen oxides (NOX),409277.0,484.3039076585716,0,0,0,1,0,0,0,0
2023,4(e),10.0128,45.8022,Dichloromethane (DCM),26520.61,477.0774099939351,1,0,0,0,0,0,0,0
2024,7(a),10.0399,45.3625,Ammonia (NH3),13551.0,432.47342197714244,0,0,1,0,0,0,0,0
2021,2(b),17.1999,40.5167,Nitrogen oxides (NOX),4432660.0,422.49503361756746,0,0,0,0,0,0,1,0
2024,1(a),15.1905,37.2216,Non-methane volatile organic compounds (NMVOC),306128.7,569.3767495576742,0,1,0,0,0,0,0,0
2021,3(c),10.0333,45.7167,Nitrogen oxides (NOX),161425.0,467.82069491437875,0,0,0,1,0,0,0,0
2023,1(c),12.2458,45.4313,Fluorine and inorganic compounds (as HF),9696.0,392.8681219243284,0,1,0,0,0,0,0,0
2022,3(e),13.2324,45.7701,Chlorine and inorganic compounds (as HCl),13400.0,434.0513576127998,0,0,0,1,0,0,0,0
2023,7(a),12.260886,44.212061,Ammonia (NH3),40451.0,257.48971930610776,0,0,1,0,0,0,0,0
2022,3(c),11.4222,45.7161,Nitrogen oxides (NOX),110021.9,432.6802631750199,0,0,0,1,0,0,0,0
2023,5(d),13.6792,43.1194,Methane (CH4),132780.0,166.42900596606677,0,0,0,0,0,0,0,1
2024,7(a),9.7778,45.4283,Ammonia (NH3),89500.0,448.8160351006013,0,0,1,0,0,0,0,0
2023,2(e),10.3375,45.6972,Nitrogen oxides (NOX),207644.0,456.0620290721447,0,0,0,0,0,0,1,0
2022,9(c),12.0741,44.1418,Non-methane volatile organic compounds (NMVOC),161350.0,251.32012695849141,0,0,0,0,1,0,0,0
2024,3(c),10.3444,45.5153,Carbon monoxide (CO),537619.5,437.306929605887,0,0,0,1,0,0,0,0
2022,7(a),7.6281,44.7789,Ammonia (NH3),24160.0,507.0638095697618,0,0,1,0,0,0,0,0
2021,1(c),16.5486,40.4175,Nitrogen oxides (NOX),138573.1,377.24502367551094,0,1,0,0,0,0,0,0
2023,3(e),13.2324,45.7701,Nitrogen oxides (NOX),320002.4,434.0513576127998,0,0,0,1,0,0,0,0
2022,7(a),12.8283,46.1106,Ammonia (NH3),15075.0,468.6371041128512,0,0,1,0,0,0,0,0
2021,2(b),13.2534,46.0067,Lead and compounds (as Pb),230.57,460.33206608834774,0,0,0,0,0,0,1,0
2021,7(a),7.7847,44.5853,Ammonia (NH3),16047.0,484.23863177920754,0,0,1,0,0,0,0,0
2023,1(b),10.55925,42.93918,Methane (CH4),352887.0,196.37027257949995,0,1,0,0,0,0,0,0
2024,7(a),10.8836,44.9178,Methane (CH4),102000.0,359.65515938708734,0,0,1,0,0,0,0,0
2024,7(a),9.8061,45.1922,Ammonia (NH3),12110.0,425.14004008084015,0,0,1,0,0,0,0,0
2022,7(a),10.132222,45.066944,Ammonia (NH3),40080.0,400.1665381890098,0,0,1,0,0,0,0,0
2023,1(d),8.2897,44.3808,Benzene,3074.0,438.54873299619953,0,1,0,0,0,0,0,0
2024,5(d),10.830555,43.855774,Methane (CH4),313520.0,256.07882659210674,0,0,0,0,0,0,0,1
2022,2(b),10.3894,45.6392,Carbon monoxide (CO),923119.0,448.5499430851952,0,0,0,0,0,0,1,0
2022,2(b),13.0778,46.2306,Carbon dioxide (CO2),173952000.0,483.46211416770933,0,0,0,0,0,0,1,0
2022,7(a),8.4634,45.4033,Ammonia (NH3),12389.0,506.5989693847183,0,0,1,0,0,0,0,0
2024,7(a),10.99,43.3651,Ammonia (NH3),13638.0,204.01392740585015,0,0,1,0,0,0,0,0
2022,7(a),10.2336,45.4467,Ammonia (NH3),15076.0,434.0078059678944,0,0,1,0,0,0,0,0
2022,1(a),15.1905,37.2216,Nickel and compounds (as Ni),110.9724,569.3767495576742,0,1,0,0,0,0,0,0
2022,7(a),9.5927,45.2422,Methane (CH4),102180.0,438.79331530959837,0,0,1,0,0,0,0,0
2023,1(c),13.2897,45.8169,Carbon dioxide (CO2),1268838000.0,439.84416071720636,0,1,0,0,0,0,0,0
2024,3(c),8.6794,45.7794,Ammonia (NH3),18410.0,528.5578509656057,0,0,0,1,0,0,0,0
2024,7(a),10.7467,45.2418,Ammonia (NH3),13460.0,397.10992461724027,0,0,1,0,0,0,0,0
2024,2(b),11.5006,45.5236,Chromium and compounds (as Cr),102.4,410.48270996553,0,0,0,0,0,0,1,0
2024,7(a),10.6253,44.9431,Ammonia (NH3),13870.0,370.27362716609315,0,0,1,0,0,0,0,0
2021,1(c),8.8666,45.1002,Nitrous oxide (N2O),33780.0,460.4565851575858,0,1,0,0,0,0,0,0
2021,4(b),15.1839,37.1841,Carbon dioxide (CO2),125410000.0,572.9877916052352,1,0,0,0,0,0,0,0
2021,2(b),13.2534,46.0067,Chlorine and inorganic compounds (as HCl),15040.0,460.33206608834774,0,0,0,0,0,0,1,0
2022,7(a),11.7852,45.1545,Ammonia (NH3),13567.0,366.0859325677968,0,0,1,0,0,0,0,0
2024,8(b),10.5114,45.3706,Ammonia (NH3),46800.0,417.34435983802274,0,0,0,0,0,0,0,0
2024,1(c),7.6763,44.9925,Carbon dioxide (CO2),1242955000.0,518.9089994637612,0,1,0,0,0,0,0,0
2024,1(c),15.2022,37.1291,Nickel and compounds (as Ni),156.1,579.2538732559473,0,1,0,0,0,0,0,0
2022,2(b),17.1999,40.5167,Nickel and compounds (as Ni),162.44,422.49503361756746,0,0,0,0,0,0,1,0
2024,3(c),14.725278,36.903056,Ammonia (NH3),23900.0,587.9442813117303,0,0,0,1,0,0,0,0
2022,1(a),15.2723,38.2027,Carbon dioxide (CO2),2194697000.0,474.37811556178303,0,1,0,0,0,0,0,0
2023,1(c),16.2147,39.7111,Nitrogen oxides (NOX),353160.0,396.5827136030377,0,1,0,0,0,0,0,0
2021,1(a),13.3813,43.6395,Non-methane volatile organic compounds (NMVOC),150000.0,206.17477195412638,0,1,0,0,0,0,0,0
2021,3(c),13.258717,42.463755,Benzene,1680.24,88.52024109973759,0,0,0,1,0,0,0,0
2023,4(e),9.3585,45.5945,Dichloromethane (DCM),257931.0,481.61083842064687,1,0,0,0,0,0,0,0
2024,5(a),10.9114,44.8532,Chlorofluorocarbons (CFCs),1.121,352.1726932093828,0,0,0,0,0,0,0,1
2024,7(a),12.4894,42.6533,Ammonia (NH3),34660.0,83.4537794865594,0,0,1,0,0,0,0,0
2022,3(c),15.6736,40.9497,Carbon monoxide (CO),704612.8,285.2888248631794,0,0,0,1,0,0,0,0
2024,1(c),9.2525,45.5422,Carbon dioxide (CO2),101323000.0,481.27755303987414,0,1,0,0,0,0,0,0
2023,7(a),13.2167,43.5033,Ammonia (NH3),16048.0,187.4459939484101,0,0,1,0,0,0,0,0
2022,5(a),15.5525,40.6955,Chlorofluorocarbons (CFCs),49.39,288.4185562798682,0,0,0,0,0,0,0,1
2023,7(a),9.7381,45.4111,Ammonia (NH3),28918.0,448.7310369182837,0,0,1,0,0,0,0,0
2023,5(b),14.1103,41.5136,Carbon dioxide (CO2),123417003.1,140.78649673602848,0,0,0,0,0,0,0,1
2023,2(b),9.5969,45.6425,Zinc and compounds (as Zn),401.0,476.48876713324137,0,0,0,0,0,0,1,0
2021,7(a),12.568889,45.719444,Ammonia (NH3),11097.0,424.4312526944435,0,0,1,0,0,0,0,0
2021,6(b),13.0739,46.2325,Arsenic and compounds (as As),150.29,483.64256280003474,0,0,0,0,0,1,0,0
2023,4(e),9.7981,45.68,Non-methane volatile organic compounds (NMVOC),213833.1,472.48931598030384,1,0,0,0,0,0,0,0
2021,3(c),11.966666,45.877777,Ammonia (NH3),11740.0,444.0279993253838,0,0,0,1,0,0,0,0
2023,7(a),7.2911,44.3943,Ammonia (NH3),10611.0,504.8933151167776,0,0,1,0,0,0,0,0
2024,5(d),7.3492,44.8919,Methane (CH4),929000.0,532.1825552813739,0,0,0,0,0,0,0,1
2023,1(d),8.2897,44.3808,Nitrogen oxides (NOX),106940.0,438.54873299619953,0,1,0,0,0,0,0,0
2024,7(a),10.8095,45.0619,Ammonia (NH3),16830.0,376.6967265516976,0,0,1,0,0,0,0,0
2024,1(c),8.4008,39.1962,Carbon dioxide (CO2),1122009900.0,458.5068450836283,0,1,0,0,0,0,0,0
2022,7(a),10.4361,45.35,Ammonia (NH3),10209.0,417.6064251359434,0,0,1,0,0,0,0,0
2021,7(a),10.3255,45.4195,Ammonia (NH3),10254.0,428.21795260241066,0,0,1,0,0,0,0,0
2024,1(c),11.5833,44.8499,Carbon dioxide (CO2),1288219000.0,335.9030476325577,0,1,0,0,0,0,0,0
2023,7(a),10.1494,45.3306,Ammonia (NH3),18090.0,425.3632019373156,0,0,1,0,0,0,0,0
2021,1(c),10.2122,45.5163,Carbon dioxide (CO2),107654000.0,441.7124704507598,0,1,0,0,0,0,0,0
2023,1(c),17.2152,40.5108,Chromium and compounds (as Cr),152.53,423.94185302872364,0,1,0,0,0,0,0,0
2021,7(a),12.614639,45.658361,Ammonia (NH3),11515.0,417.7070580616357,0,0,1,0,0,0,0,0
2024,7(a),9.995,45.3697,Ammonia (NH3),13933.0,434.8388891268442,0,0,1,0,0,0,0,0
2024,4(a),8.375939,40.831425,Hydrochlorofluorocarbons (HCFCs),4.08,363.86151585055524,1,0,0,0,0,0,0,0
2024,7(a),11.0019,45.2047,Ammonia (NH3),24950.0,386.38319012369584,0,0,1,0,0,0,0,0
2023,7(a)(ii),9.9172,45.4744,Ammonia (NH3),12760.0,447.9676051277348,0,0,1,0,0,0,0,0
2023,1(a),13.3813,43.6395,Sulphur oxides (SOX),262000.0,206.17477195412638,0,1,0,0,0,0,0,0
2023,9(c),14.6975,40.7322,Non-methane volatile organic compounds (NMVOC),236671.0,225.2292308000999,0,0,0,0,1,0,0,0
2022,1(c),7.7516,45.1622,Nitrous oxide (N2O),14352.0,526.7586534673983,0,1,0,0,0,0,0,0
2022,1(c),7.5678,44.4378,Carbon dioxide (CO2),149318000.0,488.94879021109034,0,1,0,0,0,0,0,0
2021,7(a),11.89794,44.84211,Ammonia (NH3),27905.0,330.39370196694586,0,0,1,0,0,0,0,0
2022,2(e),8.4079,39.2091,Lead and compounds (as Pb),508.8021,457.08909962129064,0,0,0,0,0,0,1,0
2023,4(b),12.25,44.45,Sulphur oxides (SOX),1707000.0,283.93915705228454,1,0,0,0,0,0,0,0
2023,7(a),12.4894,42.6533,Ammonia (NH3),24600.0,83.4537794865594,0,0,1,0,0,0,0,0
2021,7(a),9.954722,45.47,Ammonia (NH3),27618.0,446.1493729631761,0,0,1,0,0,0,0,0
2024,5(c),7.7887,44.4765,Methane (CH4),317032.0,476.90334070765385,0,0,0,0,0,0,0,1
2023,7(a),7.4552,44.655,Ammonia (NH3),13807.0,509.93303617065163,0,0,1,0,0,0,0,0
2023,7(a),10.5958,45.1808,Ammonia (NH3),29550.0,395.34941313893785,0,0,1,0,0,0,0,0
2022,7(a),10.3255,45.4195,Ammonia (NH3),11547.0,428.21795260241066,0,0,1,0,0,0,0,0
2021,1(c),14.2297,41.0088,Nitrogen oxides (NOX),156400.0,175.34271516200758,0,1,0,0,0,0,0,0
2021,7(a),12.5803,46.0297,Ammonia (NH3),34900.0,458.93938622243024,0,0,1,0,0,0,0,0
2021,7(a)(i),10.7625,45.295278,Ammonia (NH3),10300.0,402.20946210213174,0,0,1,0,0,0,0,0
2021,7(a)(ii),7.566944,44.756111,Ammonia (NH3),13330.0,509.3862770082603,0,0,1,0,0,0,0,0
2021,1(c),9.7104,45.0545,Carbon monoxide (CO),529920.0,416.28976618018316,0,1,0,0,0,0,0,0
2022,1(c),18.0321,40.5638,Particulate matter (PM10),95117.8,486.1548254028064,0,1,0,0,0,0,0,0
2021,3(c),16.6569,40.6753,Nitrogen oxides (NOX),526429.0,373.3984326170081,0,0,0,1,0,0,0,0
2024,7(a),12.2119,45.0072,Ammonia (NH3),75688.0,345.9558563647101,0,0,1,0,0,0,0,0
2024,7(a),7.563633,44.584597,Ammonia (NH3),10733.0,498.41091573097657,0,0,1,0,0,0,0,0
2023,3(e),11.240556,45.058889,Nitrogen oxides (NOX),162583.0,365.26263593197933,0,0,0,1,0,0,0,0
2022,7(a),7.8898,44.9805,Ammonia (NH3),16896.0,505.2549258306158,0,0,1,0,0,0,0,0
2023,7(a),10.4747,45.0525,Ammonia (NH3),16880.0,386.3232975866797,0,0,1,0,0,0,0,0
2021,1(c),11.8897,44.6231,Nitrogen oxides (NOX),347010.0,306.4442616358695,0,1,0,0,0,0,0,0
2024,2(e),14.2956,41.0225,Lead and compounds (as Pb),283.0,179.04284453919206,0,0,0,0,0,0,1,0
2021,4(a),15.1752,37.2191,Carbon dioxide (CO2),449878000.0,569.10296764055,1,0,0,0,0,0,0,0
2021,6(b),10.75,45.0667,Nitrogen oxides (NOX),148205.0,378.94918081031824,0,0,0,0,0,1,0,0
2021,3(c),8.6794,45.7794,Nitrogen oxides (NOX),645573.0,528.5578509656057,0,0,0,1,0,0,0,0
2023,7(a),9.4467,45.5417,Ammonia (NH3),15157.0,472.97217380983216,0,0,1,0,0,0,0,0
2022,5(b),12.6615,42.5806,Carbon dioxide (CO2),146718170.0,76.58347838215289,0,0,0,0,0,0,0,1
2024,9(c),13.4258,41.9964,Methane (CH4),275630.0,77.56184590909317,0,0,0,0,1,0,0,0
2024,7(a),11.9262,44.7146,Ammonia (NH3),20332.0,316.04109362281775,0,0,1,0,0,0,0,0
2021,7(a),10.0181,45.44,Ammonia (NH3),27456.0,440.88599281539393,0,0,1,0,0,0,0,0
2022,7(a),10.9492,45.1239,Ammonia (NH3),17160.0,379.25815162556347,0,0,1,0,0,0,0,0
2022,1(a),15.219444,37.135556,Nitrogen oxides (NOX),1196346.0,579.1857861069731,0,1,0,0,0,0,0,0
2021,4(b),12.25,44.45,Sulphur oxides (SOX),1988000.0,283.93915705228454,1,0,0,0,0,0,0,0
2023,4(a),8.6421,45.4596,Nitrous oxide (N2O),122366.0,502.3468288780493,1,0,0,0,0,0,0,0
2021,6(b),10.5167,44.9167,Mercury and compounds (as Hg),14.0,371.29893725265117,0,0,0,0,0,1,0,0
2024,7(a),12.5072,45.9344,Ammonia (NH3),11168.0,448.29429956597073,0,0,1,0,0,0,0,0
2021,5(b),9.6097,45.6356,Carbon dioxide (CO2),190599884.0,475.32489616255566,0,0,0,0,0,0,0,1
2021,3(c),13.2503,38.190833,Carbon dioxide (CO2),291904000.0,417.7054329667705,0,0,0,1,0,0,0,0
2024,7(a),7.8897,44.8978,Ammonia (NH3),28558.0,499.27418194668877,0,0,1,0,0,0,0,0
2022,7(a),12.1514,42.5894,Ammonia (NH3),12800.0,81.45674220288484,0,0,1,0,0,0,0,0
2024,1(c),14.2297,41.0088,Carbon dioxide (CO2),209240000.0,175.34271516200758,0,1,0,0,0,0,0,0
2021,7(a),10.8903,45.3408,Ammonia (NH3),22136.0,403.5333357150993,0,0,1,0,0,0,0,0
2021,7(a),11.7973,44.4104,Ammonia (NH3),157116.0,284.53713278512015,0,0,1,0,0,0,0,0
2024,7(a),10.188695,45.287259,Ammonia (NH3),13222.0,419.67282265662976,0,0,1,0,0,0,0,0
2024,1(c),10.6002,43.8233,Carbon dioxide (CO2),313657742.8,263.5896029410928,0,1,0,0,0,0,0,0
2023,5(d),8.920388,45.667284,Methane (CH4),1807620.0,507.44755168858563,0,0,0,0,0,0,0,1
2024,3(e),8.2708,44.9044,Nitrogen oxides (NOX),109400.0,477.2936154197091,0,0,0,1,0,0,0,0
2021,7(a),9.7594,45.3144,Ammonia (NH3),12660.0,438.64631971675857,0,0,1,0,0,0,0,0
2021,1(c),9.6833,45.4333,Methane (CH4),647935.0,453.0399244961271,0,1,0,0,0,0,0,0
2021,7(a)(i),13.3813,45.8998,Ammonia (NH3),13250.0,450.05681881519524,0,0,1,0,0,0,0,0
2023,7(a),11.883594,45.015297,Ammonia (NH3),15360.0,349.60713104445097,0,0,1,0,0,0,0,0
2023,1(c),11.4777,43.5643,Carbon dioxide (CO2),725551882.4,202.61650375491504,0,1,0,0,0,0,0,0
2023,7(a),10.553056,45.185556,Methane (CH4),143203.0,397.1790789748979,0,0,1,0,0,0,0,0
2022,3(c),13.2503,38.190833,Nitrogen oxides (NOX),426133.0,417.7054329667705,0,0,0,1,0,0,0,0
2023,7(a),9.3512,45.1834,Ammonia (NH3),18070.0,444.1401429047182,0,0,1,0,0,0,0,0
2021,7(a)(ii),12.2505,44.5651,Ammonia (NH3),11618.0,296.7033251546424,0,0,1,0,0,0,0,0
2024,7(a),7.9486,44.6981,Ammonia (NH3),15263.0,481.5833620073078,0,0,1,0,0,0,0,0
2024,7(a),13.2389,43.4199,Ammonia (NH3),21701.0,179.2846937786241,0,0,1,0,0,0,0,0
2022,7(a),12.1425,46.1319,Ammonia (NH3),12011.0,471.1037214234051,0,0,1,0,0,0,0,0
2022,1(c),9.4359,45.3345,Carbon dioxide (CO2),1536227000.0,454.1275854590648,0,1,0,0,0,0,0,0
2023,7(a),11.1344,45.1567,Ammonia (NH3),12168.0,378.09503630483783,0,0,1,0,0,0,0,0
2021,1(c),8.739,45.5212,Carbon dioxide (CO2),899630000.0,502.9487066098593,0,1,0,0,0,0,0,0
2021,4(e),9.3585,45.5945,Dichloromethane (DCM),293800.0,481.61083842064687,1,0,0,0,0,0,0,0
2022,7(a),10.7642,45.29,Ammonia (NH3),11040.0,401.6137784790315,0,0,1,0,0,0,0,0
2024,7(a),11.1344,45.1567,Ammonia (NH3),12109.0,378.09503630483783,0,0,1,0,0,0,0,0
2021,2(b),7.3222,45.7336,Carbon dioxide (CO2),104847800.0,594.5464617042601,0,0,0,0,0,0,1,0
2024,2(b),15.8136,40.635,Hydrogen cyanide (HCN),3465.1,310.9916304131043,0,0,0,0,0,0,1,0
2024,7(a),12.5803,46.0297,Ammonia (NH3),34247.0,458.93938622243024,0,0,1,0,0,0,0,0
2023,3(c),12.7394,46.1778,Nitrogen oxides (NOX),615034.0,475.75427963107893,0,0,0,1,0,0,0,0
2021,7(a)(i),10.1525,45.0131,Ammonia (NH3),255000.0,394.167935487071,0,0,1,0,0,0,0,0
2021,3(c),15.6736,40.9497,Carbon monoxide (CO),761730.0,285.2888248631794,0,0,0,1,0,0,0,0
2022,7(a),10.3876,45.3669,Ammonia (NH3),10487.0,420.8790923921718,0,0,1,0,0,0,0,0
2023,7(a),11.2169,44.8392,Ammonia (NH3),28210.0,342.487816089263,0,0,1,0,0,0,0,0
2022,7(a),11.1664,45.0236,Ammonia (NH3),11167.0,363.2245643777854,0,0,1,0,0,0,0,0
2023,3(c),10.8333,45.5792,Nitrogen oxides (NOX),201280.1,430.048733792792,0,0,0,1,0,0,0,0
2023,2(b),11.5083,45.5194,Polychlorinated biphenyls (PCBs),0.1457,409.9050166276053,0,0,0,0,0,0,1,0
2023,7(a),13.0221,45.8341,Ammonia (NH3),27524.0,439.16426523421075,0,0,1,0,0,0,0,0
2021,1(c),7.9005,45.1854,Nitrogen oxides (NOX),384275.0,519.876589257793,0,1,0,0,0,0,0,0
2021,7(a),13.198908,43.490586,Ammonia (NH3),24060.0,185.65154824625148,0,0,1,0,0,0,0,0
2023,7(a)(i),12.1441,44.7714,Ammonia (NH3),14779.0,320.24280447101296,0,0,1,0,0,0,0,0
2022,1(c),12.2458,45.4313,Cadmium and compounds (as Cd),36.2278,392.8681219243284,0,1,0,0,0,0,0,0
2022,1(c),,,Carbon dioxide (CO2),129573000.0,,0,1,0,0,0,0,0,0
2023,9(c),13.8667,41.2589,Non-methane volatile organic compounds (NMVOC),253000.0,134.596259387173,0,0,0,0,1,0,0,0
2023,7(a)(ii),8.6729,45.4251,Ammonia (NH3),14940.0,497.85778401190703,0,0,1,0,0,0,0,0
2021,7(a),10.5047,45.3594,Ammonia (NH3),10000.0,416.4069416884056,0,0,1,0,0,0,0,0
2022,7(a),11.701692,45.613953,Ammonia (NH3),32054.0,417.5615154861689,0,0,1,0,0,0,0,0
2022,7(a),10.2192,45.3619,Ammonia (NH3),20450.0,426.0185285792725,0,0,1,0,0,0,0,0
2022,2(b),17.1999,40.5167,Particulate matter (PM10),128170.0,422.49503361756746,0,0,0,0,0,0,1,0
2024,7(a),12.832944,46.001725,Ammonia (NH3),13999.0,456.5739084851514,0,0,1,0,0,0,0,0
2022,1(c),11.2511,45.0297,Nitrogen oxides (NOX),234281.0,361.9154505330853,0,1,0,0,0,0,0,0
2021,7(a),11.9991,44.1631,Ammonia (NH3),14489.0,254.56186460182496,0,0,1,0,0,0,0,0
2021,7(a),13.6737,43.0631,Ammonia (NH3),13000.0,161.13761668232092,0,0,1,0,0,0,0,0
2023,4(e),10.9697,45.4139,Hydro-fluorocarbons (HFCS),102.0,409.2566866899459,1,0,0,0,0,0,0,0
2022,7(a),10.2145,45.3295,Ammonia (NH3),16525.0,422.9548821618038,0,0,1,0,0,0,0,0
2024,1(c),16.2147,39.7111,Carbon dioxide (CO2),698420000.0,396.5827136030377,0,1,0,0,0,0,0,0
2023,4(b),12.2333,44.4333,Carbon monoxide (CO),4808842.7,282.1861503637189,1,0,0,0,0,0,0,0
2024,1(c),9.4359,45.3345,Carbon dioxide (CO2),1376166000.0,454.1275854590648,0,1,0,0,0,0,0,0
2023,1(c),18.0321,40.5638,Chlorine and inorganic compounds (as HCl),21672.0,486.1548254028064,0,1,0,0,0,0,0,0
2024,1(c),14.9543,38.474,Nitrogen oxides (NOX),340169.0,434.63889175383196,0,1,0,0,0,0,0,0
2023,3(c),,,Ammonia (NH3),46100.0,,0,0,0,1,0,0,0,0
2022,1(c),15.268,38.1977,Nitrogen oxides (NOX),109826.5,474.6827614028966,0,1,0,0,0,0,0,0
2022,7(a),12.1105,44.9708,Ammonia (NH3),13756.0,342.5647519889235,0,0,1,0,0,0,0,0
2021,1(c),7.9005,45.1854,Nitrous oxide (N2O),15228.0,519.876589257793,0,1,0,0,0,0,0,0
2021,4(a),10.8376,45.1457,Nitrogen oxides (NOX),128244.9,384.57325764280205,1,0,0,0,0,0,0,0
2021,1(a),8.7858,45.4372,Carbon dioxide (CO2),850236000.0,493.3600021474541,0,1,0,0,0,0,0,0
2021,4(e),9.3747,45.4044,Hydro-fluorocarbons (HFCS),487.0,463.2452754182313,1,0,0,0,0,0,0,0
2023,7(a),10.8814,44.9161,Ammonia (NH3),19400.0,359.54403080220254,0,0,1,0,0,0,0,0
2024,1(a),8.7858,45.4372,Carbon dioxide (CO2),957567804.0,493.3600021474541,0,1,0,0,0,0,0,0
2022,3(e),11.3731,45.4181,Sulphur oxides (SOX),460792.0,401.18016620160887,0,0,0,1,0,0,0,0
2024,7(a),7.6436,44.5063,Ammonia (NH3),16342.0,488.23525715021617,0,0,1,0,0,0,0,0
2022,7(a),9.931997,45.219836,Ammonia (NH3),11320.0,422.7163980371394,0,0,1,0,0,0,0,0
2022,7(a),8.9206,45.2328,Ammonia (NH3),54635.0,469.0462435895874,0,0,1,0,0,0,0,0
2024,7(a),11.3294,44.9014,Ammonia (NH3),77503.0,346.4911663316083,0,0,1,0,0,0,0,0
2024,3(c),,,Carbon dioxide (CO2),543138000.0,,0,0,0,1,0,0,0,0
2022,7(a),12.1566,45.5995,Ammonia (NH3),13547.2,411.9582255321011,0,0,1,0,0,0,0,0
2023,1(c),11.7586,42.1275,Nitrous oxide (N2O),18007.8,65.87472663400173,0,1,0,0,0,0,0,0
2023,1(c),9.6833,45.4333,Methane (CH4),434518.0,453.0399244961271,0,1,0,0,0,0,0,0
2024,3(c),10.093611,45.737778,Nitrogen oxides (NOX),298330.0,467.92007572776174,0,0,0,1,0,0,0,0
2022,2(b),17.1999,40.5167,Benzene,9499.74,422.49503361756746,0,0,0,0,0,0,1,0
2024,5(b),11.8675,44.3089,Mercury and compounds (as Hg),10.79,272.37145139395545,0,0,0,0,0,0,0,1
2023,1(c),14.5638,42.0497,Carbon dioxide (CO2),451843000.0,171.6756980077843,0,1,0,0,0,0,0,0
2024,7(a),10.7983,43.5044,Ammonia (NH3),19495.0,225.75389188624004,0,0,1,0,0,0,0,0
2023,7(a),10.0802,45.3384,Ammonia (NH3),12176.0,428.6304708525926,0,0,1,0,0,0,0,0
2024,7(a),9.8011,45.4889,Ammonia (NH3),19263.0,453.76198998481414,0,0,1,0,0,0,0,0
2021,1(c),9.8722,44.1111,Sulphur hexafluoride (SF6),109.28,325.2752753779727,0,1,0,0,0,0,0,0
2023,3(c),9.024167,39.469722,Carbon dioxide (CO2),129774000.0,398.5698826322054,0,0,0,1,0,0,0,0
2023,7(a),9.971667,45.023889,Ammonia (NH3),13111.0,402.3948130554078,0,0,1,0,0,0,0,0
2023,7(a),10.2797,45.4008,Ammonia (NH3),34540.0,427.85244269560184,0,0,1,0,0,0,0,0
2022,5(d),12.6369,42.7786,Methane (CH4),234970.0,98.06673450079657,0,0,0,0,0,0,0,1
2023,7(a),11.644778,45.490611,Ammonia (NH3),16346.0,404.7715694429616,0,0,1,0,0,0,0,0
2023,7(a),12.1026,44.0773,Ammonia (NH3),15953.0,243.90472490673287,0,0,1,0,0,0,0,0
2022,1(c),15.2022,37.1291,Arsenic and compounds (as As),43.1,579.2538732559473,0,1,0,0,0,0,0,0
2022,4(a),10.8376,45.1457,Hydro-fluorocarbons (HFCS),1823.5,384.57325764280205,1,0,0,0,0,0,0,0
2024,7(a),12.1755,45.8976,Ammonia (NH3),34805.0,444.9438234817582,0,0,1,0,0,0,0,0
2023,7(a),12.3975,45.705,Ammonia (NH3),15310.0,422.8597382375929,0,0,1,0,0,0,0,0
2024,5(b),13.7994,45.6111,Nitrogen oxides (NOX),210619.5,425.3992685321575,0,0,0,0,0,0,0,1
2024,1(c),10.3045,44.9289,Nitrogen oxides (NOX),127090.0,380.1816789487234,0,1,0,0,0,0,0,0
2022,7(a),13.248906,43.488567,Ammonia (NH3),29792.0,186.74351747192836,0,0,1,0,0,0,0,0
2024,1(c),12.2661,44.4844,Nitrogen oxides (NOX),119335.0,287.6669114626911,0,1,0,0,0,0,0,0
2023,9(c),10.7594,44.9961,Non-methane volatile organic compounds (NMVOC),285470.0,371.41796783549,0,0,0,0,1,0,0,0
2021,3(c),12.7167,42.0001,Nitrogen oxides (NOX),698948.0,21.188596822069414,0,0,0,1,0,0,0,0
2022,4(c),12.238056,44.445833,Nitrogen oxides (NOX),206040.0,283.54688050614993,1,0,0,0,0,0,0,0
2024,3(c),9.4667,45.6847,Carbon monoxide (CO),662620.6,485.68689503915584,0,0,0,1,0,0,0,0
2024,7(a),9.9183,45.4556,Ammonia (NH3),15473.0,446.0900273206258,0,0,1,0,0,0,0,0
2022,7(a),10.765833,45.061944,Ammonia (NH3),16443.0,377.987149637932,0,0,1,0,0,0,0,0
2023,1(c),13.7483,37.9691,Carbon monoxide (CO),1176460.0,450.22665809519594,0,1,0,0,0,0,0,0
2022,4(a),9.7667,45.7136,Carbon dioxide (CO2),109400959.6,476.9347657260154,1,0,0,0,0,0,0,0
2024,7(a),9.8353,45.2461,Ammonia (NH3),10320.0,429.07789885821626,0,0,1,0,0,0,0,0
2021,7(a),12.012,45.552,Ammonia (NH3),12506.0,407.63272664256453,0,0,1,0,0,0,0,0
2024,7(a),14.0737,42.5496,Ammonia (NH3),20970.0,148.45474117049594,0,0,1,0,0,0,0,0
2022,7(a),10.4417,45.4317,Ammonia (NH3),15484.0,425.7397714107975,0,0,1,0,0,0,0,0
2022,1(c),10.7146,45.3983,Carbon dioxide (CO2),356031340.0,414.2467731442831,0,1,0,0,0,0,0,0
2021,7(a),10.3821,45.4863,Ammonia (NH3),24050.0,433.1673437506241,0,0,1,0,0,0,0,0
2022,7(a),9.9278,45.4336,Ammonia (NH3),37140.0,443.58762798868474,0,0,1,0,0,0,0,0
2023,2(d),12.1489,45.5169,Copper and compounds (as Cu),276.37,402.8378534703248,0,0,0,0,0,0,1,0
2024,7(a),15.4634,41.3812,Ammonia (NH3),9385.5616,253.26493347550792,0,0,1,0,0,0,0,0
2024,7(a),10.0625,45.251944,Ammonia (NH3),17043.0,420.8138766941062,0,0,1,0,0,0,0,0
2022,7(a),9.7003,45.3219,Ammonia (NH3),14599.0,441.76292334580654,0,0,1,0,0,0,0,0
2024,7(a),11.8846,45.0124,Ammonia (NH3),11520.0,349.2769345426115,0,0,1,0,0,0,0,0
2023,7(a),9.525833,45.1869,Ammonia (NH3),23221.0,436.5906892448011,0,0,1,0,0,0,0,0
2021,2(b),10.459167,45.4625,Mercury and compounds (as Hg),56.4539,428.34294478117357,0,0,0,0,0,0,1,0
2023,1(a),10.3365,43.5872,Chlorine and inorganic compounds (as HCl),19662.0,257.2528399694245,0,1,0,0,0,0,0,0
2022,7(a)(ii),7.566944,44.756111,Ammonia (NH3),10540.0,509.3862770082603,0,0,1,0,0,0,0,0
2023,7(a)(ii),9.781944,45.115,Ammonia (NH3),17116.0,418.865996918717,0,0,1,0,0,0,0,0
2022,7(a),13.2389,43.4199,Ammonia (NH3),21704.0,179.2846937786241,0,0,1,0,0,0,0,0
2021,4(a),11.3403,44.3806,Non-methane volatile organic compounds (NMVOC),165000.0,291.0394415614443,1,0,0,0,0,0,0,0
2024,7(a),9.9644,45.2507,Ammonia (NH3),17485.0,424.4284967350915,0,0,1,0,0,0,0,0
2023,3(c),,,Nitrogen oxides (NOX),812500.0,,0,0,0,1,0,0,0,0
2022,5(d),8.2853,40.8156,Methane (CH4),111589.0,371.6230537273681,0,0,0,0,0,0,0,1
2022,3(c),12.7394,46.1778,Carbon dioxide (CO2),315027000.0,475.75427963107893,0,0,0,1,0,0,0,0
2021,1(c),16.2147,39.7111,Nitrogen oxides (NOX),346440.0,396.5827136030377,0,1,0,0,0,0,0,0
2022,8(b),8.0236,44.6986,Carbon dioxide (CO2),203510000.0,477.0019609773903,0,0,0,0,0,0,0,0
2021,7(a),10.9472,45.1469,Ammonia (NH3),19727.0,381.7189715643206,0,0,1,0,0,0,0,0
2024,8(b),8.3578,45.605,Nitrogen oxides (NOX),104856.9,528.9555710356506,0,0,0,0,0,0,0,0
2023,3(e),8.8501,45.4651,Nitrogen oxides (NOX),122750.0,492.7017569508096,0,0,0,1,0,0,0,0
2021,7(a),9.3603,45.2739,Ammonia (NH3),27196.0,451.92151195317103,0,0,1,0,0,0,0,0
2021,9(c),7.6311,45.0303,Nitrogen oxides (NOX),152932.0,524.3293632103936,0,0,0,0,1,0,0,0
2024,7(a),10.5777,45.3575,Ammonia (NH3),13807.0,413.9883781364581,0,0,1,0,0,0,0,0
2021,7(a)(i),12.2172,44.253,Ammonia (NH3),16168.0,262.31183231452013,0,0,1,0,0,0,0,0
2023,5(a),10.9114,44.8532,Chlorofluorocarbons (CFCs),1.116,352.1726932093828,0,0,0,0,0,0,0,1
2023,5(d),10.558333,42.965,Methane (CH4),195000.0,198.10260700583234,0,0,0,0,0,0,0,1
2024,7(a),10.8961,45.2628,Ammonia (NH3),16898.0,395.2025636866911,0,0,1,0,0,0,0,0
2022,7(a),10.5604,45.2548,Ammonia (NH3),26683.0,404.00208817022326,0,0,1,0,0,0,0,0
2022,7(a),12.568889,45.719444,Ammonia (NH3),13815.0,424.4312526944435,0,0,1,0,0,0,0,0
2024,7(a),11.620339,45.351461,Ammonia (NH3),14023.0,389.89531317051427,0,0,1,0,0,0,0,0
2022,9(c),13.4258,41.9964,Methane (CH4),610730.0,77.56184590909317,0,0,0,0,1,0,0,0
2024,1(c),11.5074,44.7742,Methane (CH4),144276.0,329.14342652297375,0,1,0,0,0,0,0,0
2024,2(b),10.3315,45.3735,Mercury and compounds (as Hg),18.671,423.3822421972733,0,0,0,0,0,0,1,0
2021,7(a),12.646361,42.701947,Ammonia (NH3),19080.0,89.71278217454618,0,0,1,0,0,0,0,0
2023,7(a),10.7597,44.9633,Ammonia (NH3),10831.0,368.0487575899815,0,0,1,0,0,0,0,0
2023,1(a),8.8768,45.0997,Nitrous oxide (N2O),18396.4,459.8924322368035,0,1,0,0,0,0,0,0
2021,7(a)(ii),8.6729,45.4251,Ammonia (NH3),12760.0,497.85778401190703,0,0,1,0,0,0,0,0
2021,7(a),10.3824,45.1673,Ammonia (NH3),54360.0,400.9681899188609,0,0,1,0,0,0,0,0
2023,7(a),10.3828,45.4119,Ammonia (NH3),25946.0,425.5909066542994,0,0,1,0,0,0,0,0
2023,1(c),12.2458,45.4313,Cadmium and compounds (as Cd),18.2613,392.8681219243284,0,1,0,0,0,0,0,0
2024,2(e),13.0167,43.7917,Cadmium and compounds (as Cd),10.44,214.2750579431643,0,0,0,0,0,0,1,0
2023,7(a),10.1401,45.1078,Ammonia (NH3),11520.0,403.836029348397,0,0,1,0,0,0,0,0
2024,1(c),7.9005,45.1854,Carbon dioxide (CO2),499376895.8,519.876589257793,0,1,0,0,0,0,0,0
2021,1(c),14.3761,40.9744,Nitrogen oxides (NOX),331500.0,187.63286365571642,0,1,0,0,0,0,0,0
2022,3(e),15.938142,41.6503009,Nitrogen oxides (NOX),209288.0,286.75917685947906,0,0,0,1,0,0,0,0
2021,4(e),7.7701,45.1432,Non-methane volatile organic compounds (NMVOC),209500.0,524.2692658113206,1,0,0,0,0,0,0,0
2023,1(c),14.301,40.834,Carbon dioxide (CO2),243867447.9,191.83111993626886,0,1,0,0,0,0,0,0
2022,5(b),10.2114,45.5119,Nitrogen oxides (NOX),248643.3,441.2971093995787,0,0,0,0,0,0,0,1
2021,1(c),9.4794,45.0899,Nitrogen oxides (NOX),630120.9,429.82876504034436,0,1,0,0,0,0,0,0
2023,5(d),10.8039,43.5667,Methane (CH4),1575400.0,230.94139994534785,0,0,0,0,0,0,0,1
2023,7(a),10.8261,44.9379,Ammonia (NH3),12780.0,363.4278836272409,0,0,1,0,0,0,0,0
2022,7(a),7.9603,44.4131,Ammonia (NH3),11150.0,461.7164317979635,0,0,1,0,0,0,0,0
2023,7(a),12.1566,45.5995,Ammonia (NH3),13547.2,411.9582255321011,0,0,1,0,0,0,0,0
2021,7(a),9.525833,45.436389,Ammonia (NH3),10453.0,459.7779440007498,0,0,1,0,0,0,0,0
2022,7(a),13.8574,42.5876,Ammonia (NH3),12800.0,135.4558229226069,0,0,1,0,0,0,0,0
2023,7(a),10.5193,45.3333,Ammonia (NH3),10211.0,413.2901832675441,0,0,1,0,0,0,0,0
2023,1(c),8.739,45.5212,Carbon monoxide (CO),1002086.0,502.9487066098593,0,1,0,0,0,0,0,0
2023,1(c),9.4,45.45,Methane (CH4),150068.0,466.3737875856662,0,1,0,0,0,0,0,0
2023,2(b),7.3222,45.7336,Mercury and compounds (as Hg),18.485,594.5464617042601,0,0,0,0,0,0,1,0
2024,2(b),11.5083,45.5194,Carbon monoxide (CO),1091485.3,409.9050166276053,0,0,0,0,0,0,1,0
2021,7(a),10.8428,45.5395,Ammonia (NH3),18544.4,425.63047931802157,0,0,1,0,0,0,0,0
2023,1(c),10.4494,43.3822,Nitrous oxide (N2O),12140.0,234.7079187361305,0,1,0,0,0,0,0,0
2022,3(c),13.0042,41.7367,Carbon dioxide (CO2),327223000.0,45.95489691933602,0,0,0,1,0,0,0,0
2022,3(c),16.4489,38.9141,Nitrogen oxides (NOX),172000.0,471.52423078778224,0,0,0,1,0,0,0,0
2024,7(a),11.9567,45.085,Ammonia (NH3),11720.0,356.51010691572037,0,0,1,0,0,0,0,0
2024,6(b),13.0739,46.2325,Non-methane volatile organic compounds (NMVOC),300950.0,483.64256280003474,0,0,0,0,0,1,0,0
2024,7(a),13.7019,42.5958,Ammonia (NH3),11764.0,125.62949050198593,0,0,1,0,0,0,0,0
2024,3(c),9.024167,39.469722,Carbon dioxide (CO2),120316000.0,398.5698826322054,0,0,0,1,0,0,0,0
2021,2(b),9.5969,45.6425,Zinc and compounds (as Zn),419.7,476.48876713324137,0,0,0,0,0,0,1,0
2021,1(a),8.8768,45.0997,Sulphur oxides (SOX),1844800.0,459.8924322368035,0,1,0,0,0,0,0,0
2021,7(a),10.9927,44.9895,Ammonia (NH3),16736.0,364.0418645383865,0,0,1,0,0,0,0,0
2021,3(a),16.0871,40.4101,Carbon dioxide (CO2),223482000.0,343.3499001389804,0,0,0,1,0,0,0,0
2021,2(d),12.6736,42.565,Mercury and compounds (as Hg),13.7,75.06453509768181,0,0,0,0,0,0,1,0
2024,4(b),12.2333,44.4333,Carbon monoxide (CO),528012.0,282.1861503637189,1,0,0,0,0,0,0,0
2023,1(c),8.8666,45.1002,Nitrous oxide (N2O),18800.0,460.4565851575858,0,1,0,0,0,0,0,0
2023,7(a),7.6492,44.4492,Ammonia (NH3),11823.0,484.28310295149066,0,0,1,0,0,0,0,0
2022,7(a),11.556667,45.227222,Ammonia (NH3),12232.0,377.3253772963938,0,0,1,0,0,0,0,0
2024,8(b),8.5825,45.425,Hydrochlorofluorocarbons (HCFCs),221.0,502.367040546723,0,0,0,0,0,0,0,0
2023,7(a),10.147714,45.353517,Ammonia (NH3),12934.0,427.69145178525247,0,0,1,0,0,0,0,0
2022,7(a),10.2883,45.3342,Ammonia (NH3),16812.0,420.8824085056446,0,0,1,0,0,0,0,0
2024,7(a),12.260886,44.212061,Ammonia (NH3),40049.0,257.48971930610776,0,0,1,0,0,0,0,0
2021,5(d),12.2057,44.4833,Methane (CH4),1645111.1,287.90402456135735,0,0,0,0,0,0,0,1
2024,7(a),10.094081,45.566629,Ammonia (NH3),12100.0,450.75189153112603,0,0,1,0,0,0,0,0
2021,7(a),10.7478,44.7425,Ammonia (NH3),10744.0,345.9732108516035,0,0,1,0,0,0,0,0
2021,2(b),17.1999,40.5167,Nickel and compounds (as Ni),435.49,422.49503361756746,0,0,0,0,0,0,1,0
2022,7(a),8.8867,45.2133,Ammonia (NH3),33690.0,469.05305255770776,0,0,1,0,0,0,0,0
2023,1(c),11.7586,42.1275,Chromium and compounds (as Cr),191.7711,65.87472663400173,0,1,0,0,0,0,0,0
2022,4(a),12.2667,45.4594,Carbon dioxide (CO2),337514000.0,395.9064965826192,1,0,0,0,0,0,0,0
2022,6(b),8.7167,45.2333,Ammonia (NH3),55700.0,479.3398056935004,0,0,0,0,0,1,0,0
2022,3(c),10.093611,45.737778,Nitrogen oxides (NOX),172100.0,467.92007572776174,0,0,0,1,0,0,0,0
2022,5(a),12.047,45.377542,Chlorofluorocarbons (CFCs),94.7,388.0604555525377,0,0,0,0,0,0,0,1
2023,7(a),10.9169,44.9233,Ammonia (NH3),13284.0,359.25998706511604,0,0,1,0,0,0,0,0
2021,2(f),8.7647,44.7764,Nitrogen oxides (NOX),159060.0,439.4212293439145,0,0,0,0,0,0,1,0
2023,4(e),9.3842,45.4164,Non-methane volatile organic compounds (NMVOC),339200.0,463.9409682792487,1,0,0,0,0,0,0,0
2022,7(a),9.9214,45.4117,Ammonia (NH3),10808.0,441.6930554046909,0,0,1,0,0,0,0,0
2023,3(e),9.093056,45.429722,Sulphur oxides (SOX),164410.0,478.16514829891844,0,0,0,1,0,0,0,0
2024,7(a),9.7858,45.0939,Ammonia (NH3),11997.0,416.7248609167934,0,0,1,0,0,0,0,0
2021,5(a),11.573889,42.374167,Hydrochlorofluorocarbons (HCFCs),9.49,92.37337609418306,0,0,0,0,0,0,0,1
2023,7(a),8.2072,45.3925,Ammonia (NH3),22920.0,519.1438594761113,0,0,1,0,0,0,0,0
2022,7(a),13.6366,43.1903,Ammonia (NH3),12710.0,170.93558412114717,0,0,1,0,0,0,0,0
2023,8(b),15.5514,40.6467,Hydro-fluorocarbons (HFCS),190.0,290.9859223459715,0,0,0,0,0,0,0,0
2022,7(a)(ii),9.98177,45.4412,Ammonia (NH3),14460.0,442.3306561424294,0,0,1,0,0,0,0,0
2024,3(c),16.2892,41.3167,Hydrogen cyanide (HCN),217.8249,321.96370092329715,0,0,0,1,0,0,0,0
2022,7(a)(i),9.5614,45.6436,Ammonia (NH3),17670.0,477.9910913847425,0,0,1,0,0,0,0,0
2021,7(a),12.6077,45.9476,Ammonia (NH3),13829.0,449.84942217845145,0,0,1,0,0,0,0,0
2021,5(d),8.373333,44.885556,Methane (CH4),554210.0,469.96900474889145,0,0,0,0,0,0,0,1
2021,2(b),13.2306,45.7883,Zinc and compounds (as Zn),574.61,436.03565456126165,0,0,0,0,0,0,1,0
2023,1(c),10.4494,43.3822,Nitrogen oxides (NOX),196058.0,234.7079187361305,0,1,0,0,0,0,0,0
2022,3(c),9.81,44.7667,Benzene,1378.0,385.45810832592576,0,0,0,1,0,0,0,0
2024,4(e),10.8325,44.5842,Trichloromethane,6071.508,327.1849297212658,1,0,0,0,0,0,0,0
2021,7(a),7.9603,44.4131,Ammonia (NH3),12285.0,461.7164317979635,0,0,1,0,0,0,0,0
2023,4(b),11.5921,44.856,Carbon dioxide (CO2),415651000.0,336.40887356733657,1,0,0,0,0,0,0,0
2022,7(a),11.8852,43.2213,Ammonia (NH3),22504.0,154.91926216062265,0,0,1,0,0,0,0,0
2022,4(a),12.2363,45.4438,Hydro-fluorocarbons (HFCS),436.4,394.29587462725914,1,0,0,0,0,0,0,0
2022,1(c),12.236944,44.448611,Nitrous oxide (N2O),30350.0,283.861566092513,0,1,0,0,0,0,0,0
2024,9(c),14.2753,40.9378,Non-methane volatile organic compounds (NMVOC),693500.0,183.0654843889624,0,0,0,0,1,0,0,0
2024,7(a),10.4306,44.7214,Ammonia (NH3),20145.0,355.16521117881325,0,0,1,0,0,0,0,0
2024,7(a),13.6366,43.1903,Ammonia (NH3),15819.0,170.93558412114717,0,0,1,0,0,0,0,0
2023,1(a),15.219444,37.135556,Sulphur oxides (SOX),2727506.0,579.1857861069731,0,1,0,0,0,0,0,0
2021,7(a),12.1628,45.0089,Ammonia (NH3),18730.0,346.4296882449504,0,0,1,0,0,0,0,0
2021,3(c),9.4667,45.6847,Nitrogen oxides (NOX),895318.0,485.68689503915584,0,0,0,1,0,0,0,0
2021,7(a),8.7853,45.1753,Ammonia (NH3),22380.0,470.94572006708864,0,0,1,0,0,0,0,0
2024,7(a),7.6681,44.4139,Ammonia (NH3),16171.0,480.84597016331213,0,0,1,0,0,0,0,0
2022,7(a),10.8764,45.0906,Ammonia (NH3),17466.0,377.7639219671862,0,0,1,0,0,0,0,0
2021,7(a)(iii),10.1033,45.2806,Ammonia (NH3),18330.0,422.10538243560444,0,0,1,0,0,0,0,0
2022,6(b),10.6042,43.8292,Nitrogen oxides (NOX),104780.0,263.92643707476645,0,0,0,0,0,1,0,0
2022,3(c),14.0658,41.4456,Carbon monoxide (CO),1083100.0,139.90801467376932,0,0,0,1,0,0,0,0
2021,3(a),16.0871,40.4101,Methane (CH4),146200.0,343.3499001389804,0,0,0,1,0,0,0,0
2022,7(a),10.0399,45.3625,Ammonia (NH3),14989.0,432.47342197714244,0,0,1,0,0,0,0,0
2023,6(b),11.05,45.0667,PCDD + PCDF (dioxins + furans) (as Teq),0.00402,370.6401970890199,0,0,0,0,0,1,0,0
2024,4(a),,,Perfluorocarbons (PFCs),26700.0,,1,0,0,0,0,0,0,0
2024,7(a),10.5739,44.9908,Ammonia (NH3),26750.0,376.78616163868645,0,0,1,0,0,0,0,0
2021,7(a),9.8861,44.8783,Ammonia (NH3),22439.0,392.32209579313763,0,0,1,0,0,0,0,0
2022,7(a),9.8615,45.4224,Ammonia (NH3),41070.0,445.00704592498516,0,0,1,0,0,0,0,0
2024,7(a),12.0861,44.102,Ammonia (NH3),17140.0,246.80460273120823,0,0,1,0,0,0,0,0
2022,4(e),9.3842,45.4164,Dichloromethane (DCM),3136.0,463.9409682792487,1,0,0,0,0,0,0,0
2021,3(c),12.7394,46.1778,Ammonia (NH3),37873.0,475.75427963107893,0,0,0,1,0,0,0,0
2023,4(a),8.375939,40.831425,Hydrochlorofluorocarbons (HCFCs),4.477,363.86151585055524,1,0,0,0,0,0,0,0
2023,7(a),7.5422,44.8428,Ammonia (NH3),11390.0,516.7639695797164,0,0,1,0,0,0,0,0
2022,7(a),12.1786,45.585,Ammonia (NH3),17720.0,410.2360563579321,0,0,1,0,0,0,0,0
2022,2(b),17.1999,40.5167,Non-methane volatile organic compounds (NMVOC),115650.0,422.49503361756746,0,0,0,0,0,0,1,0
2021,2(b),11.5006,45.5236,Copper and compounds (as Cu),106.5671,410.48270996553,0,0,0,0,0,0,1,0
2024,1(d),8.2897,44.3808,Nitrogen oxides (NOX),240614.0,438.54873299619953,0,1,0,0,0,0,0,0
2021,7(a),7.9481,44.4167,Ammonia (NH3),18730.0,462.7373543275506,0,0,1,0,0,0,0,0
2021,4(c),12.238056,44.445833,Ammonia (NH3),48565.0,283.54688050614993,1,0,0,0,0,0,0,0
2023,4(e),17.9567,40.6417,Non-methane volatile organic compounds (NMVOC),399760.0,477.28850834047483,1,0,0,0,0,0,0,0
2021,7(a),12.3228,45.9511,Ammonia (NH3),25277.0,450.36472544874243,0,0,1,0,0,0,0,0
2024,7(a),11.1708,45.2783,Ammonia (NH3),13119.0,390.2103266781317,0,0,1,0,0,0,0,0
2024,1(c),11.313167,45.019778,Carbon dioxide (CO2),115520000.0,359.4962804968079,0,1,0,0,0,0,0,0
2022,1(a),8.7858,45.4372,"1,1,1-trichloroethane (TCE-1,1,1)",387.5302,493.3600021474541,0,1,0,0,0,0,0,0
2023,9(c),9.3333,45.5667,Perfluorocarbons (PFCs),3259.0,480.07797140875863,0,0,0,0,1,0,0,0
2023,7(a),11.62252,45.2263,Ammonia (NH3),11819.0,376.1970784523805,0,0,1,0,0,0,0,0
2021,7(a),9.8555,45.1751,Ammonia (NH3),13051.0,421.49903302079076,0,0,1,0,0,0,0,0
2021,9(c),11.9572,45.3544,Non-methane volatile organic compounds (NMVOC),304000.0,386.2434632913226,0,0,0,0,1,0,0,0
2023,9(c),14.3427,41.0396,Non-methane volatile organic compounds (NMVOC),117400.0,181.31077164231885,0,0,0,0,1,0,0,0
2021,7(a),12.057,44.06,Ammonia (NH3),48477.0,242.51713730289214,0,0,1,0,0,0,0,0
2021,7(a)(ii),9.781944,45.115,Ammonia (NH3),17116.0,418.865996918717,0,0,1,0,0,0,0,0
2024,7(a),12.1097,44.569,Ammonia (NH3),46007.0,298.11730336383556,0,0,1,0,0,0,0,0
2022,7(a),10.0761,44.9185,Ammonia (NH3),16053.0,388.11545703543754,0,0,1,0,0,0,0,0
2024,2(b),17.1999,40.5167,Arsenic and compounds (as As),36.57,422.49503361756746,0,0,0,0,0,0,1,0
2022,3(c),15.180555,37.194444,Carbon dioxide (CO2),419549000.0,571.8128643506107,0,0,0,1,0,0,0,0
2021,2(b),11.5083,45.5194,Carbon monoxide (CO),1579248.0,409.9050166276053,0,0,0,0,0,0,1,0
2022,3(g),11.419486,45.056481,Benzene,1373.918,361.26813648737505,0,0,0,1,0,0,0,0
2022,4(b),10.4739,43.4089,Carbon dioxide (CO2),291913000.0,235.36059793219042,1,0,0,0,0,0,0,0
2023,7(a),10.6125,45.2039,Ammonia (NH3),32977.0,397.19130743601784,0,0,1,0,0,0,0,0
2022,1(c),14.1129,41.1774,Carbon dioxide (CO2),926577000.0,156.8614940772323,0,1,0,0,0,0,0,0
2023,7(a),10.2613,45.201,Ammonia (NH3),44090.0,408.54594083217023,0,0,1,0,0,0,0,0
2024,7(a),11.8771,45.7125,Ammonia (NH3),12826.0,426.5203418973374,0,0,1,0,0,0,0,0
2022,7(a),10.8392,45.3097,Ammonia (NH3),12303.0,401.61655007337293,0,0,1,0,0,0,0,0
2024,7(a),9.7364,45.2351,Ammonia (NH3),22309.0,432.06991799589383,0,0,1,0,0,0,0,0
2022,7(a),10.4308,45.2204,Ammonia (NH3),41910.0,404.6708812925521,0,0,1,0,0,0,0,0
2022,7(a),9.3197,45.3129,Ammonia (NH3),10514.0,457.29560943944966,0,0,1,0,0,0,0,0
2023,7(a),10.1753,45.3947,Ammonia (NH3),24400.0,430.8094953246309,0,0,1,0,0,0,0,0
2023,2(f),12.6844,42.9675,Hydro-fluorocarbons (HFCS),228.0,119.39022642475813,0,0,0,0,0,0,1,0
2022,7(a),9.786667,45.4725,Ammonia (NH3),27431.0,452.7316675999643,0,0,1,0,0,0,0,0
2021,7(a),11.701692,45.613953,Ammonia (NH3),32054.0,417.5615154861689,0,0,1,0,0,0,0,0
2023,9(c),9.8286,45.5517,Non-methane volatile organic compounds (NMVOC),116226.0,458.81982578694243,0,0,0,0,1,0,0,0
2023,5(a),9.4092,45.5814,Chlorofluorocarbons (CFCs),3.76,478.26352720300173,0,0,0,0,0,0,0,1
2023,7(a),9.9097,45.2067,Ammonia (NH3),63340.0,422.33686367590235,0,0,1,0,0,0,0,0
2024,7(a),9.954722,45.47,Ammonia (NH3),19500.0,446.1493729631761,0,0,1,0,0,0,0,0
2022,3(c),9.024167,39.469722,Nitrogen oxides (NOX),426681.0,398.5698826322054,0,0,0,1,0,0,0,0
2022,9(c),11.8992,45.1822,Non-methane volatile organic compounds (NMVOC),131405.0,367.81268560986774,0,0,0,0,1,0,0,0
2023,7(a),12.348437,44.131454,Ammonia (NH3),11724.0,248.10667871963895,0,0,1,0,0,0,0,0
2023,2(e),8.4079,39.2091,Cadmium and compounds (as Cd),11.69,457.08909962129064,0,0,0,0,0,0,1,0
2024,1(c),11.7654,42.1231,Nitrogen oxides (NOX),102170.0,65.17174386427507,0,1,0,0,0,0,0,0
2023,3(e),10.8997,43.7139,Arsenic and compounds (as As),26.061,239.8251737876945,0,0,0,1,0,0,0,0
2024,7(a),13.2921,43.5365,Ammonia (NH3),32738.0,192.9362423014547,0,0,1,0,0,0,0,0
2021,7(a),9.966944,45.443333,Ammonia (NH3),25280.0,443.08539861505756,0,0,1,0,0,0,0,0
2022,7(a),10.8095,45.0619,Ammonia (NH3),24508.0,376.6967265516976,0,0,1,0,0,0,0,0
2022,2(b),13.0778,46.2306,Carbon monoxide (CO),550000.0,483.46211416770933,0,0,0,0,0,0,1,0
2021,3(a),16.0871,40.4101,Sulphur oxides (SOX),225655.0,343.3499001389804,0,0,0,1,0,0,0,0
2021,7(a)(i),7.6564,44.7448,Ammonia (NH3),12980.0,502.9883303437169,0,0,1,0,0,0,0,0
2021,2(e),8.7622,45.2842,Nitrogen oxides (NOX),106156.1,481.3472687010468,0,0,0,0,0,0,1,0
2023,4(e),9.7828,45.6836,Non-methane volatile organic compounds (NMVOC),102178.0,473.4049560693992,1,0,0,0,0,0,0,0
2022,1(c),15.4759,41.2018,Nitrogen oxides (NOX),229820.0,259.8801424448694,0,1,0,0,0,0,0,0
2022,7(a),9.9297,45.0903,Ammonia (NH3),24848.0,410.4182855616139,0,0,1,0,0,0,0,0
2021,3(e),9.08,45.417778,Nitrogen oxides (NOX),241725.0,477.6953317555612,0,0,0,1,0,0,0,0
2021,2(b),17.1999,40.5167,PCDD + PCDF (dioxins + furans) (as Teq),0.00137,422.49503361756746,0,0,0,0,0,0,1,0
2022,7(a),7.76,44.7,Ammonia (NH3),13273.0,493.4589256967627,0,0,1,0,0,0,0,0
2021,2(b),17.1999,40.5167,Zinc and compounds (as Zn),2939.34,422.49503361756746,0,0,0,0,0,0,1,0
2021,7(a),11.9317,44.206,Ammonia (NH3),13150.0,260.17972893024216,0,0,1,0,0,0,0,0
2021,1(c),17.9919,40.6411,Carbon monoxide (CO),643000.0,480.12109605671674,0,1,0,0,0,0,0,0
2024,3(g),12.4124,42.7773,Nitrogen oxides (NOX),143200.0,97.48473182952472,0,0,0,1,0,0,0,0
2023,7(a),10.5753,44.9625,Ammonia (NH3),11916.0,373.88940280209664,0,0,1,0,0,0,0,0
2024,7(a),13.198908,43.490586,Ammonia (NH3),37309.0,185.65154824625148,0,0,1,0,0,0,0,0
2022,8(b),9.4494,45.5108,Hydro-fluorocarbons (HFCS),190.6,469.95746879916686,0,0,0,0,0,0,0,0
2023,1(a),15.1905,37.2216,Nitrogen oxides (NOX),2413676.1,569.3767495576742,0,1,0,0,0,0,0,0
2023,7(a),9.8615,45.4224,Ammonia (NH3),41070.0,445.00704592498516,0,0,1,0,0,0,0,0
2021,7(a),12.348437,44.131454,Ammonia (NH3),14913.0,248.10667871963895,0,0,1,0,0,0,0,0
2021,2(e),9.920278,45.540278,Zinc and compounds (as Zn),394.756,454.307705987385,0,0,0,0,0,0,1,0
2022,7(a)(ii),8.9644,45.0942,Ammonia (NH3),11530.0,454.97684420220054,0,0,1,0,0,0,0,0
2021,6(b),7.5397,45.2533,Nitrogen oxides (NOX),107000.0,545.9014159132201,0,0,0,0,0,1,0,0
2024,7(a),10.5547,45.2547,Ammonia (NH3),13659.0,404.1691415462678,0,0,1,0,0,0,0,0
2021,7(a),12.832944,46.001725,Ammonia (NH3),10679.0,456.5739084851514,0,0,1,0,0,0,0,0
2022,7(a),7.4553,44.8448,Ammonia (NH3),13366.0,522.3518223950214,0,0,1,0,0,0,0,0
2023,1(c),9.4359,45.3345,Carbon dioxide (CO2),1252899770.0,454.1275854590648,0,1,0,0,0,0,0,0
2022,5(d),17.4758,40.4881,Methane (CH4),457400.0,445.2515291620903,0,0,0,0,0,0,0,1
2024,7(a),10.9375,44.9931,Ammonia (NH3),19371.0,365.9251179103965,0,0,1,0,0,0,0,0
2022,4(a),,,Carbon dioxide (CO2),213054180.0,,1,0,0,0,0,0,0,0
2023,4(a),9.7667,45.7136,Carbon monoxide (CO),6797668.9,476.9347657260154,1,0,0,0,0,0,0,0
2021,7(a),11.8771,45.7125,Ammonia (NH3),11832.0,426.5203418973374,0,0,1,0,0,0,0,0
2022,3(a),16.0871,40.4101,Nitrous oxide (N2O),12000.0,343.3499001389804,0,0,0,1,0,0,0,0
2021,1(c),10.2292,45.5635,Hydro-fluorocarbons (HFCS),920.0,445.9020632114172,0,1,0,0,0,0,0,0
2022,7(a),10.235056,45.207861,Ammonia (NH3),17646.0,410.16037177929945,0,0,1,0,0,0,0,0
2024,5(a),9.342778,45.513056,Hydrochlorofluorocarbons (HCFCs),40.0,474.6832325961527,0,0,0,0,0,0,0,1
2023,4(b),10.7951,42.9236,Sulphur oxides (SOX),333441.0,179.9690791802994,1,0,0,0,0,0,0,0
2024,2(d),12.1489,45.5169,Nickel and compounds (as Ni),68.84,402.8378534703248,0,0,0,0,0,0,1,0
2024,1(a),8.9466,44.5752,Nitrogen oxides (NOX),112967.8,413.42809160734026,0,1,0,0,0,0,0,0
2024,7(a),13.385475,42.0542,Ammonia (NH3),11260.0,75.39572084760931,0,0,1,0,0,0,0,0
2021,7(a),12.0511,44.4681,Ammonia (NH3),15778.0,287.5226761084846,0,0,1,0,0,0,0,0
2023,1(c),11.9045,44.3163,Nitrogen oxides (NOX),120840.0,272.634114693117,0,1,0,0,0,0,0,0
2023,4(a),12.2667,45.4594,Nitrogen oxides (NOX),258000.0,395.9064965826192,1,0,0,0,0,0,0,0
2021,5(c),8.6425,39.7947,Methane (CH4),130000.0,399.96533653476916,0,0,0,0,0,0,0,1
2021,7(a),12.386111,44.053333,Ammonia (NH3),10299.0,239.2965497068425,0,0,1,0,0,0,0,0
2023,4(e),9.0333,45.5833,Non-methane volatile organic compounds (NMVOC),367748.0,494.744318907263,1,0,0,0,0,0,0,0
2023,7(a),9.295617,45.18505,Ammonia (NH3),23927.0,446.8568670391226,0,0,1,0,0,0,0,0
2022,1(a),8.8768,45.0997,Arsenic and compounds (as As),66.0,459.8924322368035,0,1,0,0,0,0,0,0
2021,8(b),11.201944,45.24368,Non-methane volatile organic compounds (NMVOC),129760.0,385.83280619241486,0,0,0,0,0,0,0,0
2023,2(e),9.8061,45.1922,Carbon monoxide (CO),879036.8,425.14004008084015,0,0,0,0,0,0,1,0
2023,4(b),12.2333,44.4333,Carbon dioxide (CO2),207815000.0,282.1861503637189,1,0,0,0,0,0,0,0
2022,7(a),7.6874,44.8144,Ammonia (NH3),19173.0,505.78124980244866,0,0,1,0,0,0,0,0
2023,2(b),10.3315,45.3735,Mercury and compounds (as Hg),45.642,423.3822421972733,0,0,0,0,0,0,1,0
2024,2(b),10.2008,45.6489,Anthracene,451.0,455.4495951039566,0,0,0,0,0,0,1,0
2022,3(c),11.8367,43.6581,Nitrogen oxides (NOX),604100.0,202.46809270796382,0,0,0,1,0,0,0,0
2023,7(a),12.0453,45.5939,Ammonia (NH3),25270.0,412.0259065778375,0,0,1,0,0,0,0,0
2023,6(b),8.7167,45.2333,Non-methane volatile organic compounds (NMVOC),113200.0,479.3398056935004,0,0,0,0,0,1,0,0
2023,5(b),9.6097,45.6356,Carbon dioxide (CO2),199521300.0,475.32489616255566,0,0,0,0,0,0,0,1
2021,9(c),9.4614,45.685,Non-methane volatile organic compounds (NMVOC),151161.0,485.9282401989016,0,0,0,0,1,0,0,0
2024,3(c),16.2892,41.3167,Nitrogen oxides (NOX),321120.0,321.96370092329715,0,0,0,1,0,0,0,0
2021,7(a),11.0713,44.9401,Ammonia (NH3),27313.0,356.788811869361,0,0,1,0,0,0,0,0
2021,2(b),12.6667,42.5667,Carbon dioxide (CO2),375961000.0,75.14187357873665,0,0,0,0,0,0,1,0
2024,7(a),10.1128,45.4094,Ammonia (NH3),32950.0,434.4658242028589,0,0,1,0,0,0,0,0
2024,5(d),11.0867,44.8194,Methane (CH4),202320.0,343.73689296360493,0,0,0,0,0,0,0,1
2022,2(a),10.2269,45.5333,Copper and compounds (as Cu),145.02,442.934350852115,0,0,0,0,0,0,1,0
2022,3(e),12.9114,45.7825,Sulphur oxides (SOX),257401.5,432.68306868071477,0,0,0,1,0,0,0,0
2021,7(a),11.8937,45.7123,Ammonia (NH3),19675.0,426.3453141840256,0,0,1,0,0,0,0,0
2021,2(e),14.2956,41.0225,Sulphur oxides (SOX),429000.0,179.04284453919206,0,0,0,0,0,0,1,0
2023,7(a),10.527,45.2206,Ammonia (NH3),15280.0,401.56887284311426,0,0,1,0,0,0,0,0
2023,7(a),10.1633,45.3314,Ammonia (NH3),25890.0,424.9472056124557,0,0,1,0,0,0,0,0
2024,7(a),10.1004,45.3433,Ammonia (NH3),13422.0,428.37885013413637,0,0,1,0,0,0,0,0
2021,7(a),10.8179,45.0899,Ammonia (NH3),23698.0,379.3479112993645,0,0,1,0,0,0,0,0
2024,3(c),,,Nitrogen oxides (NOX),488322.6,,0,0,0,1,0,0,0,0
2022,3(c),9.4667,45.6847,Carbon monoxide (CO),855402.0,485.68689503915584,0,0,0,1,0,0,0,0
2024,7(a),10.1994,45.1942,Ammonia (NH3),10517.0,410.0970895487763,0,0,1,0,0,0,0,0
2024,7(a),7.4758,44.795,Ammonia (NH3),19715.0,517.738554941606,0,0,1,0,0,0,0,0
2022,4(e),8.0153,44.2144,Hydro-fluorocarbons (HFCS),1343.0,445.5530500261605,1,0,0,0,0,0,0,0
2023,2(b),11.0708,45.3331,Nitrogen oxides (NOX),190200.0,398.3032399103224,0,0,0,0,0,0,1,0
2024,3(e),11.0928,45.1436,Carbon dioxide (CO2),109354000.0,377.69529539990066,0,0,0,1,0,0,0,0
2022,4(a),9.0328,45.5222,Hydro-fluorocarbons (HFCS),745.5,489.2461839941154,1,0,0,0,0,0,0,0
2023,7(a),10.1019,45.0048,Ammonia (NH3),11160.0,395.34354005536096,0,0,1,0,0,0,0,0
2021,7(a),11.0216,45.2784,Ammonia (NH3),17458.0,393.6742758319448,0,0,1,0,0,0,0,0
2023,8(c),11.3889,44.5328,Hydro-fluorocarbons (HFCS),381.0,305.89477684753956,0,0,0,0,0,0,0,0
2022,7(a),7.851667,44.576111,Ammonia (NH3),12500.0,479.36895543929313,0,0,1,0,0,0,0,0
2022,7(a),10.188695,45.287259,Ammonia (NH3),12960.0,419.67282265662976,0,0,1,0,0,0,0,0
2022,1(c),15.4237,41.6578,Carbon dioxide (CO2),889961351.6,244.23944851357126,0,1,0,0,0,0,0,0
2024,2(b),9.9469,45.1494,Carbon dioxide (CO2),401890000.0,415.3672054730542,0,0,0,0,0,0,1,0
2021,7(a),10.9483,44.9781,Ammonia (NH3),12500.0,364.064871399501,0,0,1,0,0,0,0,0
2022,7(a),11.8947,45.8333,Ammonia (NH3),13910.0,439.7013981084139,0,0,1,0,0,0,0,0
2023,7(a),9.995,45.3697,Ammonia (NH3),17166.0,434.8388891268442,0,0,1,0,0,0,0,0
2021,3(e),14.7333,42.0667,Nitrogen oxides (NOX),569413.0,185.7787565112474,0,0,0,1,0,0,0,0
2023,3(c),9.4667,45.6847,Mercury and compounds (as Hg),10.5,485.68689503915584,0,0,0,1,0,0,0,0
2024,3(e),15.938142,41.6503009,Nitrogen oxides (NOX),194151.0,286.75917685947906,0,0,0,1,0,0,0,0
2024,5(d),12.1436,44.0833,Methane (CH4),361671.8,244.15178584014328,0,0,0,0,0,0,0,1
2024,1(c),16.2147,39.7111,Nitrogen oxides (NOX),243340.0,396.5827136030377,0,1,0,0,0,0,0,0
2024,7(a),10.5831,44.9775,Ammonia (NH3),11770.0,375.140046982053,0,0,1,0,0,0,0,0
2022,5(d),10.5833,43.6422,Methane (CH4),207800.0,248.56502710271536,0,0,0,0,0,0,0,1
2024,7(a)(ii),9.8925,45.2036,Ammonia (NH3),15448.0,422.7253223266113,0,0,1,0,0,0,0,0
2024,9(c),13.532778,45.804444,Non-methane volatile organic compounds (NMVOC),147715.0,441.7186661820599,0,0,0,0,1,0,0,0
2021,3(c),10.0333,45.7167,Carbon dioxide (CO2),128207000.0,467.82069491437875,0,0,0,1,0,0,0,0
2023,7(a),9.7756,45.2617,Ammonia (NH3),64874.0,432.9783135219371,0,0,1,0,0,0,0,0
2022,2(d),9.5542,45.6972,Benzene,1292.4,483.41435738157145,0,0,0,0,0,0,1,0
2021,7(a),10.0195,45.2352,Ammonia (NH3),17520.0,420.81011309304284,0,0,1,0,0,0,0,0
2024,1(c),8.9992,39.2282,Nitrogen oxides (NOX),592616.0,419.1101676815729,0,1,0,0,0,0,0,0
2024,5(d),12.7676,41.4838,Methane (CH4),148350.0,51.7469211767934,0,0,0,0,0,0,0,1
2022,7(a),11.3398,45.3061,Ammonia (NH3),11202.0,389.7077397348138,0,0,1,0,0,0,0,0
2023,7(a),12.359722,44.133889,Ammonia (NH3),15573.0,248.33438557468116,0,0,1,0,0,0,0,0
2021,7(a),10.2033,45.0994,Ammonia (NH3),10450.0,400.6424613618816,0,0,1,0,0,0,0,0
2021,1(c),11.7586,42.1275,Nitrogen oxides (NOX),1021380.0,65.87472663400173,0,1,0,0,0,0,0,0
2024,5(f),9.297903,45.420094,Nitrous oxide (N2O),24310.0,468.05702068733507,0,0,0,0,0,0,0,1
2024,7(a),9.7522,45.4597,Ammonia (NH3),37030.0,452.8383352362398,0,0,1,0,0,0,0,0
2023,7(a),7.3458,44.8653,Ammonia (NH3),20065.0,530.6295186485146,0,0,1,0,0,0,0,0
2022,7(a),10.1297,44.8472,Ammonia (NH3),31167.0,379.1454686981345,0,0,1,0,0,0,0,0
2022,1(a),15.1905,37.2216,Nitrogen oxides (NOX),2392000.0,569.3767495576742,0,1,0,0,0,0,0,0
2024,1(a),17.193,40.4892,Nitrous oxide (N2O),17380.0,423.1599159692294,0,1,0,0,0,0,0,0
2021,1(c),9.0197,40.2392,Nitrogen oxides (NOX),203060.0,345.1538185907066,0,1,0,0,0,0,0,0
2024,1(c),9.7104,45.0545,Carbon dioxide (CO2),245709210.1,416.28976618018316,0,1,0,0,0,0,0,0
2022,7(a),11.9317,44.206,Ammonia (NH3),15660.0,260.17972893024216,0,0,1,0,0,0,0,0
2023,5(d),8.85,44.4666,Methane (CH4),2275579.5,410.6203623249786,0,0,0,0,0,0,0,1
2024,7(a),12.260278,44.185,Ammonia (NH3),11877.0,254.4931321007524,0,0,1,0,0,0,0,0
2023,7(a),12.7467,46.0939,Ammonia (NH3),15991.0,466.45820250475316,0,0,1,0,0,0,0,0
2021,7(a),10.5104,45.187606,Ammonia (NH3),32270.0,398.7535616393953,0,0,1,0,0,0,0,0
2023,7(a),9.8837,45.2535,Ammonia (NH3),16756.0,427.85533723073735,0,0,1,0,0,0,0,0
2024,7(a),9.6361,45.6031,Ammonia (NH3),11642.0,471.16874350565706,0,0,1,0,0,0,0,0
2021,7(a),12.1432,45.6082,Ammonia (NH3),12809.0,412.99579937624657,0,0,1,0,0,0,0,0
2022,7(a),10.9402,45.3247,Ammonia (NH3),25886.0,400.57047768573455,0,0,1,0,0,0,0,0
2024,7(a),7.7338,45.2724,Ammonia (NH3),17316.0,536.0274493436497,0,0,1,0,0,0,0,0
2023,2(b),11.5006,45.5236,Nickel and compounds (as Ni),102.0,410.48270996553,0,0,0,0,0,0,1,0
2024,7(a),7.8431,45.4989,Ammonia (NH3),12348.0,547.3736082651238,0,0,1,0,0,0,0,0
2024,7(a),11.0812,45.076,Ammonia (NH3),11962.0,370.8371695722947,0,0,1,0,0,0,0,0
2022,4(b),8.7952,45.4334,Nitrogen oxides (NOX),582051.0,492.57280171328154,1,0,0,0,0,0,0,0
2021,1(a),15.1905,37.2216,Nitrogen oxides (NOX),2239151.8,569.3767495576742,0,1,0,0,0,0,0,0
2021,7(a),10.183611,45.172222,Ammonia (NH3),12360.0,408.51208165737415,0,0,1,0,0,0,0,0
2024,5(d),10.4742,43.463,Methane (CH4),647800.0,239.6108764644126,0,0,0,0,0,0,0,1
2021,7(a),7.7783,44.7236,Ammonia (NH3),14582.0,493.91400956416254,0,0,1,0,0,0,0,0
2024,1(c),12.6308,41.5494,Nitrogen oxides (NOX),215992.4,40.84851703727441,0,1,0,0,0,0,0,0
2021,7(a),11.0103,45.0928,Ammonia (NH3),12555.0,374.3997894222247,0,0,1,0,0,0,0,0
2021,7(a),8.18,45.4742,Ammonia (NH3),12618.0,527.2431918757889,0,0,1,0,0,0,0,0
2022,7(a),12.3989,45.5761,Ammonia (NH3),19156.0,408.52732644771555,0,0,1,0,0,0,0,0
2024,3(c),10.0333,45.7167,Ammonia (NH3),11788.8,467.82069491437875,0,0,0,1,0,0,0,0
2024,4(b),12.25,44.45,Carbon dioxide (CO2),188245000.0,283.93915705228454,1,0,0,0,0,0,0,0
2024,1(c),15.1825,37.1791,Nitrogen oxides (NOX),295480.7,573.451982183205,0,1,0,0,0,0,0,0
2022,2(b),7.3222,45.7336,PCDD + PCDF (dioxins + furans) (as Teq),0.000325,594.5464617042601,0,0,0,0,0,0,1,0
2021,2(b),10.2269,45.5333,Zinc and compounds (as Zn),415.7622,442.934350852115,0,0,0,0,0,0,1,0
2022,5(b),8.7776,45.2804,Carbon dioxide (CO2),260453000.0,480.25011833890966,0,0,0,0,0,0,0,1
2024,7(a),12.0842,44.1364,Ammonia (NH3),17124.0,250.61446430559553,0,0,1,0,0,0,0,0
2023,5(b),14.1103,41.5136,Nitrogen oxides (NOX),141846.0,140.78649673602848,0,0,0,0,0,0,0,1
2023,7(a),11.3572,45.0995,Ammonia (NH3),12885.0,367.1293258633771,0,0,1,0,0,0,0,0
2022,1(c),11.4777,43.5643,Carbon dioxide (CO2),534071336.8,202.61650375491504,0,1,0,0,0,0,0,0
2021,1(c),16.5486,40.4175,Carbon dioxide (CO2),132409819.2,377.24502367551094,0,1,0,0,0,0,0,0
2021,9(c),14.4505,42.1459,Non-methane volatile organic compounds (NMVOC),1023141.0,163.65709695868992,0,0,0,0,1,0,0,0
2024,7(a),7.683,45.188,Ammonia (NH3),17329.0,532.6819879183805,0,0,1,0,0,0,0,0
2022,1(c),17.0326,39.1022,Carbon dioxide (CO2),520243060.0,493.91500700012966,0,1,0,0,0,0,0,0
2022,1(c),11.1387,45.0593,Nitrogen oxides (NOX),619044.0,367.66839201636236,0,1,0,0,0,0,0,0
2021,7(a),7.6374,44.7775,Ammonia (NH3),10290.0,506.38621218607653,0,0,1,0,0,0,0,0
2021,5(d),7.5864,45.1026,Methane (CH4),935000.0,532.1883745219691,0,0,0,0,0,0,0,1
2022,3(c),14.0658,41.4456,Nitrogen oxides (NOX),1088000.0,139.90801467376932,0,0,0,1,0,0,0,0
2022,4(b),10.4739,43.4089,Hydrochlorofluorocarbons (HCFCs),165.34,235.36059793219042,1,0,0,0,0,0,0,0
2022,7(a)(i),7.6564,44.7448,Ammonia (NH3),10759.0,502.9883303437169,0,0,1,0,0,0,0,0
2023,7(a)(ii),9.7883,45.1765,Ammonia (NH3),10503.0,424.38934622761906,0,0,1,0,0,0,0,0
2021,7(a),12.2103,44.0025,Ammonia (NH3),10446.0,234.63371488009653,0,0,1,0,0,0,0,0
2022,7(a),11.9979,43.011153,Ammonia (NH3),10600.0,129.85060422402802,0,0,1,0,0,0,0,0
2021,9(c),14.268,40.9145,Non-methane volatile organic compounds (NMVOC),241830.0,184.12838928953803,0,0,0,0,1,0,0,0
2023,6(b),13.0739,46.2325,Ammonia (NH3),150660.0,483.64256280003474,0,0,0,0,0,1,0,0
2024,7(a),10.6416,45.1652,Ammonia (NH3),16969.0,392.338422014634,0,0,1,0,0,0,0,0
2024,7(a),10.5193,45.3333,Ammonia (NH3),10572.0,413.2901832675441,0,0,1,0,0,0,0,0
2021,1(c),11.7586,42.1275,Benzene,1084.574,65.87472663400173,0,1,0,0,0,0,0,0
2023,7(a),9.7744,45.5614,Ammonia (NH3),12950.0,461.80887571490143,0,0,1,0,0,0,0,0
2021,1(c),15.9735,38.4408,Nitrogen oxides (NOX),234000.0,485.15807676212285,0,1,0,0,0,0,0,0
2021,4(e),7.7701,45.1432,Dichloromethane (DCM),80800.0,524.2692658113206,1,0,0,0,0,0,0,0
2021,7(a),13.935196,42.657161,Ammonia (NH3),11900.0,145.07303599532997,0,0,1,0,0,0,0,0
2022,4(e),9.1165,45.5203,Chlorofluorocarbons (CFCs),79.15,485.2830860928126,1,0,0,0,0,0,0,0
2021,9(c),7.6311,45.0303,Non-methane volatile organic compounds (NMVOC),423945.0,524.3293632103936,0,0,0,0,1,0,0,0
2024,7(a),11.644778,45.490611,Ammonia (NH3),19129.0,404.7715694429616,0,0,1,0,0,0,0,0
2022,5(d),11.005353,44.195589,Methane (CH4),126345.8,282.2583115419842,0,0,0,0,0,0,0,1
2023,3(c),10.093611,45.737778,Nitrogen oxides (NOX),227100.0,467.92007572776174,0,0,0,1,0,0,0,0
2023,1(c),11.5074,44.7742,Methane (CH4),196211.0,329.14342652297375,0,1,0,0,0,0,0,0
2022,6(b),13.0169,46.3939,Carbon dioxide (CO2),125471610.0,501.10795103302587,0,0,0,0,0,1,0,0
2022,7(a),7.519722,44.736111,Ammonia (NH3),22440.0,511.0573477479774,0,0,1,0,0,0,0,0
2024,6(b),11.05,45.0667,Zinc and compounds (as Zn),2200.9,370.6401970890199,0,0,0,0,0,1,0,0
2023,2(d),11.796,45.0706,Benzene,1792.853,356.7424169062214,0,0,0,0,0,0,1,0
2021,5(d),10.5833,43.6422,Methane (CH4),936900.0,248.56502710271536,0,0,0,0,0,0,0,1
2021,3(c),16.2892,41.3167,Carbon dioxide (CO2),311324010.0,321.96370092329715,0,0,0,1,0,0,0,0
2024,6(b),13.0739,46.2325,Nitrogen oxides (NOX),397140.0,483.64256280003474,0,0,0,0,0,1,0,0
2024,5(b),10.2114,45.5119,Nitrogen oxides (NOX),199149.7,441.2971093995787,0,0,0,0,0,0,0,1
2023,7(a)(i),13.109,43.3826,Ammonia (NH3),17840.0,172.00489660364755,0,0,1,0,0,0,0,0
2021,7(a)(ii),10.382778,45.411944,Ammonia (NH3),41130.0,425.5960726050107,0,0,1,0,0,0,0,0
2021,7(a),9.98,45.5531,Ammonia (NH3),20239.0,453.4097765982143,0,0,1,0,0,0,0,0
2022,1(c),15.268,38.1977,Carbon dioxide (CO2),351761000.0,474.6827614028966,0,1,0,0,0,0,0,0
2022,7(a),10.9786,44.9625,Ammonia (NH3),10012.0,361.60602857703395,0,0,1,0,0,0,0,0
2021,7(a),9.2287,44.9021,Ammonia (NH3),28990.0,425.26558144775674,0,0,1,0,0,0,0,0
2024,4(a),12.235556,44.4455,Non-methane volatile organic compounds (NMVOC),140299.0,283.52500163154707,1,0,0,0,0,0,0,0
2023,4(e),9.3747,45.4044,Non-methane volatile organic compounds (NMVOC),564000.0,463.2452754182313,1,0,0,0,0,0,0,0
2024,7(a),12.3814,44.0025,Ammonia (NH3),18764.0,233.66342984182612,0,0,1,0,0,0,0,0
2024,1(c),16.6566,38.875,Nitrogen oxides (NOX),351040.0,487.2165784775803,0,1,0,0,0,0,0,0
2021,9(c),9.3167,45.9167,Non-methane volatile organic compounds (NMVOC),122460.0,513.7905559199239,0,0,0,0,1,0,0,0
2022,7(a),12.121994,45.666217,Ammonia (NH3),14146.0,419.5494001415701,0,0,1,0,0,0,0,0
2022,7(a),11.9464,45.7189,Ammonia (NH3),14956.0,426.6166354354654,0,0,1,0,0,0,0,0
2021,7(a),10.6305,44.817,Ammonia (NH3),11469.0,357.4086607578076,0,0,1,0,0,0,0,0
2022,7(a),10.1667,45.1608,Ammonia (NH3),10007.0,408.01563573570667,0,0,1,0,0,0,0,0
2024,7(a),10.353333,45.368611,Ammonia (NH3),10110.0,422.16986840291037,0,0,1,0,0,0,0,0
2021,7(a),13.385475,42.0542,Ammonia (NH3),10470.0,75.39572084760931,0,0,1,0,0,0,0,0
2024,1(c),9.4,45.45,Methane (CH4),148537.0,466.3737875856662,0,1,0,0,0,0,0,0
2024,4(a),15.1752,37.2191,Carbon dioxide (CO2),222255000.0,569.10296764055,1,0,0,0,0,0,0,0
2024,7(a),10.898994,44.985167,Ammonia (NH3),17170.0,366.1820399649486,0,0,1,0,0,0,0,0
2022,7(a),12.293358,45.782458,Ammonia (NH3),51650.0,431.7050607940209,0,0,1,0,0,0,0,0
2023,7(a),10.540942,44.797533,Ammonia (NH3),12231.0,358.58873459492736,0,0,1,0,0,0,0,0
2022,7(a),9.55785,45.285233,Ammonia (NH3),11171.0,444.29069020281884,0,0,1,0,0,0,0,0
2024,7(a),10.9492,45.1239,Ammonia (NH3),11039.0,379.25815162556347,0,0,1,0,0,0,0,0
2023,5(d),8.373333,44.885556,Methane (CH4),499640.0,469.96900474889145,0,0,0,0,0,0,0,1
2022,5(d),12.2633,43.4028,Methane (CH4),925100.0,167.87802139193857,0,0,0,0,0,0,0,1
2023,6(b),10.5167,44.9167,Zinc and compounds (as Zn),1387.0,371.29893725265117,0,0,0,0,0,1,0,0
2022,7(a),10.8428,45.5395,Ammonia (NH3),18878.0,425.63047931802157,0,0,1,0,0,0,0,0
2021,3(c),12.7167,42.0001,Ammonia (NH3),11048.0,21.188596822069414,0,0,0,1,0,0,0,0
2024,7(a),8.0536,44.7963,Ammonia (NH3),21769.0,482.11985765221243,0,0,1,0,0,0,0,0
2024,7(a),10.1401,45.1078,Ammonia (NH3),11520.0,403.836029348397,0,0,1,0,0,0,0,0
2024,7(a),8.1345,45.4249,Ammonia (NH3),20647.0,525.6569957465897,0,0,1,0,0,0,0,0
2022,1(a),15.1905,37.2216,Chromium and compounds (as Cr),456.8336,569.3767495576742,0,1,0,0,0,0,0,0
2023,7(a),10.573055,44.998333,Ammonia (NH3),51125.0,377.573565377842,0,0,1,0,0,0,0,0
2023,7(a),10.4333,45.4667,Ammonia (NH3),16502.0,429.57019016780146,0,0,1,0,0,0,0,0
2023,1(c),10.2292,45.5635,Hydro-fluorocarbons (HFCS),230.0,445.9020632114172,0,1,0,0,0,0,0,0
2024,1(c),10.4494,43.3816,Nitrogen oxides (NOX),214922.0,234.66174872826318,0,1,0,0,0,0,0,0
2022,1(c),12.4432,42.3621,Methane (CH4),361817.0,51.25989552939951,0,1,0,0,0,0,0,0
2021,7(a),10.3362,44.6492,Ammonia (NH3),676000.0,351.8823234639824,0,0,1,0,0,0,0,0
2023,1(c),12.2003,42.9946,Carbon dioxide (CO2),206252998.1,123.80937782008826,0,1,0,0,0,0,0,0
2023,8(b),11.0996,45.4208,Hydro-fluorocarbons (HFCS),167.1,406.9822354600954,0,0,0,0,0,0,0,0
2021,7(b),14.2864,41.9544,Ammonia (NH3),12600.0,148.1890080175871,0,0,1,0,0,0,0,0
2023,2(e),13.0167,43.7917,Chlorine and inorganic compounds (as HCl),13700.0,214.2750579431643,0,0,0,0,0,0,1,0
2022,7(a),10.155,45.454167,Ammonia (NH3),17814.0,437.4367150846399,0,0,1,0,0,0,0,0
2021,7(a),9.6467,45.1239,Ammonia (NH3),31574.0,425.4845983942671,0,0,1,0,0,0,0,0
2022,7(a),12.3806,45.9436,Ammonia (NH3),16644.0,449.41201775218593,0,0,1,0,0,0,0,0
2021,1(c),13.7483,37.9691,Carbon monoxide (CO),1155115.0,450.22665809519594,0,1,0,0,0,0,0,0
2022,7(a),12.380556,44.085278,Ammonia (NH3),11513.0,242.8632230917925,0,0,1,0,0,0,0,0
2023,2(b),11.0,45.4333,Arsenic and compounds (as As),31.2,410.5887775813313,0,0,0,0,0,0,1,0
2023,9(c),11.3992,45.3093,Non-methane volatile organic compounds (NMVOC),347754.0,388.93979019538864,0,0,0,0,1,0,0,0
2024,7(a),10.9795,45.2133,Ammonia (NH3),20528.0,387.85366050737025,0,0,1,0,0,0,0,0
2021,3(c),7.5,44.2833,Mercury and compounds (as Hg),14.4,484.2811228602819,0,0,0,1,0,0,0,0
2023,7(a),12.1097,44.569,Methane (CH4),138988.0,298.11730336383556,0,0,1,0,0,0,0,0
2021,5(d),10.8924,45.8945,Methane (CH4),120400.0,462.06055993461314,0,0,0,0,0,0,0,1
2023,1(c),13.5455,45.7969,Carbon dioxide (CO2),305627000.0,441.0889789395028,0,1,0,0,0,0,0,0
2024,7(a),8.18,45.4742,Ammonia (NH3),19000.0,527.2431918757889,0,0,1,0,0,0,0,0
2024,7(a),11.972,45.886,Ammonia (NH3),11181.0,444.89738010761147,0,0,1,0,0,0,0,0
2022,7(a),9.4467,45.5417,Ammonia (NH3),18804.0,472.97217380983216,0,0,1,0,0,0,0,0
2024,5(d),10.885,44.8517,Methane (CH4),147020.0,352.7993035479356,0,0,0,0,0,0,0,1
2023,9(c),15.7367,41.0689,Non-methane volatile organic compounds (NMVOC),419229.0,285.3722831934332,0,0,0,0,1,0,0,0
2021,3(a),13.7821,44.077,Nitrogen oxides (NOX),148617.0,263.3982981708442,0,0,0,1,0,0,0,0
2021,3(c),12.5467,43.3636,Nitrogen oxides (NOX),662569.0,162.48565083014304,0,0,0,1,0,0,0,0
2021,1(d),8.2897,44.3808,Nitrogen oxides (NOX),233400.0,438.54873299619953,0,1,0,0,0,0,0,0
2023,1(c),11.7654,42.1231,Carbon dioxide (CO2),187297000.0,65.17174386427507,0,1,0,0,0,0,0,0
2022,5(d),7.5864,45.1026,Methane (CH4),515000.0,532.1883745219691,0,0,0,0,0,0,0,1
2021,3(c),18.1997,40.1678,Ammonia (NH3),16900.0,515.6671288858599,0,0,0,1,0,0,0,0
2021,7(a),7.4656,44.4447,Ammonia (NH3),15597.0,496.1561334775003,0,0,1,0,0,0,0,0
2023,7(a),12.7097,46.0478,Methane (CH4),130171.0,461.21837966978154,0,0,1,0,0,0,0,0
2022,8(b),,,Nitrogen oxides (NOX),108211.0,,0,0,0,0,0,0,0,0
2022,3(c),,,Carbon dioxide (CO2),120950000.0,,0,0,0,1,0,0,0,0
2023,1(c),11.2511,45.0297,Nitrogen oxides (NOX),180902.0,361.9154505330853,0,1,0,0,0,0,0,0
2023,7(a)(ii),9.2394,45.2897,Ammonia (NH3),11291.0,458.8481184917276,0,0,1,0,0,0,0,0
2023,3(c),9.81,44.7667,Carbon monoxide (CO),1346470.0,385.45810832592576,0,0,0,1,0,0,0,0
2022,7(a),11.1982,44.83,Ammonia (NH3),19495.0,341.97559063328293,0,0,1,0,0,0,0,0
2021,7(a)(ii),10.1778,45.1722,Ammonia (NH3),13368.0,408.7236564081497,0,0,1,0,0,0,0,0
2022,1(c),9.2828,45.4172,Carbon dioxide (CO2),120528257.0,468.4601167335642,0,1,0,0,0,0,0,0
2022,7(a),10.3433,45.1253,Ammonia (NH3),26160.0,398.1350476789066,0,0,1,0,0,0,0,0
2021,7(a),12.313056,43.941667,Ammonia (NH3),19808.0,227.2024811025456,0,0,1,0,0,0,0,0
2021,7(a),9.818333,45.382778,Ammonia (NH3),22511.0,442.8499407258963,0,0,1,0,0,0,0,0
2022,7(a),7.6624,44.8982,Ammonia (NH3),15594.0,513.1184705441993,0,0,1,0,0,0,0,0
2021,7(a)(ii),9.3925,45.2244,Ammonia (NH3),15334.0,445.96931078254045,0,0,1,0,0,0,0,0
2023,4(a),,,Nitrogen oxides (NOX),108789.0,,1,0,0,0,0,0,0,0
2024,7(a),10.8836,44.9178,Ammonia (NH3),30500.0,359.65515938708734,0,0,1,0,0,0,0,0
2021,3(c),12.259722,45.815833,Nitrogen oxides (NOX),267012.4,435.5224044699912,0,0,0,1,0,0,0,0
2022,3(c),12.6178,43.2844,Ammonia (NH3),29300.0,153.94793754868223,0,0,0,1,0,0,0,0
2022,7(a),7.639478,44.508831,Ammonia (NH3),10586.0,488.664187958199,0,0,1,0,0,0,0,0
2023,5(a),7.5856,45.0381,Nitrogen oxides (NOX),188158.4,527.6333775226544,0,0,0,0,0,0,0,1
2022,7(a),7.7522,44.8627,Ammonia (NH3),11082.0,505.1329162042976,0,0,1,0,0,0,0,0
2021,7(a),12.612778,46.053889,Ammonia (NH3),41153.0,461.67380473819304,0,0,1,0,0,0,0,0
2023,1(c),16.2147,39.7111,Carbon dioxide (CO2),986234000.0,396.5827136030377,0,1,0,0,0,0,0,0
2023,7(a),12.2214,43.2443,Ammonia (NH3),19423.0,150.8578317039756,0,0,1,0,0,0,0,0
2021,1(a),15.219444,37.135556,Hydro-fluorocarbons (HFCS),475.0,579.1857861069731,0,1,0,0,0,0,0,0
2021,5(b),11.5535,44.8605,Carbon dioxide (CO2),130183000.0,337.58657673341173,0,0,0,0,0,0,0,1
2023,1(c),11.5833,44.8499,Nitrogen oxides (NOX),341459.0,335.9030476325577,0,1,0,0,0,0,0,0
2022,7(a),11.0706,44.9297,Ammonia (NH3),11806.0,355.7159397819654,0,0,1,0,0,0,0,0
2023,7(a),10.313139,44.940611,Ammonia (NH3),16920.0,381.0033968786184,0,0,1,0,0,0,0,0
2021,4(b),8.7952,45.4334,Nitrogen oxides (NOX),277309.0,492.57280171328154,1,0,0,0,0,0,0,0
2022,7(a),9.2717,45.1892,Ammonia (NH3),41720.0,448.3417808084118,0,0,1,0,0,0,0,0
2024,7(a),10.6428,45.1961,Ammonia (NH3),17200.0,395.46596604352055,0,0,1,0,0,0,0,0
2023,2(b),7.9431,44.3878,Zinc and compounds (as Zn),213.0,461.19956903962077,0,0,0,0,0,0,1,0
2021,3(e),8.2942,44.3525,Nitrogen oxides (NOX),116540.0,436.35674602538546,0,0,0,1,0,0,0,0
2023,7(a),12.614639,45.658361,Ammonia (NH3),11435.0,417.7070580616357,0,0,1,0,0,0,0,0
2024,1(a),15.1905,37.2216,Chromium and compounds (as Cr),181.0341,569.3767495576742,0,1,0,0,0,0,0,0
2024,1(c),15.2022,37.1291,Carbon dioxide (CO2),867388000.0,579.2538732559473,0,1,0,0,0,0,0,0
2021,7(a),9.5862,45.4042,Ammonia (NH3),32070.0,454.2390005457822,0,0,1,0,0,0,0,0
2021,7(a)(ii),7.5558,44.9264,Ammonia (NH3),15608.0,521.6358995056487,0,0,1,0,0,0,0,0
2022,7(a),11.3572,45.0995,Nitrous oxide (N2O),13317.0,367.1293258633771,0,0,1,0,0,0,0,0
2024,2(e),14.2956,41.0225,Cadmium and compounds (as Cd),18.69,179.04284453919206,0,0,0,0,0,0,1,0
2023,7(a),11.8947,45.8333,Ammonia (NH3),13910.0,439.7013981084139,0,0,1,0,0,0,0,0
2023,1(a),15.2723,38.2027,Nickel and compounds (as Ni),98.14,474.37811556178303,0,1,0,0,0,0,0,0
2024,2(e),8.7622,45.2842,Ammonia (NH3),11963.3,481.3472687010468,0,0,0,0,0,0,1,0
2021,4(e),9.7981,45.68,Non-methane volatile organic compounds (NMVOC),110681.5,472.48931598030384,1,0,0,0,0,0,0,0
2023,7(a)(ii),7.3302,44.4561,Ammonia (NH3),10534.0,505.88895806078744,0,0,1,0,0,0,0,0
2023,7(a),10.0506,45.0964,Ammonia (NH3),33620.0,406.17945503669534,0,0,1,0,0,0,0,0
2024,7(a),10.219167,45.361667,Ammonia (NH3),11002.0,425.9964372254666,0,0,1,0,0,0,0,0
2024,7(a),7.484965,44.802753,Ammonia (NH3),10210.0,517.6740842805381,0,0,1,0,0,0,0,0
2022,3(a),15.8972,40.3136,Methane (CH4),150300.0,335.23428566249964,0,0,0,1,0,0,0,0
2023,7(a),9.9336,45.1333,Ammonia (NH3),16458.0,414.3595350358576,0,0,1,0,0,0,0,0
2021,5(c),10.8221,43.1284,Ammonia (NH3),13100.0,193.39231246932712,0,0,0,0,0,0,0,1
2021,1(c),15.0005,41.9372,Nitrogen oxides (NOX),136734.5,207.21151513826103,0,1,0,0,0,0,0,0
2023,7(a),10.0335,44.7903,Ammonia (NH3),21633.0,377.78172318226456,0,0,1,0,0,0,0,0
2021,4(a),12.2363,45.4438,Hydrochlorofluorocarbons (HCFCs),19.0,394.29587462725914,1,0,0,0,0,0,0,0
2024,7(a),10.9606,44.793,Ammonia (NH3),19942.0,344.51705480905605,0,0,1,0,0,0,0,0
2023,7(a),9.8156,45.2261,Methane (CH4),110384.0,427.9690109246469,0,0,1,0,0,0,0,0
2022,3(e),9.08,45.417778,Zinc and compounds (as Zn),264.55,477.6953317555612,0,0,0,1,0,0,0,0
2024,7(a),12.167853,44.246331,Ammonia (NH3),11058.0,261.9509083816329,0,0,1,0,0,0,0,0
2024,7(a),11.81072,45.11723,Ammonia (NH3),12118.0,361.6762304353077,0,0,1,0,0,0,0,0
2021,7(a),10.020556,45.294722,Ammonia (NH3),50390.0,426.56201654300463,0,0,1,0,0,0,0,0
2023,7(a),13.3268,46.0815,Ammonia (NH3),14125.0,469.366932158377,0,0,1,0,0,0,0,0
2021,3(e),10.3858,43.7061,Carbon dioxide (CO2),102735000.0,264.2817592979229,0,0,0,1,0,0,0,0
2023,1(a),13.3813,43.6395,Nitrogen oxides (NOX),327000.0,206.17477195412638,0,1,0,0,0,0,0,0
2022,5(d),11.6161,43.5561,Methane (CH4),535560.0,197.3963648294752,0,0,0,0,0,0,0,1
2021,1(c),9.9167,44.9833,Methane (CH4),210544.0,400.8304232185023,0,1,0,0,0,0,0,0
2024,9(c),8.9967,45.6008,Non-methane volatile organic compounds (NMVOC),265719.0,497.98225290146166,0,0,0,0,1,0,0,0
2024,7(a),13.9494,42.3745,Ammonia (NH3),19818.0,130.78117650488363,0,0,1,0,0,0,0,0
2024,1(c),15.1825,37.1791,Carbon dioxide (CO2),842020000.0,573.451982183205,0,1,0,0,0,0,0,0
2022,7(a),10.4747,45.0525,Ammonia (NH3),16880.0,386.3232975866797,0,0,1,0,0,0,0,0
2022,7(a),10.183611,45.172222,Ammonia (NH3),12820.0,408.51208165737415,0,0,1,0,0,0,0,0
2021,7(a),9.9014,45.5608,Ammonia (NH3),26280.0,457.0127532585118,0,0,1,0,0,0,0,0
2021,7(a),10.9857,44.812,Ammonia (NH3),22376.0,345.76006033109917,0,0,1,0,0,0,0,0
2024,1(c),16.6566,38.875,Carbon dioxide (CO2),1043810000.0,487.2165784775803,0,1,0,0,0,0,0,0
2022,7(a),12.0842,44.1364,Ammonia (NH3),17190.0,250.61446430559553,0,0,1,0,0,0,0,0
2022,7(a),9.9612,45.3253,Ammonia (NH3),16520.0,431.7821411707818,0,0,1,0,0,0,0,0
2023,2(b),17.1999,40.5167,Cadmium and compounds (as Cd),10.27,422.49503361756746,0,0,0,0,0,0,1,0
2024,3(g),13.156512,41.737048,Lead and compounds (as Pb),713.47,57.723071073441965,0,0,0,1,0,0,0,0
2023,1(c),11.7586,42.1275,Cadmium and compounds (as Cd),15.4895,65.87472663400173,0,1,0,0,0,0,0,0
2024,1(a),15.219444,37.135556,Carbon dioxide (CO2),1338847000.0,579.1857861069731,0,1,0,0,0,0,0,0
2023,7(a),10.9425,44.7485,Ammonia (NH3),15475.0,340.46048958204676,0,0,1,0,0,0,0,0
2024,6(b),13.0739,46.2325,PCDD + PCDF (dioxins + furans) (as Teq),0.00017,483.64256280003474,0,0,0,0,0,1,0,0
2024,7(a)(ii),9.781944,45.115,Ammonia (NH3),17116.0,418.865996918717,0,0,1,0,0,0,0,0
2021,7(a),10.1607,45.4418,Ammonia (NH3),21410.0,436.00697447621354,0,0,1,0,0,0,0,0
2022,8(b),8.0236,44.6986,Hydro-fluorocarbons (HFCS),754.0,477.0019609773903,0,0,0,0,0,0,0,0
2024,3(e),11.1135,45.0051,Cadmium and compounds (as Cd),16.6,362.5554497680829,0,0,0,1,0,0,0,0
2023,7(a)(ii),9.3834,45.25,Ammonia (NH3),13107.0,448.70761466712275,0,0,1,0,0,0,0,0
2022,1(c),15.2164,37.1399,Carbon dioxide (CO2),258232404.0,578.6358064271149,0,1,0,0,0,0,0,0
2024,7(a),11.0957,45.1357,Ammonia (NH3),14157.0,376.7894877561654,0,0,1,0,0,0,0,0
2023,1(c),9.6831,45.3286,Methane (CH4),489430.0,443.1028237477304,0,1,0,0,0,0,0,0
2021,7(a),10.5469,44.9964,Ammonia (NH3),29186.0,378.2513880849198,0,0,1,0,0,0,0,0
2023,7(a),7.65,44.55,Ammonia (NH3),11864.0,490.6012271219226,0,0,1,0,0,0,0,0
2022,7(a),12.8435,45.9534,Ammonia (NH3),12349.0,451.2617608401903,0,0,1,0,0,0,0,0
2021,7(a),10.4361,45.35,Ammonia (NH3),12950.0,417.6064251359434,0,0,1,0,0,0,0,0
2022,3(c),9.7186,45.0497,Ammonia (NH3),25973.0,415.4886311061949,0,0,0,1,0,0,0,0
2022,3(e),9.6395,45.5201,Nitrogen oxides (NOX),124030.0,463.0780622267851,0,0,0,1,0,0,0,0
2023,7(a),7.4879,44.8941,Ammonia (NH3),10535.0,523.6345096461334,0,0,1,0,0,0,0,0
2024,5(f),9.194364,45.523583,Nitrous oxide (N2O),13010.0,482.113554758115,0,0,0,0,0,0,0,1
2024,7(a),9.295617,45.18505,Ammonia (NH3),19963.0,446.8568670391226,0,0,1,0,0,0,0,0
2023,3(c),11.966666,45.877777,Nitrogen oxides (NOX),228814.0,444.0279993253838,0,0,0,1,0,0,0,0
2022,1(c),11.7586,42.1275,Carbon dioxide (CO2),5379086000.0,65.87472663400173,0,1,0,0,0,0,0,0
2021,7(a),9.3512,45.1834,Ammonia (NH3),13503.0,444.1401429047182,0,0,1,0,0,0,0,0
2023,3(c),9.7186,45.0497,Carbon dioxide (CO2),330208000.0,415.4886311061949,0,0,0,1,0,0,0,0
2022,3(c),9.7186,45.0497,Carbon dioxide (CO2),382199000.0,415.4886311061949,0,0,0,1,0,0,0,0
2021,7(a),13.8921,42.6847,Ammonia (NH3),10900.0,144.00268511610722,0,0,1,0,0,0,0,0
2024,1(c),10.8354,45.149,Carbon dioxide (CO2),1730937850.0,384.9776214382663,0,1,0,0,0,0,0,0
2024,7(a),11.729444,45.197778,Ammonia (NH3),12310.0,371.5566361446931,0,0,1,0,0,0,0,0
2022,7(a),12.356389,44.032222,Ammonia (NH3),12540.0,237.0547021561387,0,0,1,0,0,0,0,0
2024,5(d),10.8724,45.8891,Methane (CH4),234216.4,461.9336518217225,0,0,0,0,0,0,0,1
2023,7(a),10.286971,45.117336,Ammonia (NH3),11467.0,399.3472344522974,0,0,1,0,0,0,0,0
2021,1(c),14.1129,41.1774,Nitrogen oxides (NOX),239800.0,156.8614940772323,0,1,0,0,0,0,0,0
2024,7(a),7.753365,45.279709,Ammonia (NH3),22050.0,535.4551795073916,0,0,1,0,0,0,0,0
2021,1(c),11.7586,42.1275,Nickel and compounds (as Ni),126.9776,65.87472663400173,0,1,0,0,0,0,0,0
2024,7(a),10.587386,45.243386,Ammonia (NH3),13100.0,402.0016634553424,0,0,1,0,0,0,0,0
2022,7(a),12.0181,43.1059,Ammonia (NH3),14710.0,139.4053899790899,0,0,1,0,0,0,0,0
2024,5(b),11.3079,46.4674,Carbon dioxide (CO2),151450000.0,516.3138632388552,0,0,0,0,0,0,0,1
2024,7(a),11.063,44.6782,Ammonia (NH3),12378.0,329.6816716902238,0,0,1,0,0,0,0,0
2022,7(a),10.8322,45.2642,Ammonia (NH3),13400.0,397.0551957704893,0,0,1,0,0,0,0,0
2022,1(a),15.219444,37.135556,Nickel and compounds (as Ni),383.55,579.1857861069731,0,1,0,0,0,0,0,0
2024,1(c),17.9919,40.6411,Nitrogen oxides (NOX),666876.0,480.12109605671674,0,1,0,0,0,0,0,0
2021,7(a),10.8261,44.9379,Ammonia (NH3),15617.0,363.4278836272409,0,0,1,0,0,0,0,0
2024,5(b),10.9439,44.6714,Carbon dioxide (CO2),195292382.8,332.4959009741118,0,0,0,0,0,0,0,1
2023,1(c),12.6308,41.5494,Nitrogen oxides (NOX),123239.5,40.84851703727441,0,1,0,0,0,0,0,0
2021,1(c),13.4158,46.5038,Methane (CH4),232830.0,516.8196264194823,0,1,0,0,0,0,0,0
2022,1(c),17.2152,40.5108,Carbon dioxide (CO2),3745729000.0,423.94185302872364,0,1,0,0,0,0,0,0
2023,1(c),12.4432,42.3621,Carbon dioxide (CO2),102855000.0,51.25989552939951,0,1,0,0,0,0,0,0
2024,7(a),9.9273,45.4194,Ammonia (NH3),10460.0,442.2213914340987,0,0,1,0,0,0,0,0
2024,7(a),10.9169,44.9233,Ammonia (NH3),14169.0,359.25998706511604,0,0,1,0,0,0,0,0
2022,3(c),13.258717,42.463755,Carbon dioxide (CO2),160242000.0,88.52024109973759,0,0,0,1,0,0,0,0
2021,1(c),8.9733,45.0286,Nitrogen oxides (NOX),171407.6,448.95765443327025,0,1,0,0,0,0,0,0
2024,7(a),7.8929,44.9578,Ammonia (NH3),12296.0,503.4174089559602,0,0,1,0,0,0,0,0
2023,7(a),12.8947,46.031,Ammonia (NH3),15914.0,460.13854676182467,0,0,1,0,0,0,0,0
2023,7(a),7.737222,44.703889,Ammonia (NH3),11474.0,495.15219283204493,0,0,1,0,0,0,0,0
2023,7(a),10.204,45.2189,Ammonia (NH3),13270.0,412.36641173141743,0,0,1,0,0,0,0,0
2021,7(a),12.343889,44.127222,Ammonia (NH3),10608.0,247.65490646377256,0,0,1,0,0,0,0,0
2024,1(c),9.6491,45.2219,Nitrogen oxides (NOX),200777.7,434.4931203224939,0,1,0,0,0,0,0,0
2024,1(a),9.0113,39.0971,Benzene,7979.15,429.0677199992063,0,1,0,0,0,0,0,0
2023,3(c),10.8333,45.5792,Carbon dioxide (CO2),145472000.0,430.048733792792,0,0,0,1,0,0,0,0
2023,8(b),10.5114,45.3706,Hydro-fluorocarbons (HFCS),426.3,417.34435983802274,0,0,0,0,0,0,0,0
2023,7(a),10.1128,45.4094,Ammonia (NH3),42560.0,434.4658242028589,0,0,1,0,0,0,0,0
2022,7(a),7.3056,44.4147,Ammonia (NH3),10692.0,505.1014740126237,0,0,1,0,0,0,0,0
2022,4(e),8.6356,45.5045,Hydro-fluorocarbons (HFCS),122.0,506.5324174448095,1,0,0,0,0,0,0,0
2023,7(a),10.1992,45.4786,Ammonia (NH3),23830.0,438.366642760002,0,0,1,0,0,0,0,0
2022,5(d),11.4875,44.7325,Methane (CH4),544231.0,325.0546245199025,0,0,0,0,0,0,0,1
2021,7(a),9.9273,45.4194,Ammonia (NH3),17835.0,442.2213914340987,0,0,1,0,0,0,0,0
2022,7(a),10.99,43.3651,Ammonia (NH3),15550.0,204.01392740585015,0,0,1,0,0,0,0,0
2024,4(c),12.238056,44.445833,Nitrogen oxides (NOX),198400.0,283.54688050614993,1,0,0,0,0,0,0,0
2023,7(a),10.3558,45.1489,Ammonia (NH3),27362.0,400.0479036243928,0,0,1,0,0,0,0,0
2023,4(e),10.8325,44.5842,Trichloromethane,7996.042,327.1849297212658,1,0,0,0,0,0,0,0
2022,7(a),12.7097,46.0478,Ammonia (NH3),72048.0,461.21837966978154,0,0,1,0,0,0,0,0
2022,7(a)(i),12.783056,41.495,Ammonia (NH3),13770.0,51.21124936018818,0,0,1,0,0,0,0,0
2023,7(a),10.094081,45.566629,Ammonia (NH3),14920.0,450.75189153112603,0,0,1,0,0,0,0,0
2023,7(a),9.6444,45.3345,Ammonia (NH3),31860.0,445.2572561014441,0,0,1,0,0,0,0,0
2022,5(b),14.1103,41.5136,Carbon dioxide (CO2),127927093.0,140.78649673602848,0,0,0,0,0,0,0,1
2024,4(a),10.8376,45.1457,Hydro-fluorocarbons (HFCS),353.3,384.57325764280205,1,0,0,0,0,0,0,0
2023,2(b),15.8136,40.635,Hydrogen cyanide (HCN),1981.5,310.9916304131043,0,0,0,0,0,0,1,0
2024,7(a),11.2169,44.8392,Ammonia (NH3),28144.0,342.487816089263,0,0,1,0,0,0,0,0
2022,7(a),11.8781,45.7128,Ammonia (NH3),16910.0,426.5441296944465,0,0,1,0,0,0,0,0
2021,7(a),11.9869,43.1454,Ammonia (NH3),18000.0,144.34084897811667,0,0,1,0,0,0,0,0
2023,7(a),7.5633,44.6922,Ammonia (NH3),13948.0,505.3940875422444,0,0,1,0,0,0,0,0
2024,7(a),11.9686,45.0014,Ammonia (NH3),10100.0,347.1703986282376,0,0,1,0,0,0,0,0
2022,7(a),9.3194,45.3119,Ammonia (NH3),34776.0,457.2181426786513,0,0,1,0,0,0,0,0
2023,7(a),9.3603,45.2739,Ammonia (NH3),17072.0,451.92151195317103,0,0,1,0,0,0,0,0
2022,7(a),9.7011,45.0869,Ammonia (NH3),40814.0,419.6958274575044,0,0,1,0,0,0,0,0
2022,5(d),11.7264,42.8483,Methane (CH4),229020.0,122.6935294008584,0,0,0,0,0,0,0,1
2023,7(a),11.89794,44.84211,Ammonia (NH3),27409.0,330.39370196694586,0,0,1,0,0,0,0,0
2024,3(c),12.7394,46.1778,Naphthalene,135.6983,475.75427963107893,0,0,0,1,0,0,0,0
2024,1(c),7.6763,44.9925,Nitrous oxide (N2O),17340.0,518.9089994637612,0,1,0,0,0,0,0,0
2022,7(a),8.7044,45.2328,Methane (CH4),152181.0,479.92703519196357,0,0,1,0,0,0,0,0
2021,7(a),12.4894,42.6533,Methane (CH4),124200.0,83.4537794865594,0,0,1,0,0,0,0,0
2021,9(b),11.3389,45.5264,Non-methane volatile organic compounds (NMVOC),237063.0,413.5127348650149,0,0,0,0,1,0,0,0
2021,1(c),9.4794,45.0899,Copper and compounds (as Cu),646.9288,429.82876504034436,0,1,0,0,0,0,0,0
2021,3(c),16.6569,40.6753,Carbon monoxide (CO),596172.0,373.3984326170081,0,0,0,1,0,0,0,0
2024,3(c),14.0658,41.4456,Carbon monoxide (CO),1007800.0,139.90801467376932,0,0,0,1,0,0,0,0
2021,4(e),9.0397,45.6164,Dichloromethane (DCM),83568.06,497.46179291525067,1,0,0,0,0,0,0,0
2021,5(b),8.7776,45.2804,Carbon dioxide (CO2),338516000.0,480.25011833890966,0,0,0,0,0,0,0,1
2024,4(a),9.7667,45.7136,Benzene,1644.0,476.9347657260154,1,0,0,0,0,0,0,0
2024,7(a),10.8814,44.9161,Ammonia (NH3),19600.0,359.54403080220254,0,0,1,0,0,0,0,0
2021,1(a),15.2723,38.2027,Nickel and compounds (as Ni),118.8,474.37811556178303,0,1,0,0,0,0,0,0
2022,7(a),10.1004,45.3433,Ammonia (NH3),14494.0,428.37885013413637,0,0,1,0,0,0,0,0
2022,7(a),9.7364,45.2351,Ammonia (NH3),41984.0,432.06991799589383,0,0,1,0,0,0,0,0
2022,7(a),10.4882,45.3531,Methane (CH4),121653.0,416.27701212763094,0,0,1,0,0,0,0,0
2024,7(a),10.9125,44.7194,Ammonia (NH3),18581.0,338.3779000862353,0,0,1,0,0,0,0,0
2022,9(c),7.6311,45.0303,Non-methane volatile organic compounds (NMVOC),441622.0,524.3293632103936,0,0,0,0,1,0,0,0
2024,3(c),9.4667,45.6847,Benzene,2281.7,485.68689503915584,0,0,0,1,0,0,0,0
2024,7(a),7.5942,44.4036,Ammonia (NH3),19152.0,485.1058054678555,0,0,1,0,0,0,0,0
2023,3(a),13.7821,44.077,Nitrogen oxides (NOX),152938.2,263.3982981708442,0,0,0,1,0,0,0,0
2023,9(c),9.7139,45.0506,Non-methane volatile organic compounds (NMVOC),820300.0,415.77642007803644,0,0,0,0,1,0,0,0
2021,7(a),10.573055,44.998333,Ammonia (NH3),51125.0,377.573565377842,0,0,1,0,0,0,0,0
2024,1(c),14.4718,41.1692,Methane (CH4),144502.0,183.53637909394885,0,1,0,0,0,0,0,0
2022,7(a),7.7847,44.5853,Ammonia (NH3),14241.0,484.23863177920754,0,0,1,0,0,0,0,0
2023,5(d),7.5864,45.1026,Methane (CH4),179000.0,532.1883745219691,0,0,0,0,0,0,0,1
2022,3(c),12.5467,43.3636,Ammonia (NH3),11241.0,162.48565083014304,0,0,0,1,0,0,0,0
2023,5(d),12.2057,44.4833,Methane (CH4),1322561.5,287.90402456135735,0,0,0,0,0,0,0,1
2021,1(c),11.2511,45.0297,Nitrogen oxides (NOX),218542.0,361.9154505330853,0,1,0,0,0,0,0,0
2023,7(a),12.2745,44.4085,Ammonia (NH3),36773.0,279.201604360172,0,0,1,0,0,0,0,0
2022,9(a),9.0561,45.5906,Tetrachloroethylene,17752.9148,494.3815894496035,0,0,0,0,1,0,0,0
2021,7(a),11.6324,45.1339,Ammonia (NH3),22740.0,365.9675173297671,0,0,1,0,0,0,0,0
2021,3(c),14.725278,36.903056,Nitrogen oxides (NOX),382900.0,587.9442813117303,0,0,0,1,0,0,0,0
2021,7(a),9.4197,45.3972,Ammonia (NH3),24530.0,460.62799537158656,0,0,1,0,0,0,0,0
2023,7(a)(ii),8.9644,45.0942,Ammonia (NH3),12345.0,454.97684420220054,0,0,1,0,0,0,0,0
2024,5(d),11.2744,44.865,Methane (CH4),182720.3,343.855056212171,0,0,0,0,0,0,0,1
2021,7(a),10.6092,45.0825,Methane (CH4),108860.0,384.9183468340593,0,0,1,0,0,0,0,0
2022,4(a),9.6875,45.1492,"1,2-dichloroethane (DCE-1,2)",1794.0,426.07325387772653,1,0,0,0,0,0,0,0
2023,5(b),10.2114,45.5119,Chlorine and inorganic compounds (as HCl),10194.3,441.2971093995787,0,0,0,0,0,0,0,1
2024,7(a),8.8578,44.84,Ammonia (NH3),14322.0,439.4131011728711,0,0,1,0,0,0,0,0
2023,7(a),9.9484,45.3575,Ammonia (NH3),34682.0,435.398184231251,0,0,1,0,0,0,0,0
2024,4(e),10.9281,44.5389,Nitrogen oxides (NOX),204502.0,319.465402167239,1,0,0,0,0,0,0,0
2021,7(a),10.6253,44.9431,Ammonia (NH3),14631.0,370.27362716609315,0,0,1,0,0,0,0,0
2024,7(a),9.8353,45.4525,Ammonia (NH3),81770.0,448.92643101605097,0,0,1,0,0,0,0,0
2022,1(c),14.301,40.834,Carbon dioxide (CO2),510976817.9,191.83111993626886,0,1,0,0,0,0,0,0
2021,7(a),10.1525,45.2933,Ammonia (NH3),31230.0,421.5663200102679,0,0,1,0,0,0,0,0
2023,6(b),10.6042,43.8292,Nitrogen oxides (NOX),101580.0,263.92643707476645,0,0,0,0,0,1,0,0
2021,4(b),10.4504,43.3818,Hydro-fluorocarbons (HFCS),3238.0,234.6188042568021,1,0,0,0,0,0,0,0
2021,7(a),10.383056,45.352222,Ammonia (NH3),36715.0,419.5425737432467,0,0,1,0,0,0,0,0
2023,1(a),8.8768,45.0997,Nitrogen oxides (NOX),1705600.0,459.8924322368035,0,1,0,0,0,0,0,0
2021,7(a),8.5892,45.503,Ammonia (NH3),25544.0,508.6938510029393,0,0,1,0,0,0,0,0
2023,7(a),10.0453,45.4906,Ammonia (NH3),17739.0,444.9020251261174,0,0,1,0,0,0,0,0
2023,1(c),15.2164,37.1399,Carbon dioxide (CO2),302513000.0,578.6358064271149,0,1,0,0,0,0,0,0
2022,6(b),11.05,45.0667,Ammonia (NH3),35150.0,370.6401970890199,0,0,0,0,0,1,0,0
2024,4(b),8.7952,45.4334,Carbon dioxide (CO2),125493900.0,492.57280171328154,1,0,0,0,0,0,0,0
2021,3(a),15.8972,40.3136,Nitrogen oxides (NOX),214459.5,335.23428566249964,0,0,0,1,0,0,0,0
2023,4(e),9.3842,45.4164,Dichloromethane (DCM),9970.0,463.9409682792487,1,0,0,0,0,0,0,0
2021,7(a),10.8929,44.5012,Ammonia (NH3),13703.0,316.7987633895623,0,0,1,0,0,0,0,0
2021,7(a),13.108333,45.765389,Ammonia (NH3),14780.0,432.2918360561698,0,0,1,0,0,0,0,0
2024,7(a),12.7802,46.0838,Ammonia (NH3),26744.0,465.4590513926547,0,0,1,0,0,0,0,0
2022,3(e),14.75,42.066667,Nitrogen oxides (NOX),292652.0,187.1520362527261,0,0,0,1,0,0,0,0
2021,5(d),10.7585,46.0384,Methane (CH4),117900.0,480.39494669468775,0,0,0,0,0,0,0,1
2024,2(b),10.3894,45.6392,Arsenic and compounds (as As),47.212,448.5499430851952,0,0,0,0,0,0,1,0
2022,9(c),9.4614,45.685,Non-methane volatile organic compounds (NMVOC),118052.0,485.9282401989016,0,0,0,0,1,0,0,0
2023,5(b),11.9231,45.4083,Carbon dioxide (CO2),206634702.8,392.50982573499164,0,0,0,0,0,0,0,1
2023,1(c),11.7586,42.1275,Zinc and compounds (as Zn),589.9805,65.87472663400173,0,1,0,0,0,0,0,0
2024,1(a),15.219444,37.135556,Cadmium and compounds (as Cd),19.796,579.1857861069731,0,1,0,0,0,0,0,0
2024,7(a),12.343889,44.127222,Ammonia (NH3),21778.0,247.65490646377256,0,0,1,0,0,0,0,0
2023,5(d),11.005353,44.195589,Methane (CH4),323383.6,282.2583115419842,0,0,0,0,0,0,0,1
2021,1(c),12.2549,45.4458,Carbon dioxide (CO2),784975000.0,394.44153545873087,0,1,0,0,0,0,0,0
2024,7(a),12.1097,44.569,Methane (CH4),137978.0,298.11730336383556,0,0,1,0,0,0,0,0
2022,2(b),10.2008,45.6489,Nickel and compounds (as Ni),82.41,455.4495951039566,0,0,0,0,0,0,1,0
2021,7(a),9.7275,45.1633,Ammonia (NH3),21122.0,425.6902437035862,0,0,1,0,0,0,0,0
2023,1(c),7.7516,45.1622,Nitrous oxide (N2O),15506.0,526.7586534673983,0,1,0,0,0,0,0,0
2021,,12.424152,44.127412,Ammonia (NH3),61100.0,247.43526856853916,0,0,0,0,0,0,0,0
2021,7(a),10.2533,45.1203,Ammonia (NH3),15960.0,400.856858208096,0,0,1,0,0,0,0,0
2024,3(c),16.6569,40.6753,Carbon dioxide (CO2),416516000.0,373.3984326170081,0,0,0,1,0,0,0,0
2024,1(c),10.6167,44.7,Carbon dioxide (CO2),113644000.0,346.2112452441395,0,1,0,0,0,0,0,0
2023,2(b),17.1999,40.5167,Mercury and compounds (as Hg),26.42,422.49503361756746,0,0,0,0,0,0,1,0
2022,1(c),8.9733,45.0286,Nitrogen oxides (NOX),274455.1,448.95765443327025,0,1,0,0,0,0,0,0
2022,3(c),12.7394,46.1778,Carbon monoxide (CO),850700.0,475.75427963107893,0,0,0,1,0,0,0,0
2024,1(a),15.1825,37.1791,Hydro-fluorocarbons (HFCS),144.0,573.451982183205,0,1,0,0,0,0,0,0
2021,3(c),,,Carbon dioxide (CO2),342306000.0,,0,0,0,1,0,0,0,0
2023,7(a),10.235056,45.207861,Ammonia (NH3),17640.0,410.16037177929945,0,0,1,0,0,0,0,0
2022,8(b),7.7484,45.1225,Nitrogen oxides (NOX),133457.0,524.014765105062,0,0,0,0,0,0,0,0
2024,7(a),10.3362,44.6492,Ammonia (NH3),10763.0,351.8823234639824,0,0,1,0,0,0,0,0
2021,5(d),8.978056,40.571111,Methane (CH4),2326800.0,329.3217479871604,0,0,0,0,0,0,0,1
2023,7(a),10.5289,44.9625,Ammonia (NH3),34827.0,375.45784981561826,0,0,1,0,0,0,0,0
2024,7(a),11.115278,45.288333,Ammonia (NH3),14697.0,392.523043555108,0,0,1,0,0,0,0,0
2022,5(b),11.9231,45.4083,Carbon dioxide (CO2),195232683.0,392.50982573499164,0,0,0,0,0,0,0,1
2022,3(c),10.8333,45.5792,Nitrogen oxides (NOX),204208.0,430.048733792792,0,0,0,1,0,0,0,0
2022,7(a),10.5275,45.2553,Ammonia (NH3),33248.0,405.08217932930353,0,0,1,0,0,0,0,0
2022,1(a),15.219444,37.135556,Chromium and compounds (as Cr),228.91,579.1857861069731,0,1,0,0,0,0,0,0
2024,7(a),10.2625,45.3533,Ammonia (NH3),43375.0,423.67236642882324,0,0,1,0,0,0,0,0
2024,7(a),9.9336,45.1333,Ammonia (NH3),18780.0,414.3595350358576,0,0,1,0,0,0,0,0
2024,7(a),10.3634,45.4661,Ammonia (NH3),12930.0,431.70821729253737,0,0,1,0,0,0,0,0
2023,5(d),15.651806,41.448994,Methane (CH4),108000.0,266.86471905427936,0,0,0,0,0,0,0,1
2023,7(a),7.583889,44.564444,Ammonia (NH3),13436.0,495.81162041109815,0,0,1,0,0,0,0,0
2022,7(a),12.0817,44.1206,Ammonia (NH3),20382.0,248.90150235876683,0,0,1,0,0,0,0,0
2024,7(a),9.7261,45.1333,Ammonia (NH3),14131.0,422.94273187995987,0,0,1,0,0,0,0,0
2022,7(a),12.128867,44.190475,Ammonia (NH3),21370.0,256.1242817971926,0,0,1,0,0,0,0,0
2023,7(a),9.94983509789,44.9408876484,Ammonia (NH3),17940.0,395.450551392287,0,0,1,0,0,0,0,0
2023,1(c),8.739,45.5212,Carbon dioxide (CO2),954808000.0,502.9487066098593,0,1,0,0,0,0,0,0
2021,7(a),11.89402,44.60484,Ammonia (NH3),27260.0,304.3852545470102,0,0,1,0,0,0,0,0
2021,7(a),12.1786,45.585,Ammonia (NH3),19030.0,410.2360563579321,0,0,1,0,0,0,0,0
2024,5(d),7.7302,45.4185,Methane (CH4),156646.0,547.3695713291485,0,0,0,0,0,0,0,1
2024,7(a),10.6617,45.2514,Ammonia (NH3),10266.0,400.5766031956757,0,0,1,0,0,0,0,0
2022,7(a),10.4747,45.0525,Nitrogen oxides (NOX),176685.0,386.3232975866797,0,0,1,0,0,0,0,0
2023,5(d),8.4172,44.27,Methane (CH4),116000.0,423.0171529705838,0,0,0,0,0,0,0,1
2022,1(c),15.2022,37.1291,Carbon dioxide (CO2),1915412000.0,579.2538732559473,0,1,0,0,0,0,0,0
2024,7(a),10.2033,45.0994,Ammonia (NH3),16320.0,400.6424613618816,0,0,1,0,0,0,0,0
2021,7(a)(i),9.5614,45.6436,Ammonia (NH3),14990.0,477.9910913847425,0,0,1,0,0,0,0,0
2024,4(e),9.3747,45.4044,Dichloromethane (DCM),15678.0,463.2452754182313,1,0,0,0,0,0,0,0
2021,3(e),9.093056,45.429722,Nitrogen oxides (NOX),212720.0,478.16514829891844,0,0,0,1,0,0,0,0
2021,7(a),10.3828,45.4119,Ammonia (NH3),13137.0,425.5909066542994,0,0,1,0,0,0,0,0
2023,7(a),13.8574,42.5876,Ammonia (NH3),12970.0,135.4558229226069,0,0,1,0,0,0,0,0
2024,7(a),11.227333,45.3805,Ammonia (NH3),44253.0,399.94402782186154,0,0,1,0,0,0,0,0
2024,7(a),10.8747,45.0375,Ammonia (NH3),11335.0,372.2982530102093,0,0,1,0,0,0,0,0
2021,2(e),13.0167,43.7917,Chlorine and inorganic compounds (as HCl),10913.0,214.2750579431643,0,0,0,0,0,0,1,0
2024,3(c),14.0658,41.4456,Nitrogen oxides (NOX),1223600.0,139.90801467376932,0,0,0,1,0,0,0,0
2023,7(a)(i),12.2172,44.253,Ammonia (NH3),20181.0,262.31183231452013,0,0,1,0,0,0,0,0
2024,7(a),7.813888,45.358888,Ammonia (NH3),13634.0,538.0642652376542,0,0,1,0,0,0,0,0
2024,1(a),17.193,40.4892,Non-methane volatile organic compounds (NMVOC),380589.0,423.1599159692294,0,1,0,0,0,0,0,0
2023,7(a)(ii),9.98177,45.4412,Ammonia (NH3),12170.0,442.3306561424294,0,0,1,0,0,0,0,0
2021,3(e),13.2324,45.7701,Sulphur oxides (SOX),231000.0,434.0513576127998,0,0,0,1,0,0,0,0
2024,5(a),14.322,41.626,Hydrochlorofluorocarbons (HCFCs),98.6619,154.5071221193467,0,0,0,0,0,0,0,1
2021,7(a),10.9861,45.0939,Ammonia (NH3),28834.0,375.1439921961907,0,0,1,0,0,0,0,0
2021,7(a),12.2123,44.9979,Ammonia (NH3),13930.0,344.92200432794266,0,0,1,0,0,0,0,0
2023,3(e),8.3089,44.4447,Cadmium and compounds (as Cd),13.6,441.7092860060149,0,0,0,1,0,0,0,0
2024,7(a),7.679559,44.812287,Ammonia (NH3),12867.0,506.12321785393465,0,0,1,0,0,0,0,0
2023,9(c),14.4505,42.1459,Non-methane volatile organic compounds (NMVOC),689678.0,163.65709695868992,0,0,0,0,1,0,0,0
2022,1(c),12.6308,41.5494,Nitrogen oxides (NOX),152565.3,40.84851703727441,0,1,0,0,0,0,0,0
2022,3(c),14.725278,36.903056,Ammonia (NH3),31100.0,587.9442813117303,0,0,0,1,0,0,0,0
2021,7(a),11.899281,45.684858,Ammonia (NH3),28630.0,423.2641518326679,0,0,1,0,0,0,0,0
2024,7(a),9.7003,45.3219,Ammonia (NH3),12418.0,441.76292334580654,0,0,1,0,0,0,0,0
2022,7(a)(ii),9.65,45.2335,Ammonia (NH3),26047.0,435.5390706361366,0,0,1,0,0,0,0,0
2023,7(a)(i),14.5597,42.0419,Ammonia (NH3),10850.0,171.26824689480443,0,0,1,0,0,0,0,0
2021,1(c),11.2511,45.0297,Sulphur hexafluoride (SF6),172.5,361.9154505330853,0,1,0,0,0,0,0,0
2021,3(e),11.1286,46.2311,Nitrogen oxides (NOX),118400.0,493.513944710732,0,0,0,1,0,0,0,0
2024,1(c),8.9992,39.2282,Carbon dioxide (CO2),1122009900.0,419.1101676815729,0,1,0,0,0,0,0,0
2021,7(a),9.8191,45.3275,Ammonia (NH3),43230.0,437.5097086210525,0,0,1,0,0,0,0,0
2021,7(a),9.9214,45.4117,Ammonia (NH3),10337.0,441.6930554046909,0,0,1,0,0,0,0,0
2024,7(a),12.8175,45.92,Ammonia (NH3),21947.0,447.43108587806955,0,0,1,0,0,0,0,0
2023,5(f),11.375,45.4447,Sulphur oxides (SOX),1137000.0,404.0238296793301,0,0,0,0,0,0,0,1
2021,5(b),14.1103,41.5136,Carbon dioxide (CO2),139591104.0,140.78649673602848,0,0,0,0,0,0,0,1
2024,7(a),10.4043,44.9224,Ammonia (NH3),16642.0,375.85751841911633,0,0,1,0,0,0,0,0
2024,4(e),13.2664,45.8193,Hydro-fluorocarbons (HFCS),168.8,439.8423537564886,1,0,0,0,0,0,0,0
2022,7(a),10.6039,45.3069,Ammonia (NH3),14500.0,408.00680589698726,0,0,1,0,0,0,0,0
2022,7(a),9.9097,45.2067,Ammonia (NH3),63340.0,422.33686367590235,0,0,1,0,0,0,0,0
2023,3(c),10.3316,45.4594,Nitrogen oxides (NOX),146206.6,432.0511865711123,0,0,0,1,0,0,0,0
2022,1(a),8.8768,45.0997,Benzene,2707.85,459.8924322368035,0,1,0,0,0,0,0,0
2023,1(c),15.2022,37.1291,Hydro-fluorocarbons (HFCS),120.0,579.2538732559473,0,1,0,0,0,0,0,0
2024,1(c),14.1129,41.1774,Nitrogen oxides (NOX),208500.0,156.8614940772323,0,1,0,0,0,0,0,0
2021,2(e),8.4079,39.2091,Zinc and compounds (as Zn),738.4448,457.08909962129064,0,0,0,0,0,0,1,0
2024,7(a),10.6447,45.0167,Ammonia (NH3),75158.0,377.0997250833265,0,0,1,0,0,0,0,0
2021,2(d),10.1126,45.516,Benzene,3585.7,445.0650349334965,0,0,0,0,0,0,1,0
2024,3(c),12.259722,45.815833,Nitrogen oxides (NOX),259438.0,435.5224044699912,0,0,0,1,0,0,0,0
2023,2(b),10.2008,45.6489,Arsenic and compounds (as As),22.2659,455.4495951039566,0,0,0,0,0,0,1,0
2023,7(a),10.8428,45.5395,Ammonia (NH3),19130.0,425.63047931802157,0,0,1,0,0,0,0,0
2024,7(a),10.0453,45.4906,Ammonia (NH3),16190.0,444.9020251261174,0,0,1,0,0,0,0,0
2021,2(a),10.2269,45.5333,Carbon monoxide (CO),1012461.0,442.934350852115,0,0,0,0,0,0,1,0
2022,7(a),9.426111,46.24,Ammonia (NH3),11090.0,540.9604052061953,0,0,1,0,0,0,0,0
2024,8(c),9.0683,45.3311,Hydro-fluorocarbons (HFCS),440.0,470.51384022615565,0,0,0,0,0,0,0,0
2021,7(a)(ii),10.331667,44.849722,Ammonia (NH3),14117.0,371.4304558959567,0,0,1,0,0,0,0,0
2023,7(a),9.9859,45.4303,Ammonia (NH3),24704.0,441.10970206560324,0,0,1,0,0,0,0,0
2024,1(c),8.8666,45.1002,Nitrogen oxides (NOX),749770.0,460.4565851575858,0,1,0,0,0,0,0,0
2024,3(c),,,Ammonia (NH3),51100.0,,0,0,0,1,0,0,0,0
2024,3(c),9.7186,45.0497,Mercury and compounds (as Hg),11.713,415.4886311061949,0,0,0,1,0,0,0,0
2022,5(d),8.508611,45.553056,Methane (CH4),112060.5,516.9837570926369,0,0,0,0,0,0,0,1
2023,8(b),11.201944,45.24368,Non-methane volatile organic compounds (NMVOC),228656.0,385.83280619241486,0,0,0,0,0,0,0,0
2024,1(c),,,Carbon dioxide (CO2),128966000.0,,0,1,0,0,0,0,0,0
2024,5(d),8.85,44.4666,Methane (CH4),2628598.0,410.6203623249786,0,0,0,0,0,0,0,1
2024,7(a),10.6608,45.1567,Ammonia (NH3),10039.0,390.88086462677165,0,0,1,0,0,0,0,0
2024,7(a),10.2797,45.4008,Ammonia (NH3),28511.0,427.85244269560184,0,0,1,0,0,0,0,0
2021,7(a),9.8467,45.235,Ammonia (NH3),62410.0,427.56048759605676,0,0,1,0,0,0,0,0
2023,7(a),10.6253,44.9431,Ammonia (NH3),15130.0,370.27362716609315,0,0,1,0,0,0,0,0
2023,7(a),12.3957,43.1373,Methane (CH4),112200.0,137.51796750832895,0,0,1,0,0,0,0,0
2021,8(b),7.8483,44.9519,Hydro-fluorocarbons (HFCS),270.0,505.6529134018682,0,0,0,0,0,0,0,0
2022,2(e),9.3242,45.5611,Lead and compounds (as Pb),241.56,479.9435168749245,0,0,0,0,0,0,1,0
